ns,title,source_category,pageid,page_length,wikidata_qid,wikipedia_url,n_chars,n_citations,n_refs,census_years_str,infobox_wikitext,infobox_fields,n_fields,infobox_values,name,image_skyline,settlement_type,image_flag,image_seal,image_map,map_caption,pushpin_map,pushpin_label_position,pushpin_map_caption,subdivision_type,subdivision_name,subdivision_type1,subdivision_name1,leader_title,leader_name,established_title,established_date,founder,population_total,population_as_of,population_footnotes,area_total_km2,area_footnotes,elevation_m,population_demonym,timezone,website,translit_lang1_info1,population_urban,population_rural,official_name,other_name,native_name,nickname,motto,imagesize,image_caption,flag_size,seal_size,image_shield,shield_size,image_blank_emblem,blank_emblem_type,blank_emblem_size,mapsize,image_map1,mapsize1,map_caption1,image_dot_map,dot_mapsize,dot_map_caption,dot_x,dot_y,subdivision_type2,subdivision_name2,seat_type,seat,government_footnotes,government_type,leader_title1,leader_name1,leader_title2,leader_name2,leader_title3,leader_name3,leader_title4,leader_name4,established_title2,established_date2,established_title3,established_date3,area_magnitude,unit_pref,area_land_km2,area_water_km2,area_total_sq_mi,area_land_sq_mi,area_water_sq_mi,area_water_percent,area_urban_km2,area_urban_sq_mi,area_metro_km2,area_metro_sq_mi,area_blank1_title,area_blank1_km2,area_blank1_sq_mi,population_note,population_density_km2,population_density_sq_mi,population_metro,population_density_metro_km2,population_density_metro_sq_mi,population_density_urban_km2,population_density_urban_sq_mi,population_blank1_title,population_blank1,population_blank2_title,population_blank2,population_density_blank1_km2,population_density_blank1_sq_mi,utc_offset,timezone_dst,utc_offset_dst,coordinates,elevation_footnotes,elevation_ft,postal_code_type,postal_code,area_code,blank_name,blank_info,blank1_name,blank1_info,footnotes,image_alt,native_name_lang,timezone1,utc_offset1,subdivision_type4,subdivision_name4,image_xfhnjfnxdg_seaskyline,image_fmfmvmcaption,area_blank1_championship,population_concentration_metro_km2,universe_density_urban_sq_mi,top_footnotes,demographics_type1,demographics1_title1,demographics1_info1,pushpin_mapsize,subdivision_type3,subdivision_name3,size,pushpin_relief,population_rank,demographics1_footnotes,demographics1_title2,demographics1_info2,demographics1_title3,demographics1_info3,latd,latm,lats,latns,longd,longm,longs,longew
0,Municipalities of Bolivia,Category:Municipalities_of_Bolivia,7886077,15073,Q1062710,https://en.wikipedia.org/wiki/Municipalities_of_Bolivia,15004,4,10,,NA,,0,,NA,NA,NA,NA,NA,NA,NA,NA,NA,NA,NA,NA,NA,NA,NA,NA,NA,NA,NA,NA,NA,NA,NA,NA,NA,NA,NA,NA,NA,NA,NA,NA,NA,NA,NA,NA,NA,NA,NA,NA,NA,NA,NA,NA,NA,NA,NA,NA,NA,NA,NA,NA,NA,NA,NA,NA,NA,NA,NA,NA,NA,NA,NA,NA,NA,NA,NA,NA,NA,NA,NA,NA,NA,NA,NA,NA,NA,NA,NA,NA,NA,NA,NA,NA,NA,NA,NA,NA,NA,NA,NA,NA,NA,NA,NA,NA,NA,NA,NA,NA,NA,NA,NA,NA,NA,NA,NA,NA,NA,NA,NA,NA,NA,NA,NA,NA,NA,NA,NA,NA,NA,NA,NA,NA,NA,NA,NA,NA,NA,NA,NA,NA,NA,NA,NA,NA,NA,NA,NA,NA,NA,NA,NA,NA,NA,NA,NA,NA,NA
0,Ckochas,Category:Municipalities_of_Bolivia,81282193,5164,Q1147210,https://en.wikipedia.org/wiki/Ckochas,5145,5,5,"2012, 2024","{{Infobox settlement 
| name               = Ckochas
| image_skyline = 51103_Ckochas_Municipio.png
| settlement_type    = [[Municipalities of Bolivia|Municipality]]
| image_flag         = 
| image_seal         = 
| image_map          = 
| map_caption        = 
| pushpin_map        = Bolivia
| pushpin_label_position = 
| pushpin_map_caption = Location in Bolivia
| subdivision_type   = [[Departments of Bolivia|Department]]
| subdivision_name   = {{BOL|P}}
| subdivision_type1  = [[Provinces of Bolivia|Province]]
| subdivision_name1  = Linares Province
| leader_title       = [[Mayor]]
| leader_name        = Luis Condori Castillo
| established_title  = 
| established_date   = 
| founder            = 
| population_total   = 14338
| population_as_of   = 2024
| population_footnotes = 
| area_total_km2     = 2040.2
| area_footnotes     = 
| elevation_m        = 
| population_demonym = Ckocheño -a
| timezone           = [[UTC−4]]
| website            = 
| translit_lang1_info1 = [[Spanish language|Spanish]] and [[Southern Quechua|Quechua]]
| population_urban   = 
| population_rural   = 
}}",,17,,Ckochas,51103_Ckochas_Municipio.png,Municipality,NA,NA,NA,NA,Bolivia,NA,Location in Bolivia,Department,NA,Province,Linares Province,Mayor,Luis Condori Castillo,NA,NA,NA,14338,2024,NA,2040.2,NA,NA,Ckocheño -a,UTC−4,NA,Spanish and Quechua,NA,NA,NA,NA,NA,NA,NA,NA,NA,NA,NA,NA,NA,NA,NA,NA,NA,NA,NA,NA,NA,NA,NA,NA,NA,NA,NA,NA,NA,NA,NA,NA,NA,NA,NA,NA,NA,NA,NA,NA,NA,NA,NA,NA,NA,NA,NA,NA,NA,NA,NA,NA,NA,NA,NA,NA,NA,NA,NA,NA,NA,NA,NA,NA,NA,NA,NA,NA,NA,NA,NA,NA,NA,NA,NA,NA,NA,NA,NA,NA,NA,NA,NA,NA,NA,NA,NA,NA,NA,NA,NA,NA,NA,NA,NA,NA,NA,NA,NA,NA,NA,NA,NA,NA,NA,NA,NA,NA,NA,NA,NA,NA,NA,NA,NA,NA,NA,NA,NA,NA
0,Baures Municipality,Category:Municipalities of Beni Department,24862590,6699,Q1814580,https://en.wikipedia.org/wiki/Baures_Municipality,6611,1,2,2012,"{{Infobox settlement
<!--See the Table at Infobox Settlement for all fields and descriptions of usage-->
<!-- Basic info  ---------------->| official_name      = Baures Municipality
| other_name         = 
| native_name        = 
| nickname           = 
| settlement_type    = Municipality
| motto              = <!-- images and maps  ----------->
| image_skyline      = 
| imagesize          = 
| image_caption      = 
| image_flag         = 
| flag_size          = 
| image_seal         = 
| seal_size          = 
| image_shield       = 
| shield_size        = 
| image_blank_emblem = 
| blank_emblem_type  = 
| blank_emblem_size  = 
| image_map          = 
| mapsize            = 
| map_caption        = 
| image_map1         = 
| mapsize1           = 
| map_caption1       = 
| image_dot_map      = 
| dot_mapsize        = 
| dot_map_caption    = 
| dot_x              = 
| dot_y              = 
| pushpin_map        = <!-- the name of a location map as per http://en.wikipedia.org/wiki/Template:Location_map -->
| pushpin_label_position = bottom
| pushpin_map_caption = Location within Bolivia
<!-- Location ------------------>| subdivision_type   = Country
| subdivision_name   = {{flag|Bolivia}}
| subdivision_type1  = [[Departments of Bolivia|Department]]
| subdivision_name1  = [[Beni Department]]
| subdivision_type2  = [[Provinces of Bolivia|Province]]
| subdivision_name2  = [[Iténez Province]]
<!-- Smaller parts (e.g. boroughs of a city) and seat of government -->| seat_type          = Seat
| seat               = <!-- Politics ----------------->
| government_footnotes = 
| government_type    = 
| leader_title       = Mayor
| leader_name        = 
| leader_title1      = President<!-- for places with, say, both a mayor and a city manager -->
| leader_name1       = 
| leader_title2      = 
| leader_name2       = 
| leader_title3      = 
| leader_name3       = 
| leader_title4      = 
| leader_name4       = 
| established_title  = Foundation<!-- Settled -->
| established_date   = 
| established_title2 = <!-- Incorporated (town) -->
| established_date2  = 
| established_title3 = <!-- Incorporated (city) -->
| established_date3  = <!-- Area    --------------------->
| area_magnitude     = 
| unit_pref          = Imperial <!--Enter: Imperial, if Imperial (metric) is desired-->
| area_footnotes     = 
| area_total_km2     = <!-- ALL fields dealing with a measurements are subject to automatic unit conversion-->
| area_land_km2      = <!--See table @ Template:Infobox Settlement for details on automatic unit conversion-->
| area_water_km2     = 
| area_total_sq_mi   = 
| area_land_sq_mi    = 
| area_water_sq_mi   = 
| area_water_percent = 
| area_urban_km2     = 
| area_urban_sq_mi   = 
| area_metro_km2     = 
| area_metro_sq_mi   = 
| area_blank1_title  = 
| area_blank1_km2    = 
| area_blank1_sq_mi  = <!-- Population   ----------------------->
| population_as_of   = 2012
| population_footnotes = 
| population_note    = 
| population_total   = 5965
| population_density_km2 = 
| population_density_sq_mi = 
| population_metro   = 
| population_density_metro_km2 = 
| population_density_metro_sq_mi = 
| population_urban   = 
| population_density_urban_km2 = 
| population_density_urban_sq_mi = 
| population_blank1_title = Ethnicities
| population_blank1  = 
| population_blank2_title = Religions
| population_blank2  = 
| population_density_blank1_km2 = 
| population_density_blank1_sq_mi = <!-- General information  --------------->
| timezone           = BOT
| utc_offset         = -4
| timezone_DST       = 
| utc_offset_DST     = 
| coordinates        = 
| elevation_footnotes = <!--for references: use <ref> </ref> tags-->
| elevation_m        = 
| elevation_ft       = <!-- Area/postal codes & others -------->
| postal_code_type   = <!-- enter ZIP code, Postcode, Post code, Postal code... -->
| postal_code        = 
| area_code          = 
| blank_name         = 
| blank_info         = 
| blank1_name        = 
| blank1_info        = 
| website            = 
| footnotes          = 
}}",,21,,NA,NA,Municipality,NA,NA,NA,NA,NA,bottom,Location within Bolivia,Country,Bolivia,Department,Beni Department,Mayor,NA,Foundation,NA,NA,5965,2012,NA,NA,NA,NA,NA,BOT,NA,NA,NA,NA,Baures Municipality,NA,NA,NA,NA,NA,NA,NA,NA,NA,NA,NA,NA,NA,NA,NA,NA,NA,NA,NA,NA,NA,NA,Province,Iténez Province,Seat,NA,NA,NA,President,NA,NA,NA,NA,NA,NA,NA,NA,NA,NA,NA,NA,Imperial,NA,NA,NA,NA,NA,NA,NA,NA,NA,NA,NA,NA,NA,NA,NA,NA,NA,NA,NA,NA,NA,Ethnicities,NA,Religions,NA,NA,NA,-4,NA,NA,NA,NA,NA,NA,NA,NA,NA,NA,NA,NA,NA,NA,NA,NA,NA,NA,NA,NA,NA,NA,NA,NA,NA,NA,NA,NA,NA,NA,NA,NA,NA,NA,NA,NA,NA,NA,NA,NA,NA,NA,NA,NA,NA,NA,NA
0,Exaltación Municipality,Category:Municipalities of Beni Department,24862603,4980,Q1814613,https://en.wikipedia.org/wiki/Exaltación_Municipality,4887,0,1,2010,"{{Infobox settlement
<!--See the Table at Infobox Settlement for all fields and descriptions of usage-->
<!-- Basic info  ---------------->
|official_name          = Exaltación Municipality
|other_name             =
|native_name            = 
|nickname               = 
|settlement_type        = Municipality 
|motto                  =
<!-- images and maps  ----------->
|image_skyline          =
|imagesize              = 
|image_caption          =  
|image_flag             = 
|flag_size              =
|image_seal             = 
|seal_size              =
|image_shield           = 
|shield_size            =
|image_blank_emblem     =
|blank_emblem_type      =
|blank_emblem_size      =
|image_map              = 
|mapsize                = 
|map_caption            = 
|image_map1             = 
|mapsize1               = 
|map_caption1           = 
|image_dot_map          =
|dot_mapsize            =
|dot_map_caption        =
|dot_x =  |dot_y =
|pushpin_map            =<!-- the name of a location map as per http://en.wikipedia.org/wiki/Template:Location_map -->
|pushpin_label_position =bottom
|pushpin_map_caption    =Location within Bolivia
<!-- Location ------------------>
|subdivision_type       = Country
|subdivision_name       ={{flag|Bolivia}}
|subdivision_type1      = [[Departments of Bolivia|Department]]
|subdivision_name1      = [[Beni Department]]
|subdivision_type2      = [[Provinces of Bolivia|Province]]
|subdivision_name2      = [[Yacuma Province]]
<!-- Smaller parts (e.g. boroughs of a city) and seat of government -->
|seat_type              = Seat
|seat                   =
<!-- Politics ----------------->
|government_footnotes   =
|government_type        = 
|leader_title           = Mayor
|leader_name            = 
|leader_title1          =President<!-- for places with, say, both a mayor and a city manager -->
|leader_name1           =
|leader_title2          = 
|leader_name2           = 
|leader_title3          =
|leader_name3           =
|leader_title4          =
|leader_name4           =
|established_title      = Foundation<!-- Settled -->
|established_date       = 
|established_title2     =  <!-- Incorporated (town) -->
|established_date2      = 
|established_title3     =  <!-- Incorporated (city) -->
|established_date3      =
<!-- Area    --------------------->
|area_magnitude         = 
|unit_pref                =Imperial <!--Enter: Imperial, if Imperial (metric) is desired-->
|area_footnotes           =
|area_total_km2           =<!-- ALL fields dealing with a measurements are subject to automatic unit conversion-->
|area_land_km2            = <!--See table @ Template:Infobox Settlement for details on automatic unit conversion-->
|area_water_km2           =
|area_total_sq_mi         =
|area_land_sq_mi          =
|area_water_sq_mi         =
|area_water_percent       =
|area_urban_km2           =
|area_urban_sq_mi         =
|area_metro_km2           =
|area_metro_sq_mi         =
|area_blank1_title        =
|area_blank1_km2          =
|area_blank1_sq_mi        =
<!-- Population   ----------------------->
|population_as_of               = 2010
|population_footnotes           =
|population_note                =
|population_total               = 13181
|population_density_km2         =
|population_density_sq_mi       =
|population_metro               =
|population_density_metro_km2   =
|population_density_metro_sq_mi =
|population_urban               =
|population_density_urban_km2   =
|population_density_urban_sq_mi =
|population_blank1_title        =Ethnicities
|population_blank1              =
|population_blank2_title        =Religions
|population_blank2              =
|population_density_blank1_km2 =   
|population_density_blank1_sq_mi =
<!-- General information  --------------->
|timezone               = BOT
|utc_offset             = -4
|timezone_DST           = 
|utc_offset_DST         = 
|coordinates            = 
|elevation_footnotes    =  <!--for references: use <ref> </ref> tags-->
|elevation_m            =
|elevation_ft           =
<!-- Area/postal codes & others -------->
|postal_code_type       =  <!-- enter ZIP code, Postcode, Post code, Postal code... -->
|postal_code            =
|area_code              =
|blank_name             =
|blank_info             =
|blank1_name            =
|blank1_info            =
|website                = 
|footnotes              = 
}}",,21,,NA,NA,Municipality,NA,NA,NA,NA,NA,bottom,Location within Bolivia,Country,Bolivia,Department,Beni Department,Mayor,NA,Foundation,NA,NA,13181,2010,NA,NA,NA,NA,NA,BOT,NA,NA,NA,NA,Exaltación Municipality,NA,NA,NA,NA,NA,NA,NA,NA,NA,NA,NA,NA,NA,NA,NA,NA,NA,NA,NA,NA,NA,NA,Province,Yacuma Province,Seat,NA,NA,NA,President,NA,NA,NA,NA,NA,NA,NA,NA,NA,NA,NA,NA,Imperial,NA,NA,NA,NA,NA,NA,NA,NA,NA,NA,NA,NA,NA,NA,NA,NA,NA,NA,NA,NA,NA,Ethnicities,NA,Religions,NA,NA,NA,-4,NA,NA,NA,NA,NA,NA,NA,NA,NA,NA,NA,NA,NA,NA,NA,NA,NA,NA,NA,NA,NA,NA,NA,NA,NA,NA,NA,NA,NA,NA,NA,NA,NA,NA,NA,NA,NA,NA,NA,NA,NA,NA,NA,NA,NA,NA,NA
0,Guayaramerín Municipality,Category:Municipalities of Beni Department,24862605,5013,Q1487963,https://en.wikipedia.org/wiki/Guayaramerín_Municipality,5008,0,1,2001,"{{Infobox settlement
<!--See the Table at Infobox Settlement for all fields and descriptions of usage-->
<!-- Basic info  ---------------->
|official_name          = Guayaramerín Municipality
|image_alt = Guayaramerín Port
|other_name             =
|native_name            = 
|nickname               = 
|settlement_type        = Municipality 
|motto                  =
<!-- images and maps  ----------->
|image_skyline          =Guayaramerín_Port.jpg
|imagesize              = 
|image_caption          = Cachuela Esperanza and Beni River
|image_flag             = 
|flag_size              =
|image_seal             = 
|seal_size              =
|image_shield           = 
|shield_size            =
|image_blank_emblem     =
|blank_emblem_type      =
|blank_emblem_size      =
|image_map              = 
|mapsize                = 
|map_caption            = 
|image_map1             = 
|mapsize1               = 
|map_caption1           = 
|image_dot_map          =
|dot_mapsize            =
|dot_map_caption        =
|dot_x =  |dot_y =
|pushpin_map            =Bolivia<!-- the name of a location map as per http://en.wikipedia.org/wiki/Template:Location_map -->
|pushpin_label_position =bottom
|pushpin_map_caption    =Location within Bolivia
<!-- Location ------------------>
|subdivision_type       = Country
|subdivision_name       ={{flag|Bolivia}}
|subdivision_type1      = [[Departments of Bolivia|Department]]
|subdivision_name1      = [[Beni Department]]
|subdivision_type2      = [[Provinces of Bolivia|Province]]
|subdivision_name2      = 
<!-- Smaller parts (e.g. boroughs of a city) and seat of government -->
|seat_type              = Seat
|seat                   =
<!-- Politics ----------------->
|government_footnotes   =
|government_type        = 
|leader_title           = Mayor
|leader_name            = 
|leader_title1          =President<!-- for places with, say, both a mayor and a city manager -->
|leader_name1           =
|leader_title2          = 
|leader_name2           = 
|leader_title3          =
|leader_name3           =
|leader_title4          =
|leader_name4           =
|established_title      = Foundation<!-- Settled -->
|established_date       = 
|established_title2     =  <!-- Incorporated (town) -->
|established_date2      = 
|established_title3     =  <!-- Incorporated (city) -->
|established_date3      =
<!-- Area    --------------------->
|area_magnitude         = 
|unit_pref                =Imperial <!--Enter: Imperial, if Imperial (metric) is desired-->
|area_footnotes           =
|area_total_km2           =<!-- ALL fields dealing with a measurements are subject to automatic unit conversion-->
|area_land_km2            = <!--See table @ Template:Infobox Settlement for details on automatic unit conversion-->
|area_water_km2           =
|area_total_sq_mi         =
|area_land_sq_mi          =
|area_water_sq_mi         =
|area_water_percent       =
|area_urban_km2           =
|area_urban_sq_mi         =
|area_metro_km2           =
|area_metro_sq_mi         =
|area_blank1_title        =
|area_blank1_km2          =
|area_blank1_sq_mi        =
<!-- Population   ----------------------->
|population_as_of               = 2001
|population_footnotes           =
|population_note                =
|population_total               = 40444
|population_density_km2         =
|population_density_sq_mi       =
|population_metro               =
|population_density_metro_km2   =
|population_density_metro_sq_mi =
|population_urban               =
|population_density_urban_km2   =
|population_density_urban_sq_mi =
|population_blank1_title        =Ethnicities
|population_blank1              =
|population_blank2_title        =Religions
|population_blank2              =
|population_density_blank1_km2 =   
|population_density_blank1_sq_mi =
<!-- General information  --------------->
|timezone               = BOT
|utc_offset             = -4
|timezone_DST           = 
|utc_offset_DST         = 
|coordinates            = {{coord|11|10|S|65|30|W|display=inline}}
|elevation_footnotes    =  <!--for references: use <ref> </ref> tags-->
|elevation_m            =
|elevation_ft           =
<!-- Area/postal codes & others -------->
|postal_code_type       =  <!-- enter ZIP code, Postcode, Post code, Postal code... -->
|postal_code            =
|area_code              =
|blank_name             =
|blank_info             =
|blank1_name            =
|blank1_info            =
|website                = 
|footnotes              = 
}}",,25,,NA,Guayaramerín_Port.jpg,Municipality,NA,NA,NA,NA,Bolivia,bottom,Location within Bolivia,Country,Bolivia,Department,Beni Department,Mayor,NA,Foundation,NA,NA,40444,2001,NA,NA,NA,NA,NA,BOT,NA,NA,NA,NA,Guayaramerín Municipality,NA,NA,NA,NA,NA,Cachuela Esperanza and Beni River,NA,NA,NA,NA,NA,NA,NA,NA,NA,NA,NA,NA,NA,NA,NA,NA,Province,NA,Seat,NA,NA,NA,President,NA,NA,NA,NA,NA,NA,NA,NA,NA,NA,NA,NA,Imperial,NA,NA,NA,NA,NA,NA,NA,NA,NA,NA,NA,NA,NA,NA,NA,NA,NA,NA,NA,NA,NA,Ethnicities,NA,Religions,NA,NA,NA,-4,NA,NA,NA,NA,NA,NA,NA,NA,NA,NA,NA,NA,NA,Guayaramerín Port,NA,NA,NA,NA,NA,NA,NA,NA,NA,NA,NA,NA,NA,NA,NA,NA,NA,NA,NA,NA,NA,NA,NA,NA,NA,NA,NA,NA,NA,NA,NA,NA,NA
0,Huacaraje Municipality,Category:Municipalities of Beni Department,24862609,6756,Q1814588,https://en.wikipedia.org/wiki/Huacaraje_Municipality,6702,0,1,2001,"{{Infobox settlement
<!--See the Table at Infobox Settlement for all fields and descriptions of usage-->
<!-- Basic info  ---------------->
|official_name          = Huacaraje Municipality
|other_name             =
|native_name            = 
|nickname               = 
|settlement_type        = Municipality 
|motto                  =
<!-- images and maps  ----------->
|image_skyline          =
|imagesize              = 
|image_caption          =  
|image_flag             = 
|flag_size              =
|image_seal             = 
|seal_size              =
|image_shield           = 
|shield_size            =
|image_blank_emblem     =
|blank_emblem_type      =
|blank_emblem_size      =
|image_map              = 
|mapsize                = 
|map_caption            = 
|image_map1             = 
|mapsize1               = 
|map_caption1           = 
|image_dot_map          =
|dot_mapsize            =
|dot_map_caption        =
|dot_x =  |dot_y =
|pushpin_map            =<!-- the name of a location map as per http://en.wikipedia.org/wiki/Template:Location_map -->
|pushpin_label_position =bottom
|pushpin_map_caption    =Location within Bolivia
<!-- Location ------------------>
|subdivision_type       = Country
|subdivision_name       ={{flag|Bolivia}}
|subdivision_type1      = [[Departments of Bolivia|Department]]
|subdivision_name1      = [[Beni Department]]
|subdivision_type2      = [[Provinces of Bolivia|Province]]
|subdivision_name2      = [[Iténez Province]]
<!-- Smaller parts (e.g. boroughs of a city) and seat of government -->
|seat_type              = Seat
|seat                   =
<!-- Politics ----------------->
|government_footnotes   =
|government_type        = 
|leader_title           = Mayor
|leader_name            = 
|leader_title1          =President<!-- for places with, say, both a mayor and a city manager -->
|leader_name1           =
|leader_title2          = 
|leader_name2           = 
|leader_title3          =
|leader_name3           =
|leader_title4          =
|leader_name4           =
|established_title      = Foundation<!-- Settled -->
|established_date       = 
|established_title2     =  <!-- Incorporated (town) -->
|established_date2      = 
|established_title3     =  <!-- Incorporated (city) -->
|established_date3      =
<!-- Area    --------------------->
|area_magnitude         = 
|unit_pref                =Imperial <!--Enter: Imperial, if Imperial (metric) is desired-->
|area_footnotes           =
|area_total_km2           =<!-- ALL fields dealing with a measurements are subject to automatic unit conversion-->
|area_land_km2            = <!--See table @ Template:Infobox Settlement for details on automatic unit conversion-->
|area_water_km2           =
|area_total_sq_mi         =
|area_land_sq_mi          =
|area_water_sq_mi         =
|area_water_percent       =
|area_urban_km2           =
|area_urban_sq_mi         =
|area_metro_km2           =
|area_metro_sq_mi         =
|area_blank1_title        =
|area_blank1_km2          =
|area_blank1_sq_mi        =
<!-- Population   ----------------------->
|population_as_of               = 2001
|population_footnotes           =
|population_note                =
|population_total               = 
|population_density_km2         =
|population_density_sq_mi       =
|population_metro               =
|population_density_metro_km2   =
|population_density_metro_sq_mi =
|population_urban               =
|population_density_urban_km2   =
|population_density_urban_sq_mi =
|population_blank1_title        =Ethnicities
|population_blank1              =
|population_blank2_title        =Religions
|population_blank2              =
|population_density_blank1_km2 =   
|population_density_blank1_sq_mi =
<!-- General information  --------------->
|timezone               = BOT
|utc_offset             = -4
|timezone_DST           = 
|utc_offset_DST         = 
|coordinates            = 
|elevation_footnotes    =  <!--for references: use <ref> </ref> tags-->
|elevation_m            =
|elevation_ft           =
<!-- Area/postal codes & others -------->
|postal_code_type       =  <!-- enter ZIP code, Postcode, Post code, Postal code... -->
|postal_code            =
|area_code              =
|blank_name             =
|blank_info             =
|blank1_name            =
|blank1_info            =
|website                = 
|footnotes              = 
}}",,20,,NA,NA,Municipality,NA,NA,NA,NA,NA,bottom,Location within Bolivia,Country,Bolivia,Department,Beni Department,Mayor,NA,Foundation,NA,NA,NA,2001,NA,NA,NA,NA,NA,BOT,NA,NA,NA,NA,Huacaraje Municipality,NA,NA,NA,NA,NA,NA,NA,NA,NA,NA,NA,NA,NA,NA,NA,NA,NA,NA,NA,NA,NA,NA,Province,Iténez Province,Seat,NA,NA,NA,President,NA,NA,NA,NA,NA,NA,NA,NA,NA,NA,NA,NA,Imperial,NA,NA,NA,NA,NA,NA,NA,NA,NA,NA,NA,NA,NA,NA,NA,NA,NA,NA,NA,NA,NA,Ethnicities,NA,Religions,NA,NA,NA,-4,NA,NA,NA,NA,NA,NA,NA,NA,NA,NA,NA,NA,NA,NA,NA,NA,NA,NA,NA,NA,NA,NA,NA,NA,NA,NA,NA,NA,NA,NA,NA,NA,NA,NA,NA,NA,NA,NA,NA,NA,NA,NA,NA,NA,NA,NA,NA
0,"Loreto Municipality, Beni",Category:Municipalities of Beni Department,24862611,5101,Q1814603,"https://en.wikipedia.org/wiki/Loreto_Municipality,_Beni",5063,0,1,2010,"{{Infobox settlement
<!--See the Table at Infobox Settlement for all fields and descriptions of usage-->
<!-- Basic info  ---------------->
|official_name          = Loreto Municipality
|other_name             =
|native_name            = 
|nickname               = 
|settlement_type        = Municipality 
|motto                  =
<!-- images and maps  ----------->
|image_skyline          =
|imagesize              = 
|image_caption          =  
|image_flag             = 
|flag_size              =
|image_seal             = 
|seal_size              =
|image_shield           = 
|shield_size            =
|image_blank_emblem     =
|blank_emblem_type      =
|blank_emblem_size      =
|image_map              = 
|mapsize                = 
|map_caption            = 
|image_map1             = 
|mapsize1               = 
|map_caption1           = 
|image_dot_map          =
|dot_mapsize            =
|dot_map_caption        =
|dot_x =  |dot_y =
|pushpin_map            =Bolivia<!-- the name of a location map as per http://en.wikipedia.org/wiki/Template:Location_map -->
|pushpin_label_position =bottom
|pushpin_map_caption    =Location within Bolivia
<!-- Location ------------------>
|subdivision_type       = Country
|subdivision_name       ={{flag|Bolivia}}
|subdivision_type1      = [[Departments of Bolivia|Department]]
|subdivision_name1      = [[Beni Department]]
|subdivision_type2      = [[Provinces of Bolivia|Province]]
|subdivision_name2      = [[Marbán Province]]
<!-- Smaller parts (e.g. boroughs of a city) and seat of government -->
|seat_type              = Seat
|seat                   =[[Loreto, Beni|Loreto]]
<!-- Politics ----------------->
|government_footnotes   =
|government_type        = 
|leader_title           = 
|leader_name            = 
|leader_title1          =<!-- for places with, say, both a mayor and a city manager -->
|leader_name1           =
|leader_title2          = 
|leader_name2           = 
|leader_title3          =
|leader_name3           =
|leader_title4          =
|leader_name4           =
|established_title      = Foundation<!-- Settled -->
|established_date       = 
|established_title2     =  <!-- Incorporated (town) -->
|established_date2      = 
|established_title3     =  <!-- Incorporated (city) -->
|established_date3      =
<!-- Area    --------------------->
|area_magnitude         = 
|unit_pref                =Imperial <!--Enter: Imperial, if Imperial (metric) is desired-->
|area_footnotes           =
|area_total_km2           =6751<!-- ALL fields dealing with a measurements are subject to automatic unit conversion-->
|area_land_km2            = <!--See table @ Template:Infobox Settlement for details on automatic unit conversion-->
|area_water_km2           =
|area_total_sq_mi         =
|area_land_sq_mi          =
|area_water_sq_mi         =
|area_water_percent       =
|area_urban_km2           =
|area_urban_sq_mi         =
|area_metro_km2           =
|area_metro_sq_mi         =
|area_blank1_title        =
|area_blank1_km2          =
|area_blank1_sq_mi        =
<!-- Population   ----------------------->
|population_as_of               = 2010
|population_footnotes           =
|population_note                =
|population_total               = 3787
|population_density_km2         =
|population_density_sq_mi       =
|population_metro               =
|population_density_metro_km2   =
|population_density_metro_sq_mi =
|population_urban               =
|population_density_urban_km2   =
|population_density_urban_sq_mi =
|population_blank1_title        =Ethnicities
|population_blank1              =
|population_blank2_title        =Religions
|population_blank2              =
|population_density_blank1_km2 =   
|population_density_blank1_sq_mi =
<!-- General information  --------------->
|timezone               = BOT
|utc_offset             = -4
|timezone_DST           = 
|utc_offset_DST         = 
|coordinates            = {{coord|15|28|S|64|54|W|display=inline}}
|elevation_footnotes    =  <!--for references: use <ref> </ref> tags-->
|elevation_m            =170
|elevation_ft           =
<!-- Area/postal codes & others -------->
|postal_code_type       =  <!-- enter ZIP code, Postcode, Post code, Postal code... -->
|postal_code            =
|area_code              =
|blank_name             =
|blank_info             =
|blank1_name            =
|blank1_info            =
|website                = 
|footnotes              = 
}}",,24,,NA,NA,Municipality,NA,NA,NA,NA,Bolivia,bottom,Location within Bolivia,Country,Bolivia,Department,Beni Department,NA,NA,Foundation,NA,NA,3787,2010,NA,6751,NA,170,NA,BOT,NA,NA,NA,NA,Loreto Municipality,NA,NA,NA,NA,NA,NA,NA,NA,NA,NA,NA,NA,NA,NA,NA,NA,NA,NA,NA,NA,NA,NA,Province,Marbán Province,Seat,Loreto,NA,NA,NA,NA,NA,NA,NA,NA,NA,NA,NA,NA,NA,NA,NA,Imperial,NA,NA,NA,NA,NA,NA,NA,NA,NA,NA,NA,NA,NA,NA,NA,NA,NA,NA,NA,NA,NA,Ethnicities,NA,Religions,NA,NA,NA,-4,NA,NA,NA,NA,NA,NA,NA,NA,NA,NA,NA,NA,NA,NA,NA,NA,NA,NA,NA,NA,NA,NA,NA,NA,NA,NA,NA,NA,NA,NA,NA,NA,NA,NA,NA,NA,NA,NA,NA,NA,NA,NA,NA,NA,NA,NA,NA
0,"Magdalena Municipality, Beni",Category:Municipalities of Beni Department,24862614,5093,Q1701421,"https://en.wikipedia.org/wiki/Magdalena_Municipality,_Beni",5033,0,1,2001,"{{Infobox settlement
<!--See the Table at Infobox Settlement for all fields and descriptions of usage-->
<!-- Basic info  ---------------->
|official_name          = Magdalena Municipality
|other_name             =
|native_name            = 
|nickname               = 
|settlement_type        = Municipality 
|motto                  =
<!-- images and maps  ----------->
|image_skyline          =
|imagesize              = 
|image_caption          = Magdalena
|image_flag             = 
|flag_size              =
|image_seal             = 
|seal_size              =
|image_shield           = 
|shield_size            =
|image_blank_emblem     =
|blank_emblem_type      =
|blank_emblem_size      =
|image_map              = 
|mapsize                = 
|map_caption            = 
|image_map1             = 
|mapsize1               = 
|map_caption1           = 
|image_dot_map          =
|dot_mapsize            =
|dot_map_caption        =
|dot_x =  |dot_y =
|pushpin_map            =Bolivia<!-- the name of a location map as per http://en.wikipedia.org/wiki/Template:Location_map -->
|pushpin_label_position =bottom
|pushpin_map_caption    =Location within Bolivia
<!-- Location ------------------>
|subdivision_type       = Country
|subdivision_name       ={{flag|Bolivia}}
|subdivision_type1      = [[Departments of Bolivia|Department]]
|subdivision_name1      = [[Beni Department]]
|subdivision_type2      = [[Provinces of Bolivia|Province]]
|subdivision_name2      = [[Iténez Province]]
<!-- Smaller parts (e.g. boroughs of a city) and seat of government -->
|seat_type              = Seat
|seat                   =[[Magdalena, Beni|Magdalena]]
<!-- Politics ----------------->
|government_footnotes   =
|government_type        = 
|leader_title           =
|leader_name            = 
|leader_title1          =<!-- for places with, say, both a mayor and a city manager -->
|leader_name1           =
|leader_title2          = 
|leader_name2           = 
|leader_title3          =
|leader_name3           =
|leader_title4          =
|leader_name4           =
|established_title      = <!-- Settled -->
|established_date       = 
|established_title2     =  <!-- Incorporated (town) -->
|established_date2      = 
|established_title3     =  <!-- Incorporated (city) -->
|established_date3      =
<!-- Area    --------------------->
|area_magnitude         = 
|unit_pref                =Imperial <!--Enter: Imperial, if Imperial (metric) is desired-->
|area_footnotes           =
|area_total_km2           =<!-- ALL fields dealing with a measurements are subject to automatic unit conversion-->
|area_land_km2            = <!--See table @ Template:Infobox Settlement for details on automatic unit conversion-->
|area_water_km2           =
|area_total_sq_mi         =
|area_land_sq_mi          =
|area_water_sq_mi         =
|area_water_percent       =
|area_urban_km2           =
|area_urban_sq_mi         =
|area_metro_km2           =
|area_metro_sq_mi         =
|area_blank1_title        =
|area_blank1_km2          =
|area_blank1_sq_mi        =
<!-- Population   ----------------------->
|population_as_of               = 2001
|population_footnotes           =
|population_note                =
|population_total               = 
|population_density_km2         =
|population_density_sq_mi       =
|population_metro               =
|population_density_metro_km2   =
|population_density_metro_sq_mi =
|population_urban               =
|population_density_urban_km2   =
|population_density_urban_sq_mi =
|population_blank1_title        =Ethnicities
|population_blank1              =
|population_blank2_title        =Religions
|population_blank2              =
|population_density_blank1_km2 =   
|population_density_blank1_sq_mi =
<!-- General information  --------------->
|timezone               = BOT
|utc_offset             = -4
|timezone_DST           = 
|utc_offset_DST         = 
|coordinates            = {{coord|13|00|S|63|50|W|display=inline}}
|elevation_footnotes    =  <!--for references: use <ref> </ref> tags-->
|elevation_m            =
|elevation_ft           =
<!-- Area/postal codes & others -------->
|postal_code_type       =  <!-- enter ZIP code, Postcode, Post code, Postal code... -->
|postal_code            =
|area_code              =
|blank_name             =
|blank_info             =
|blank1_name            =
|blank1_info            =
|website                = 
|footnotes              = 
}}",,21,,NA,NA,Municipality,NA,NA,NA,NA,Bolivia,bottom,Location within Bolivia,Country,Bolivia,Department,Beni Department,NA,NA,NA,NA,NA,NA,2001,NA,NA,NA,NA,NA,BOT,NA,NA,NA,NA,Magdalena Municipality,NA,NA,NA,NA,NA,Magdalena,NA,NA,NA,NA,NA,NA,NA,NA,NA,NA,NA,NA,NA,NA,NA,NA,Province,Iténez Province,Seat,Magdalena,NA,NA,NA,NA,NA,NA,NA,NA,NA,NA,NA,NA,NA,NA,NA,Imperial,NA,NA,NA,NA,NA,NA,NA,NA,NA,NA,NA,NA,NA,NA,NA,NA,NA,NA,NA,NA,NA,Ethnicities,NA,Religions,NA,NA,NA,-4,NA,NA,NA,NA,NA,NA,NA,NA,NA,NA,NA,NA,NA,NA,NA,NA,NA,NA,NA,NA,NA,NA,NA,NA,NA,NA,NA,NA,NA,NA,NA,NA,NA,NA,NA,NA,NA,NA,NA,NA,NA,NA,NA,NA,NA,NA,NA
0,Puerto Siles Municipality,Category:Municipalities of Beni Department,24862618,5080,Q1516817,https://en.wikipedia.org/wiki/Puerto_Siles_Municipality,5016,0,1,2001,"{{Infobox settlement
<!--See the Table at Infobox Settlement for all fields and descriptions of usage-->
<!-- Basic info  ---------------->
|official_name          = Puerto Siles Municipality
|other_name             =
|native_name            = 
|nickname               = 
|settlement_type        = Municipality 
|motto                  =
<!-- images and maps  ----------->
|image_skyline          =
|imagesize              = 
|image_caption          =  
|image_flag             = 
|flag_size              =
|image_seal             = 
|seal_size              =
|image_shield           = 
|shield_size            =
|image_blank_emblem     =
|blank_emblem_type      =
|blank_emblem_size      =
|image_map              = 
|mapsize                = 
|map_caption            = 
|image_map1             = 
|mapsize1               = 
|map_caption1           = 
|image_dot_map          =
|dot_mapsize            =
|dot_map_caption        =
|dot_x =  |dot_y =
|pushpin_map            =<!-- the name of a location map as per http://en.wikipedia.org/wiki/Template:Location_map -->
|pushpin_label_position =bottom
|pushpin_map_caption    =Location within Bolivia
<!-- Location ------------------>
|subdivision_type       = Country
|subdivision_name       ={{flag|Bolivia}}
|subdivision_type1      = [[Departments of Bolivia|Department]]
|subdivision_name1      = [[Beni Department]]
|subdivision_type2      = [[Provinces of Bolivia|Province]]
|subdivision_name2      = [[Mamoré Province]]
<!-- Smaller parts (e.g. boroughs of a city) and seat of government -->
|seat_type              = Seat
|seat                   =
<!-- Politics ----------------->
|government_footnotes   =
|government_type        = 
|leader_title           = Mayor
|leader_name            = 
|leader_title1          =President<!-- for places with, say, both a mayor and a city manager -->
|leader_name1           =
|leader_title2          = 
|leader_name2           = 
|leader_title3          =
|leader_name3           =
|leader_title4          =
|leader_name4           =
|established_title      = Foundation<!-- Settled -->
|established_date       = 
|established_title2     =  <!-- Incorporated (town) -->
|established_date2      = 
|established_title3     =  <!-- Incorporated (city) -->
|established_date3      =
<!-- Area    --------------------->
|area_magnitude         = 
|unit_pref                =Imperial <!--Enter: Imperial, if Imperial (metric) is desired-->
|area_footnotes           =
|area_total_km2           =<!-- ALL fields dealing with a measurements are subject to automatic unit conversion-->
|area_land_km2            = <!--See table @ Template:Infobox Settlement for details on automatic unit conversion-->
|area_water_km2           =
|area_total_sq_mi         =
|area_land_sq_mi          =
|area_water_sq_mi         =
|area_water_percent       =
|area_urban_km2           =
|area_urban_sq_mi         =
|area_metro_km2           =
|area_metro_sq_mi         =
|area_blank1_title        =
|area_blank1_km2          =
|area_blank1_sq_mi        =
<!-- Population   ----------------------->
|population_as_of               = 2001
|population_footnotes           =
|population_note                =
|population_total               = 
|population_density_km2         =
|population_density_sq_mi       =
|population_metro               =
|population_density_metro_km2   =
|population_density_metro_sq_mi =
|population_urban               =
|population_density_urban_km2   =
|population_density_urban_sq_mi =
|population_blank1_title        =Ethnicities
|population_blank1              =
|population_blank2_title        =Religions
|population_blank2              =
|population_density_blank1_km2 =   
|population_density_blank1_sq_mi =
<!-- General information  --------------->
|timezone               = BOT
|utc_offset             = -4
|timezone_DST           = 
|utc_offset_DST         = 
|coordinates            = 
|elevation_footnotes    =  <!--for references: use <ref> </ref> tags-->
|elevation_m            =
|elevation_ft           =
<!-- Area/postal codes & others -------->
|postal_code_type       =  <!-- enter ZIP code, Postcode, Post code, Postal code... -->
|postal_code            =
|area_code              =
|blank_name             =
|blank_info             =
|blank1_name            =
|blank1_info            =
|website                = 
|footnotes              = 
}}",,20,,NA,NA,Municipality,NA,NA,NA,NA,NA,bottom,Location within Bolivia,Country,Bolivia,Department,Beni Department,Mayor,NA,Foundation,NA,NA,NA,2001,NA,NA,NA,NA,NA,BOT,NA,NA,NA,NA,Puerto Siles Municipality,NA,NA,NA,NA,NA,NA,NA,NA,NA,NA,NA,NA,NA,NA,NA,NA,NA,NA,NA,NA,NA,NA,Province,Mamoré Province,Seat,NA,NA,NA,President,NA,NA,NA,NA,NA,NA,NA,NA,NA,NA,NA,NA,Imperial,NA,NA,NA,NA,NA,NA,NA,NA,NA,NA,NA,NA,NA,NA,NA,NA,NA,NA,NA,NA,NA,Ethnicities,NA,Religions,NA,NA,NA,-4,NA,NA,NA,NA,NA,NA,NA,NA,NA,NA,NA,NA,NA,NA,NA,NA,NA,NA,NA,NA,NA,NA,NA,NA,NA,NA,NA,NA,NA,NA,NA,NA,NA,NA,NA,NA,NA,NA,NA,NA,NA,NA,NA,NA,NA,NA,NA
0,Reyes Municipality,Category:Municipalities of Beni Department,24862619,1945,Q1516822,https://en.wikipedia.org/wiki/Reyes_Municipality,1813,0,0,2010,"{{Infobox settlement
<!--See the Table at Infobox Settlement for all fields and descriptions of usage-->
|official_name          = Reyes
|settlement_type        = [[Municipalities of Bolivia|Municipality]]
|coordinates            = {{coord|13|20|S|66|55|W|region:BO|display=inline,title}}
|pushpin_map            = Bolivia <!-- the name of a location map as per http://en.wikipedia.org/wiki/Template:Location_map -->
|pushpin_label_position = bottom
|pushpin_map_caption    = Location within Bolivia
|subdivision_type       = Country
|subdivision_name       = [[Bolivia]]
|subdivision_type1      = [[Departments of Bolivia|Department]]
|subdivision_name1      = [[Beni Department|Beni]]
|subdivision_type2      = [[Provinces of Bolivia|Province]]
|subdivision_name2      = [[José Ballivián Province|José Ballivián]]
|seat_type              = Seat
|seat                   = [[Reyes, Bolivia|Reyes]]
|unit_pref              = Imperial <!--Enter: Imperial, if Imperial (metric) is desired-->
|area_total_km2         = 
|elevation_m            = 
|population_as_of       = 2010
|population_footnotes   =
|population_total       =  16468
|population_density_km2 = <!--auto-->
|timezone               = BOT
|utc_offset             = -4
|website                = 
|footnotes              = 
}}",,19,,NA,NA,Municipality,NA,NA,NA,NA,Bolivia,bottom,Location within Bolivia,Country,Bolivia,Department,Beni,NA,NA,NA,NA,NA,16468,2010,NA,NA,NA,NA,NA,BOT,NA,NA,NA,NA,Reyes,NA,NA,NA,NA,NA,NA,NA,NA,NA,NA,NA,NA,NA,NA,NA,NA,NA,NA,NA,NA,NA,NA,Province,José Ballivián,Seat,Reyes,NA,NA,NA,NA,NA,NA,NA,NA,NA,NA,NA,NA,NA,NA,NA,Imperial,NA,NA,NA,NA,NA,NA,NA,NA,NA,NA,NA,NA,NA,NA,NA,NA,NA,NA,NA,NA,NA,NA,NA,NA,NA,NA,NA,-4,NA,NA,NA,NA,NA,NA,NA,NA,NA,NA,NA,NA,NA,NA,NA,NA,NA,NA,NA,NA,NA,NA,NA,NA,NA,NA,NA,NA,NA,NA,NA,NA,NA,NA,NA,NA,NA,NA,NA,NA,NA,NA,NA,NA,NA,NA,NA
0,Riberalta Municipality,Category:Municipalities of Beni Department,24862622,4947,Q842368,https://en.wikipedia.org/wiki/Riberalta_Municipality,4947,0,1,2001,"{{Infobox settlement
<!--See the Table at Infobox Settlement for all fields and descriptions of usage-->
<!-- Basic info  ---------------->
|official_name          = Riberalta Municipality
|other_name             =
|native_name            = 
|nickname               = 
|settlement_type        = Municipality 
|motto                  =
<!-- images and maps  ----------->
|image_skyline          =
|imagesize              = 
|image_caption          =  
|image_flag             = 
|flag_size              =
|image_seal             = 
|seal_size              =
|image_shield           = 
|shield_size            =
|image_blank_emblem     =
|blank_emblem_type      =
|blank_emblem_size      =
|image_map              = 
|mapsize                = 
|map_caption            = 
|image_map1             = 
|mapsize1               = 
|map_caption1           = 
|image_dot_map          =
|dot_mapsize            =
|dot_map_caption        =
|dot_x =  |dot_y =
|pushpin_map            =<!-- the name of a location map as per http://en.wikipedia.org/wiki/Template:Location_map -->
|pushpin_label_position =bottom
|pushpin_map_caption    =Location within Bolivia
<!-- Location ------------------>
|subdivision_type       = Country
|subdivision_name       ={{flag|Bolivia}}
|subdivision_type1      = [[Departments of Bolivia|Department]]
|subdivision_name1      = [[Beni Department]]
|subdivision_type2      = [[Provinces of Bolivia|Province]]
|subdivision_name2      = 
<!-- Smaller parts (e.g. boroughs of a city) and seat of government -->
|seat_type              = Seat
|seat                   =
<!-- Politics ----------------->
|government_footnotes   =
|government_type        = 
|leader_title           = Mayor
|leader_name            = 
|leader_title1          =President<!-- for places with, say, both a mayor and a city manager -->
|leader_name1           =
|leader_title2          = 
|leader_name2           = 
|leader_title3          =
|leader_name3           =
|leader_title4          =
|leader_name4           =
|established_title      = Foundation<!-- Settled -->
|established_date       = 
|established_title2     =  <!-- Incorporated (town) -->
|established_date2      = 
|established_title3     =  <!-- Incorporated (city) -->
|established_date3      =
<!-- Area    --------------------->
|area_magnitude         = 
|unit_pref                =Imperial <!--Enter: Imperial, if Imperial (metric) is desired-->
|area_footnotes           =
|area_total_km2           =<!-- ALL fields dealing with a measurements are subject to automatic unit conversion-->
|area_land_km2            = <!--See table @ Template:Infobox Settlement for details on automatic unit conversion-->
|area_water_km2           =
|area_total_sq_mi         =
|area_land_sq_mi          =
|area_water_sq_mi         =
|area_water_percent       =
|area_urban_km2           =
|area_urban_sq_mi         =
|area_metro_km2           =
|area_metro_sq_mi         =
|area_blank1_title        =
|area_blank1_km2          =
|area_blank1_sq_mi        =
<!-- Population   ----------------------->
|population_as_of               = 2001
|population_footnotes           =
|population_note                =
|population_total               = 
|population_density_km2         =
|population_density_sq_mi       =
|population_metro               =
|population_density_metro_km2   =
|population_density_metro_sq_mi =
|population_urban               =
|population_density_urban_km2   =
|population_density_urban_sq_mi =
|population_blank1_title        =Ethnicities
|population_blank1              =
|population_blank2_title        =Religions
|population_blank2              =
|population_density_blank1_km2 =   
|population_density_blank1_sq_mi =
<!-- General information  --------------->
|timezone               = BOT
|utc_offset             = -4
|timezone_DST           = 
|utc_offset_DST         = 
|coordinates            = 
|elevation_footnotes    =  <!--for references: use <ref> </ref> tags-->
|elevation_m            =
|elevation_ft           =
<!-- Area/postal codes & others -------->
|postal_code_type       =  <!-- enter ZIP code, Postcode, Post code, Postal code... -->
|postal_code            =
|area_code              =
|blank_name             =
|blank_info             =
|blank1_name            =
|blank1_info            =
|website                = 
|footnotes              = 
}}",,19,,NA,NA,Municipality,NA,NA,NA,NA,NA,bottom,Location within Bolivia,Country,Bolivia,Department,Beni Department,Mayor,NA,Foundation,NA,NA,NA,2001,NA,NA,NA,NA,NA,BOT,NA,NA,NA,NA,Riberalta Municipality,NA,NA,NA,NA,NA,NA,NA,NA,NA,NA,NA,NA,NA,NA,NA,NA,NA,NA,NA,NA,NA,NA,Province,NA,Seat,NA,NA,NA,President,NA,NA,NA,NA,NA,NA,NA,NA,NA,NA,NA,NA,Imperial,NA,NA,NA,NA,NA,NA,NA,NA,NA,NA,NA,NA,NA,NA,NA,NA,NA,NA,NA,NA,NA,Ethnicities,NA,Religions,NA,NA,NA,-4,NA,NA,NA,NA,NA,NA,NA,NA,NA,NA,NA,NA,NA,NA,NA,NA,NA,NA,NA,NA,NA,NA,NA,NA,NA,NA,NA,NA,NA,NA,NA,NA,NA,NA,NA,NA,NA,NA,NA,NA,NA,NA,NA,NA,NA,NA,NA
0,Rurrenabaque Municipality,Category:Municipalities of Beni Department,24862624,2161,Q1516809,https://en.wikipedia.org/wiki/Rurrenabaque_Municipality,2154,0,3,2001,"{{Infobox settlement
<!--See the Table at Infobox Settlement for all fields and descriptions of usage-->
|official_name          = Rurrenabaque
|settlement_type        = [[Municipalities of Bolivia|Municipality]]
|coordinates            = {{coord|14|40|S|67|15|W|region:BO|display=inline,title}}
|pushpin_map            = Bolivia <!-- the name of a location map as per http://en.wikipedia.org/wiki/Template:Location_map -->
|pushpin_label_position = bottom
|pushpin_map_caption    = Location within Bolivia
|subdivision_type       = Country
|subdivision_name       = [[Bolivia]]
|subdivision_type1      = [[Departments of Bolivia|Department]]
|subdivision_name1      = [[Beni Department|Beni]]
|subdivision_type2      = [[Provinces of Bolivia|Province]]
|subdivision_name2      = [[José Ballivián Province|José Ballivián]]
|seat_type              = Seat
|seat                   = [[Rurrenabaque]]
|unit_pref              = Imperial <!--Enter: Imperial, if Imperial (metric) is desired-->
|area_total_km2         = 
|elevation_m            = 
|population_as_of       = 2001
|population_footnotes   = <ref name=""INE"">{{in lang|es}} [http://www.ine.gov.bo/ www.ine.gov.bo] {{webarchive|url=https://web.archive.org/web/20091027220541/http://www.ine.gov.bo/ |date=2009-10-27 }} - [[Instituto Nacional de Estadística de Bolivia]] (INE)</ref>
|population_total       = 14000
|population_density_km2 = <!--auto-->
|timezone               = BOT
|utc_offset             = -4
|website                = 
|footnotes              = 
}}",,20,,NA,NA,Municipality,NA,NA,NA,NA,Bolivia,bottom,Location within Bolivia,Country,Bolivia,Department,Beni,NA,NA,NA,NA,NA,14000,2001,NA,NA,NA,NA,NA,BOT,NA,NA,NA,NA,Rurrenabaque,NA,NA,NA,NA,NA,NA,NA,NA,NA,NA,NA,NA,NA,NA,NA,NA,NA,NA,NA,NA,NA,NA,Province,José Ballivián,Seat,Rurrenabaque,NA,NA,NA,NA,NA,NA,NA,NA,NA,NA,NA,NA,NA,NA,NA,Imperial,NA,NA,NA,NA,NA,NA,NA,NA,NA,NA,NA,NA,NA,NA,NA,NA,NA,NA,NA,NA,NA,NA,NA,NA,NA,NA,NA,-4,NA,NA,NA,NA,NA,NA,NA,NA,NA,NA,NA,NA,NA,NA,NA,NA,NA,NA,NA,NA,NA,NA,NA,NA,NA,NA,NA,NA,NA,NA,NA,NA,NA,NA,NA,NA,NA,NA,NA,NA,NA,NA,NA,NA,NA,NA,NA
0,"San Andrés Municipality, Beni",Category:Municipalities of Beni Department,24862625,4978,Q1535931,"https://en.wikipedia.org/wiki/San_Andrés_Municipality,_Beni",4941,0,1,2001,"{{Infobox settlement
<!--See the Table at Infobox Settlement for all fields and descriptions of usage-->
<!-- Basic info  ---------------->
|official_name          = San Andrés Municipality
|other_name             =
|native_name            = 
|nickname               = 
|settlement_type        = Municipality 
|motto                  =
<!-- images and maps  ----------->
|image_skyline          =
|imagesize              = 
|image_caption          =  
|image_flag             = 
|flag_size              =
|image_seal             = 
|seal_size              =
|image_shield           = 
|shield_size            =
|image_blank_emblem     =
|blank_emblem_type      =
|blank_emblem_size      =
|image_map              = 
|mapsize                = 
|map_caption            = 
|image_map1             = 
|mapsize1               = 
|map_caption1           = 
|image_dot_map          =
|dot_mapsize            =
|dot_map_caption        =
|dot_x =  |dot_y =
|pushpin_map            =<!-- the name of a location map as per http://en.wikipedia.org/wiki/Template:Location_map -->
|pushpin_label_position =bottom
|pushpin_map_caption    =Location within Bolivia
<!-- Location ------------------>
|subdivision_type       = Country
|subdivision_name       ={{flag|Bolivia}}
|subdivision_type1      = [[Departments of Bolivia|Department]]
|subdivision_name1      = [[Beni Department]]
|subdivision_type2      = [[Provinces of Bolivia|Province]]
|subdivision_name2      = [[Marbán Province|Marbán]]
<!-- Smaller parts (e.g. boroughs of a city) and seat of government -->
|seat_type              = Seat
|seat                   =
<!-- Politics ----------------->
|government_footnotes   =
|government_type        = 
|leader_title           = Mayor
|leader_name            = 
|leader_title1          =President<!-- for places with, say, both a mayor and a city manager -->
|leader_name1           =
|leader_title2          = 
|leader_name2           = 
|leader_title3          =
|leader_name3           =
|leader_title4          =
|leader_name4           =
|established_title      = Foundation<!-- Settled -->
|established_date       = 
|established_title2     =  <!-- Incorporated (town) -->
|established_date2      = 
|established_title3     =  <!-- Incorporated (city) -->
|established_date3      =
<!-- Area    --------------------->
|area_magnitude         = 
|unit_pref                =Imperial <!--Enter: Imperial, if Imperial (metric) is desired-->
|area_footnotes           =
|area_total_km2           =<!-- ALL fields dealing with a measurements are subject to automatic unit conversion-->
|area_land_km2            = <!--See table @ Template:Infobox Settlement for details on automatic unit conversion-->
|area_water_km2           =
|area_total_sq_mi         =
|area_land_sq_mi          =
|area_water_sq_mi         =
|area_water_percent       =
|area_urban_km2           =
|area_urban_sq_mi         =
|area_metro_km2           =
|area_metro_sq_mi         =
|area_blank1_title        =
|area_blank1_km2          =
|area_blank1_sq_mi        =
<!-- Population   ----------------------->
|population_as_of               = 2001
|population_footnotes           =
|population_note                =
|population_total               = 
|population_density_km2         =
|population_density_sq_mi       =
|population_metro               =
|population_density_metro_km2   =
|population_density_metro_sq_mi =
|population_urban               =
|population_density_urban_km2   =
|population_density_urban_sq_mi =
|population_blank1_title        =Ethnicities
|population_blank1              =
|population_blank2_title        =Religions
|population_blank2              =
|population_density_blank1_km2 =   
|population_density_blank1_sq_mi =
<!-- General information  --------------->
|timezone               = BOT
|utc_offset             = -4
|timezone_DST           = 
|utc_offset_DST         = 
|coordinates            = 
|elevation_footnotes    =  <!--for references: use <ref> </ref> tags-->
|elevation_m            =
|elevation_ft           =
<!-- Area/postal codes & others -------->
|postal_code_type       =  <!-- enter ZIP code, Postcode, Post code, Postal code... -->
|postal_code            =
|area_code              =
|blank_name             =
|blank_info             =
|blank1_name            =
|blank1_info            =
|website                = 
|footnotes              = 
}}",,20,,NA,NA,Municipality,NA,NA,NA,NA,NA,bottom,Location within Bolivia,Country,Bolivia,Department,Beni Department,Mayor,NA,Foundation,NA,NA,NA,2001,NA,NA,NA,NA,NA,BOT,NA,NA,NA,NA,San Andrés Municipality,NA,NA,NA,NA,NA,NA,NA,NA,NA,NA,NA,NA,NA,NA,NA,NA,NA,NA,NA,NA,NA,NA,Province,Marbán,Seat,NA,NA,NA,President,NA,NA,NA,NA,NA,NA,NA,NA,NA,NA,NA,NA,Imperial,NA,NA,NA,NA,NA,NA,NA,NA,NA,NA,NA,NA,NA,NA,NA,NA,NA,NA,NA,NA,NA,Ethnicities,NA,Religions,NA,NA,NA,-4,NA,NA,NA,NA,NA,NA,NA,NA,NA,NA,NA,NA,NA,NA,NA,NA,NA,NA,NA,NA,NA,NA,NA,NA,NA,NA,NA,NA,NA,NA,NA,NA,NA,NA,NA,NA,NA,NA,NA,NA,NA,NA,NA,NA,NA,NA,NA
0,San Borja Municipality,Category:Municipalities of Beni Department,16357555,3434,Q2631821,https://en.wikipedia.org/wiki/San_Borja_Municipality,3366,0,0,2001,"{{Infobox settlement
<!--See the Table at Infobox Settlement for all fields and descriptions of usage-->
|official_name          = San Borja
|settlement_type        = [[Municipalities of Bolivia|Municipality]]
|image_flag             = Bandera de San Borja (Beni).png
|coordinates            = {{coord|14|40|0|S|66|50|0|W|region:BO|display=inline,title}}
|pushpin_map            = Bolivia <!-- the name of a location map as per http://en.wikipedia.org/wiki/Template:Location_map -->
|pushpin_label_position = bottom
|pushpin_map_caption    = Location of San Rafael within Bolivia
|subdivision_type       = Country
|subdivision_name       = [[Bolivia]]
|subdivision_type1      = [[Departments of Bolivia|Department]]
|subdivision_name1      = [[Beni Department|Beni]]
|subdivision_type2      = [[Provinces of Bolivia|Province]]
|subdivision_name2      = [[José Ballivián Province|José Ballivián]]
|seat_type              = Seat
|seat                   = [[San Borja, Bolivia|San Borja]]
|leader_title           = Mayor
|leader_name            = Walter Ronald Tovías Simond (2008)
|leader_title1          = President
|leader_name1           = Sagir Dayer Asbun (2008)
|unit_pref              = Imperial <!--Enter: Imperial, if Imperial (metric) is desired-->
|area_total_km2         = 13350
|elevation_m            = 200
|population_as_of       = 2001
|population_footnotes   =
|population_total       = 34363
|population_density_km2 = auto
|timezone               = BOT
|utc_offset             = -4
|website                = 
|footnotes              = 
}}",,27,,NA,NA,Municipality,Bandera de San Borja (Beni).png,NA,NA,NA,Bolivia,bottom,Location of San Rafael within Bolivia,Country,Bolivia,Department,Beni,Mayor,Walter Ronald Tovías Simond (2008),NA,NA,NA,34363,2001,NA,13350,NA,200,NA,BOT,NA,NA,NA,NA,San Borja,NA,NA,NA,NA,NA,NA,NA,NA,NA,NA,NA,NA,NA,NA,NA,NA,NA,NA,NA,NA,NA,NA,Province,José Ballivián,Seat,San Borja,NA,NA,President,Sagir Dayer Asbun (2008),NA,NA,NA,NA,NA,NA,NA,NA,NA,NA,NA,Imperial,NA,NA,NA,NA,NA,NA,NA,NA,NA,NA,NA,NA,NA,NA,auto,NA,NA,NA,NA,NA,NA,NA,NA,NA,NA,NA,NA,-4,NA,NA,NA,NA,NA,NA,NA,NA,NA,NA,NA,NA,NA,NA,NA,NA,NA,NA,NA,NA,NA,NA,NA,NA,NA,NA,NA,NA,NA,NA,NA,NA,NA,NA,NA,NA,NA,NA,NA,NA,NA,NA,NA,NA,NA,NA,NA
0,"San Javier Municipality, Beni",Category:Municipalities of Beni Department,24862634,4911,Q256171,"https://en.wikipedia.org/wiki/San_Javier_Municipality,_Beni",4911,0,1,2001,"{{Infobox settlement
<!--See the Table at Infobox Settlement for all fields and descriptions of usage-->
<!-- Basic info  ---------------->
|official_name          = San Javier Municipality
|other_name             =
|native_name            = 
|nickname               = 
|settlement_type        = Municipality 
|motto                  =
<!-- images and maps  ----------->
|image_skyline          =
|imagesize              = 
|image_caption          =  
|image_flag             = 
|flag_size              =
|image_seal             = 
|seal_size              =
|image_shield           = 
|shield_size            =
|image_blank_emblem     =
|blank_emblem_type      =
|blank_emblem_size      =
|image_map              = 
|mapsize                = 
|map_caption            = 
|image_map1             = 
|mapsize1               = 
|map_caption1           = 
|image_dot_map          =
|dot_mapsize            =
|dot_map_caption        =
|dot_x =  |dot_y =
|pushpin_map            =<!-- the name of a location map as per http://en.wikipedia.org/wiki/Template:Location_map -->
|pushpin_label_position =bottom
|pushpin_map_caption    =Location within Bolivia
<!-- Location ------------------>
|subdivision_type       = Country
|subdivision_name       ={{flag|Bolivia}}
|subdivision_type1      = [[Departments of Bolivia|Department]]
|subdivision_name1      = [[Beni Department]]
|subdivision_type2      = [[Provinces of Bolivia|Province]]
|subdivision_name2      = [[Cercado Province (Beni)|Cercado]]
<!-- Smaller parts (e.g. boroughs of a city) and seat of government -->
|seat_type              = Seat
|seat                   =
<!-- Politics ----------------->
|government_footnotes   =
|government_type        = 
|leader_title           = Mayor
|leader_name            = 
|leader_title1          =President<!-- for places with, say, both a mayor and a city manager -->
|leader_name1           =
|leader_title2          = 
|leader_name2           = 
|leader_title3          =
|leader_name3           =
|leader_title4          =
|leader_name4           =
|established_title      = Foundation<!-- Settled -->
|established_date       = 
|established_title2     =  <!-- Incorporated (town) -->
|established_date2      = 
|established_title3     =  <!-- Incorporated (city) -->
|established_date3      =
<!-- Area    --------------------->
|area_magnitude         = 
|unit_pref                =Imperial <!--Enter: Imperial, if Imperial (metric) is desired-->
|area_footnotes           =
|area_total_km2           =<!-- ALL fields dealing with a measurements are subject to automatic unit conversion-->
|area_land_km2            = <!--See table @ Template:Infobox Settlement for details on automatic unit conversion-->
|area_water_km2           =
|area_total_sq_mi         =
|area_land_sq_mi          =
|area_water_sq_mi         =
|area_water_percent       =
|area_urban_km2           =
|area_urban_sq_mi         =
|area_metro_km2           =
|area_metro_sq_mi         =
|area_blank1_title        =
|area_blank1_km2          =
|area_blank1_sq_mi        =
<!-- Population   ----------------------->
|population_as_of               = 2001
|population_footnotes           =
|population_note                =
|population_total               = 
|population_density_km2         =
|population_density_sq_mi       =
|population_metro               =
|population_density_metro_km2   =
|population_density_metro_sq_mi =
|population_urban               =
|population_density_urban_km2   =
|population_density_urban_sq_mi =
|population_blank1_title        =Ethnicities
|population_blank1              =
|population_blank2_title        =Religions
|population_blank2              =
|population_density_blank1_km2 =   
|population_density_blank1_sq_mi =
<!-- General information  --------------->
|timezone               = BOT
|utc_offset             = -4
|timezone_DST           = 
|utc_offset_DST         = 
|coordinates            = 
|elevation_footnotes    =  <!--for references: use <ref> </ref> tags-->
|elevation_m            =
|elevation_ft           =
<!-- Area/postal codes & others -------->
|postal_code_type       =  <!-- enter ZIP code, Postcode, Post code, Postal code... -->
|postal_code            =
|area_code              =
|blank_name             =
|blank_info             =
|blank1_name            =
|blank1_info            =
|website                = 
|footnotes              = 
}}",,20,,NA,NA,Municipality,NA,NA,NA,NA,NA,bottom,Location within Bolivia,Country,Bolivia,Department,Beni Department,Mayor,NA,Foundation,NA,NA,NA,2001,NA,NA,NA,NA,NA,BOT,NA,NA,NA,NA,San Javier Municipality,NA,NA,NA,NA,NA,NA,NA,NA,NA,NA,NA,NA,NA,NA,NA,NA,NA,NA,NA,NA,NA,NA,Province,Cercado,Seat,NA,NA,NA,President,NA,NA,NA,NA,NA,NA,NA,NA,NA,NA,NA,NA,Imperial,NA,NA,NA,NA,NA,NA,NA,NA,NA,NA,NA,NA,NA,NA,NA,NA,NA,NA,NA,NA,NA,Ethnicities,NA,Religions,NA,NA,NA,-4,NA,NA,NA,NA,NA,NA,NA,NA,NA,NA,NA,NA,NA,NA,NA,NA,NA,NA,NA,NA,NA,NA,NA,NA,NA,NA,NA,NA,NA,NA,NA,NA,NA,NA,NA,NA,NA,NA,NA,NA,NA,NA,NA,NA,NA,NA,NA
0,"San Joaquín Municipality, Beni",Category:Municipalities of Beni Department,24862635,5032,Q1292997,"https://en.wikipedia.org/wiki/San_Joaquín_Municipality,_Beni",4932,0,1,2001,"{{Infobox settlement
<!--See the Table at Infobox Settlement for all fields and descriptions of usage-->
<!-- Basic info  ---------------->
|official_name          = San Joaquín Municipality (Bolivia)
|other_name             =
|native_name            = 
|nickname               = 
|settlement_type        = Municipality 
|motto                  =
<!-- images and maps  ----------->
|image_skyline          =
|imagesize              = 
|image_caption          =  
|image_flag             = 
|flag_size              =
|image_seal             = 
|seal_size              =
|image_shield           = 
|shield_size            =
|image_blank_emblem     =
|blank_emblem_type      =
|blank_emblem_size      =
|image_map              = 
|mapsize                = 
|map_caption            = 
|image_map1             = 
|mapsize1               = 
|map_caption1           = 
|image_dot_map          =
|dot_mapsize            =
|dot_map_caption        =
|dot_x =  |dot_y =
|pushpin_map            =<!-- the name of a location map as per http://en.wikipedia.org/wiki/Template:Location_map -->
|pushpin_label_position =bottom
|pushpin_map_caption    =Location within Bolivia
<!-- Location ------------------>
|subdivision_type       = Country
|subdivision_name       ={{flag|Bolivia}}
|subdivision_type1      = [[Departments of Bolivia|Department]]
|subdivision_name1      = [[Beni Department]]
|subdivision_type2      = [[Provinces of Bolivia|Province]]
|subdivision_name2      = 
<!-- Smaller parts (e.g. boroughs of a city) and seat of government -->
|seat_type              = Seat
|seat                   =
<!-- Politics ----------------->
|government_footnotes   =
|government_type        = 
|leader_title           = Mayor
|leader_name            = 
|leader_title1          =President<!-- for places with, say, both a mayor and a city manager -->
|leader_name1           =
|leader_title2          = 
|leader_name2           = 
|leader_title3          =
|leader_name3           =
|leader_title4          =
|leader_name4           =
|established_title      = Foundation<!-- Settled -->
|established_date       = 
|established_title2     =  <!-- Incorporated (town) -->
|established_date2      = 
|established_title3     =  <!-- Incorporated (city) -->
|established_date3      =
<!-- Area    --------------------->
|area_magnitude         = 
|unit_pref                =Imperial <!--Enter: Imperial, if Imperial (metric) is desired-->
|area_footnotes           =
|area_total_km2           =<!-- ALL fields dealing with a measurements are subject to automatic unit conversion-->
|area_land_km2            = <!--See table @ Template:Infobox Settlement for details on automatic unit conversion-->
|area_water_km2           =
|area_total_sq_mi         =
|area_land_sq_mi          =
|area_water_sq_mi         =
|area_water_percent       =
|area_urban_km2           =
|area_urban_sq_mi         =
|area_metro_km2           =
|area_metro_sq_mi         =
|area_blank1_title        =
|area_blank1_km2          =
|area_blank1_sq_mi        =
<!-- Population   ----------------------->
|population_as_of               = 2001
|population_footnotes           =
|population_note                =
|population_total               = 
|population_density_km2         =
|population_density_sq_mi       =
|population_metro               =
|population_density_metro_km2   =
|population_density_metro_sq_mi =
|population_urban               =
|population_density_urban_km2   =
|population_density_urban_sq_mi =
|population_blank1_title        =Ethnicities
|population_blank1              =
|population_blank2_title        =Religions
|population_blank2              =
|population_density_blank1_km2 =   
|population_density_blank1_sq_mi =
<!-- General information  --------------->
|timezone               = BOT
|utc_offset             = -4
|timezone_DST           = 
|utc_offset_DST         = 
|coordinates            = 
|elevation_footnotes    =  <!--for references: use <ref> </ref> tags-->
|elevation_m            =
|elevation_ft           =
<!-- Area/postal codes & others -------->
|postal_code_type       =  <!-- enter ZIP code, Postcode, Post code, Postal code... -->
|postal_code            =
|area_code              =
|blank_name             =
|blank_info             =
|blank1_name            =
|blank1_info            =
|website                = 
|footnotes              = 
}}",,19,,NA,NA,Municipality,NA,NA,NA,NA,NA,bottom,Location within Bolivia,Country,Bolivia,Department,Beni Department,Mayor,NA,Foundation,NA,NA,NA,2001,NA,NA,NA,NA,NA,BOT,NA,NA,NA,NA,San Joaquín Municipality (Bolivia),NA,NA,NA,NA,NA,NA,NA,NA,NA,NA,NA,NA,NA,NA,NA,NA,NA,NA,NA,NA,NA,NA,Province,NA,Seat,NA,NA,NA,President,NA,NA,NA,NA,NA,NA,NA,NA,NA,NA,NA,NA,Imperial,NA,NA,NA,NA,NA,NA,NA,NA,NA,NA,NA,NA,NA,NA,NA,NA,NA,NA,NA,NA,NA,Ethnicities,NA,Religions,NA,NA,NA,-4,NA,NA,NA,NA,NA,NA,NA,NA,NA,NA,NA,NA,NA,NA,NA,NA,NA,NA,NA,NA,NA,NA,NA,NA,NA,NA,NA,NA,NA,NA,NA,NA,NA,NA,NA,NA,NA,NA,NA,NA,NA,NA,NA,NA,NA,NA,NA
0,"San Ramón Municipality, Beni",Category:Municipalities of Beni Department,24862638,5053,Q849354,"https://en.wikipedia.org/wiki/San_Ramón_Municipality,_Beni",5068,0,1,2001,"{{Infobox settlement
<!--See the Table at Infobox Settlement for all fields and descriptions of usage-->
<!-- Basic info  ---------------->
|official_name          = San Ramón Municipality (Mamoré)
|other_name             =
|native_name            = 
|nickname               = 
|settlement_type        = Municipality 
|motto                  =
<!-- images and maps  ----------->
|image_skyline          =
|imagesize              = 
|image_caption          =  
|image_flag             = 
|flag_size              =
|image_seal             = 
|seal_size              =
|image_shield           = 
|shield_size            =
|image_blank_emblem     =
|blank_emblem_type      =
|blank_emblem_size      =
|image_map              = 
|mapsize                = 
|map_caption            = 
|image_map1             = 
|mapsize1               = 
|map_caption1           = 
|image_dot_map          =
|dot_mapsize            =
|dot_map_caption        =
|dot_x =  |dot_y =
|pushpin_map            =<!-- the name of a location map as per http://en.wikipedia.org/wiki/Template:Location_map -->
|pushpin_label_position =bottom
|pushpin_map_caption    =Location within Bolivia
<!-- Location ------------------>
|subdivision_type       = Country
|subdivision_name       ={{flag|Bolivia}}
|subdivision_type1      = [[Departments of Bolivia|Department]]
|subdivision_name1      = [[Beni Department]]
|subdivision_type2      = [[Provinces of Bolivia|Province]]
|subdivision_name2      = [[Mamoré Province]]
<!-- Smaller parts (e.g. boroughs of a city) and seat of government -->
|seat_type              = Seat
|seat                   = [[San Ramón, Beni|San Ramón]]
<!-- Politics ----------------->
|government_footnotes   =
|government_type        = 
|leader_title           = Mayor
|leader_name            = 
|leader_title1          =President<!-- for places with, say, both a mayor and a city manager -->
|leader_name1           =
|leader_title2          = 
|leader_name2           = 
|leader_title3          =
|leader_name3           =
|leader_title4          =
|leader_name4           =
|established_title      = Foundation<!-- Settled -->
|established_date       = 
|established_title2     =  <!-- Incorporated (town) -->
|established_date2      = 
|established_title3     =  <!-- Incorporated (city) -->
|established_date3      =
<!-- Area    --------------------->
|area_magnitude         = 
|unit_pref                =Imperial <!--Enter: Imperial, if Imperial (metric) is desired-->
|area_footnotes           =
|area_total_km2           =<!-- ALL fields dealing with a measurements are subject to automatic unit conversion-->
|area_land_km2            = <!--See table @ Template:Infobox Settlement for details on automatic unit conversion-->
|area_water_km2           =
|area_total_sq_mi         =
|area_land_sq_mi          =
|area_water_sq_mi         =
|area_water_percent       =
|area_urban_km2           =
|area_urban_sq_mi         =
|area_metro_km2           =
|area_metro_sq_mi         =
|area_blank1_title        =
|area_blank1_km2          =
|area_blank1_sq_mi        =
<!-- Population   ----------------------->
|population_as_of               = 2001
|population_footnotes           =
|population_note                =
|population_total               = 
|population_density_km2         =
|population_density_sq_mi       =
|population_metro               =
|population_density_metro_km2   =
|population_density_metro_sq_mi =
|population_urban               =
|population_density_urban_km2   =
|population_density_urban_sq_mi =
|population_blank1_title        =Ethnicities
|population_blank1              =
|population_blank2_title        =Religions
|population_blank2              =
|population_density_blank1_km2 =   
|population_density_blank1_sq_mi =
<!-- General information  --------------->
|timezone               = BOT
|utc_offset             = -4
|timezone_DST           = 
|utc_offset_DST         = 
|coordinates            = 
|elevation_footnotes    =  <!--for references: use <ref> </ref> tags-->
|elevation_m            =
|elevation_ft           =
<!-- Area/postal codes & others -------->
|postal_code_type       =  <!-- enter ZIP code, Postcode, Post code, Postal code... -->
|postal_code            =
|area_code              =
|blank_name             =
|blank_info             =
|blank1_name            =
|blank1_info            =
|website                = 
|footnotes              = 
}}",,21,,NA,NA,Municipality,NA,NA,NA,NA,NA,bottom,Location within Bolivia,Country,Bolivia,Department,Beni Department,Mayor,NA,Foundation,NA,NA,NA,2001,NA,NA,NA,NA,NA,BOT,NA,NA,NA,NA,San Ramón Municipality (Mamoré),NA,NA,NA,NA,NA,NA,NA,NA,NA,NA,NA,NA,NA,NA,NA,NA,NA,NA,NA,NA,NA,NA,Province,Mamoré Province,Seat,San Ramón,NA,NA,President,NA,NA,NA,NA,NA,NA,NA,NA,NA,NA,NA,NA,Imperial,NA,NA,NA,NA,NA,NA,NA,NA,NA,NA,NA,NA,NA,NA,NA,NA,NA,NA,NA,NA,NA,Ethnicities,NA,Religions,NA,NA,NA,-4,NA,NA,NA,NA,NA,NA,NA,NA,NA,NA,NA,NA,NA,NA,NA,NA,NA,NA,NA,NA,NA,NA,NA,NA,NA,NA,NA,NA,NA,NA,NA,NA,NA,NA,NA,NA,NA,NA,NA,NA,NA,NA,NA,NA,NA,NA,NA
0,"Santa Ana Municipality, Beni",Category:Municipalities of Beni Department,24862641,5153,Q685208,"https://en.wikipedia.org/wiki/Santa_Ana_Municipality,_Beni",5077,1,2,2010,"{{Infobox settlement
<!--See the Table at Infobox Settlement for all fields and descriptions of usage-->
<!-- Basic info  ---------------->
|official_name          = Santa Ana Municipality (Bolivia)
|other_name             =
|native_name            = 
|nickname               = 
|settlement_type        = Municipality 
|motto                  =
<!-- images and maps  ----------->
|image_skyline          =
|imagesize              = 
|image_caption          =  
|image_flag             = 
|flag_size              =
|image_seal             = 
|seal_size              =
|image_shield           = 
|shield_size            =
|image_blank_emblem     =
|blank_emblem_type      =
|blank_emblem_size      =
|image_map              = 
|mapsize                = 
|map_caption            = 
|image_map1             = 
|mapsize1               = 
|map_caption1           = 
|image_dot_map          =
|dot_mapsize            =
|dot_map_caption        =
|dot_x =  |dot_y =
|pushpin_map            =<!-- the name of a location map as per http://en.wikipedia.org/wiki/Template:Location_map -->
|pushpin_label_position =bottom
|pushpin_map_caption    =Location within Bolivia
<!-- Location ------------------>
|subdivision_type       = Country
|subdivision_name       ={{flag|Bolivia}}
|subdivision_type1      = [[Departments of Bolivia|Department]]
|subdivision_name1      = [[Beni Department]]
|subdivision_type2      = [[Provinces of Bolivia|Province]]
|subdivision_name2      = [[Yacuma Province]]
<!-- Smaller parts (e.g. boroughs of a city) and seat of government -->
|seat_type              = Seat
|seat                   =
<!-- Politics ----------------->
|government_footnotes   =
|government_type        = 
|leader_title           = Mayor
|leader_name            = 
|leader_title1          =President<!-- for places with, say, both a mayor and a city manager -->
|leader_name1           =
|leader_title2          = 
|leader_name2           = 
|leader_title3          =
|leader_name3           =
|leader_title4          =
|leader_name4           =
|established_title      = Foundation<!-- Settled -->
|established_date       = 
|established_title2     =  <!-- Incorporated (town) -->
|established_date2      = 
|established_title3     =  <!-- Incorporated (city) -->
|established_date3      =
<!-- Area    --------------------->
|area_magnitude         = 
|unit_pref                =Imperial <!--Enter: Imperial, if Imperial (metric) is desired-->
|area_footnotes           =
|area_total_km2           =<!-- ALL fields dealing with a measurements are subject to automatic unit conversion-->
|area_land_km2            = <!--See table @ Template:Infobox Settlement for details on automatic unit conversion-->
|area_water_km2           =
|area_total_sq_mi         =
|area_land_sq_mi          =
|area_water_sq_mi         =
|area_water_percent       =
|area_urban_km2           =
|area_urban_sq_mi         =
|area_metro_km2           =
|area_metro_sq_mi         =
|area_blank1_title        =
|area_blank1_km2          =
|area_blank1_sq_mi        =
<!-- Population   ----------------------->
|population_as_of               = 2010
|population_footnotes           =
|population_note                =
|population_total               = 16291
|population_density_km2         =
|population_density_sq_mi       =
|population_metro               =
|population_density_metro_km2   =
|population_density_metro_sq_mi =
|population_urban               =
|population_density_urban_km2   =
|population_density_urban_sq_mi =
|population_blank1_title        =Ethnicities
|population_blank1              =
|population_blank2_title        =Religions
|population_blank2              =
|population_density_blank1_km2 =   
|population_density_blank1_sq_mi =
<!-- General information  --------------->
|timezone               = BOT
|utc_offset             = -4
|timezone_DST           = 
|utc_offset_DST         = 
|coordinates            = 
|elevation_footnotes    =  <!--for references: use <ref> </ref> tags-->
|elevation_m            =
|elevation_ft           =
<!-- Area/postal codes & others -------->
|postal_code_type       =  <!-- enter ZIP code, Postcode, Post code, Postal code... -->
|postal_code            =
|area_code              =
|blank_name             =
|blank_info             =
|blank1_name            =
|blank1_info            =
|website                = 
|footnotes              = 
}}",,21,,NA,NA,Municipality,NA,NA,NA,NA,NA,bottom,Location within Bolivia,Country,Bolivia,Department,Beni Department,Mayor,NA,Foundation,NA,NA,16291,2010,NA,NA,NA,NA,NA,BOT,NA,NA,NA,NA,Santa Ana Municipality (Bolivia),NA,NA,NA,NA,NA,NA,NA,NA,NA,NA,NA,NA,NA,NA,NA,NA,NA,NA,NA,NA,NA,NA,Province,Yacuma Province,Seat,NA,NA,NA,President,NA,NA,NA,NA,NA,NA,NA,NA,NA,NA,NA,NA,Imperial,NA,NA,NA,NA,NA,NA,NA,NA,NA,NA,NA,NA,NA,NA,NA,NA,NA,NA,NA,NA,NA,Ethnicities,NA,Religions,NA,NA,NA,-4,NA,NA,NA,NA,NA,NA,NA,NA,NA,NA,NA,NA,NA,NA,NA,NA,NA,NA,NA,NA,NA,NA,NA,NA,NA,NA,NA,NA,NA,NA,NA,NA,NA,NA,NA,NA,NA,NA,NA,NA,NA,NA,NA,NA,NA,NA,NA
0,"Santa Rosa Municipality, Beni",Category:Municipalities of Beni Department,24862643,2155,Q1516796,"https://en.wikipedia.org/wiki/Santa_Rosa_Municipality,_Beni",2019,0,0,2001,"{{Infobox settlement
<!--See the Table at Infobox Settlement for all fields and descriptions of usage-->
|official_name          = Santa Rosa
|settlement_type        = [[Municipalities of Bolivia|Municipality]]
<!-- images and maps  ----------->
|image_skyline          =Santa Rosa del Yacuma, Beni.JPG
|image_caption          = Santa Rosa de(l) Yacuma
|coordinates            = {{coord|13|00|S|66|40|W|region:BO|display=inline,title}}
|pushpin_map            = Bolivia <!-- the name of a location map as per http://en.wikipedia.org/wiki/Template:Location_map -->
|pushpin_label_position = bottom
|pushpin_map_caption    = Location within Bolivia
|subdivision_type       = Country
|subdivision_name       = [[Bolivia]]
|subdivision_type1      = [[Departments of Bolivia|Department]]
|subdivision_name1      = [[Beni Department|Beni]]
|subdivision_type2      = [[Provinces of Bolivia|Province]]
|subdivision_name2      = [[José Ballivián Province|José Ballivián]]
|seat_type              = Seat
|seat                   = [[Santa Rosa de Yacuma|Santa Rosa]]
|unit_pref              = Imperial <!--Enter: Imperial, if Imperial (metric) is desired-->
|area_total_km2         = 
|elevation_m            = 
|population_as_of       = 2001
|population_footnotes   =
|population_total       = 
|population_density_km2 = <!--auto-->
|timezone               = BOT
|utc_offset             = -4
|website                = 
|footnotes              = 
}}",,20,,NA,"Santa Rosa del Yacuma, Beni.JPG",Municipality,NA,NA,NA,NA,Bolivia,bottom,Location within Bolivia,Country,Bolivia,Department,Beni,NA,NA,NA,NA,NA,NA,2001,NA,NA,NA,NA,NA,BOT,NA,NA,NA,NA,Santa Rosa,NA,NA,NA,NA,NA,Santa Rosa de(l) Yacuma,NA,NA,NA,NA,NA,NA,NA,NA,NA,NA,NA,NA,NA,NA,NA,NA,Province,José Ballivián,Seat,Santa Rosa,NA,NA,NA,NA,NA,NA,NA,NA,NA,NA,NA,NA,NA,NA,NA,Imperial,NA,NA,NA,NA,NA,NA,NA,NA,NA,NA,NA,NA,NA,NA,NA,NA,NA,NA,NA,NA,NA,NA,NA,NA,NA,NA,NA,-4,NA,NA,NA,NA,NA,NA,NA,NA,NA,NA,NA,NA,NA,NA,NA,NA,NA,NA,NA,NA,NA,NA,NA,NA,NA,NA,NA,NA,NA,NA,NA,NA,NA,NA,NA,NA,NA,NA,NA,NA,NA,NA,NA,NA,NA,NA,NA
0,"Trinidad Municipality, Beni",Category:Municipalities of Beni Department,20057777,3785,Q842343,"https://en.wikipedia.org/wiki/Trinidad_Municipality,_Beni",3781,0,2,"1992, 2001, 2024","{{Infobox settlement
| name               = Trinidad Municipality
| native_name        = 
| native_name_lang   = 
| settlement_type    = [[Municipality]]
| map_caption        = Location of Trinidad Municipality within Beni Department
| coordinates        = {{coord|-14.880144|-65.7674808|type:city_region:BO-B|display=inline}}
| subdivision_type   = Country
| subdivision_name   = [[Bolivia]]
| subdivision_type1  = Department
| subdivision_name1  = [[Beni Department|Beni]]
| subdivision_type2  = Province
| subdivision_name2  = [[Cercado Province (Beni)|Cercado]]
| seat_type          = Capital
| seat               = [[Trinidad, Bolivia|Trinidad]]
| unit_pref          = Metric
| area_total_km2     = 1,773
| population_total   = 124,357
| population_as_of   = 2024
| population_density_km2 = auto
| timezone1          = BOT
| utc_offset1        = -4
| pushpin_map        = Bolivia
}}",,20,,Trinidad Municipality,NA,Municipality,NA,NA,NA,Location of Trinidad Municipality within Beni Department,Bolivia,NA,NA,Country,Bolivia,Department,Beni,NA,NA,NA,NA,NA,"124,357",2024,NA,"1,773",NA,NA,NA,NA,NA,NA,NA,NA,NA,NA,NA,NA,NA,NA,NA,NA,NA,NA,NA,NA,NA,NA,NA,NA,NA,NA,NA,NA,NA,NA,NA,Province,Cercado,Capital,Trinidad,NA,NA,NA,NA,NA,NA,NA,NA,NA,NA,NA,NA,NA,NA,NA,Metric,NA,NA,NA,NA,NA,NA,NA,NA,NA,NA,NA,NA,NA,NA,auto,NA,NA,NA,NA,NA,NA,NA,NA,NA,NA,NA,NA,NA,NA,NA,NA,NA,NA,NA,NA,NA,NA,NA,NA,NA,NA,NA,NA,BOT,-4,NA,NA,NA,NA,NA,NA,NA,NA,NA,NA,NA,NA,NA,NA,NA,NA,NA,NA,NA,NA,NA,NA,NA,NA,NA,NA,NA,NA,NA,NA
0,Azurduy Municipality,Category:Municipalities of Chuquisaca Department,28633106,13560,Q1585034,https://en.wikipedia.org/wiki/Azurduy_Municipality,13457,6,25,"2001, 2012","{{Infobox settlement
<!--See the Table at Infobox Settlement for all fields and descriptions of usage-->
<!-- Basic info  ---------------->
|official_name          = Azurduy Municipality 
|other_name             =
|native_name            = 
|nickname               = 
|settlement_type        = Municipality 
|motto                  =
<!-- images and maps  ----------->
|image_skyline          =Klimadiagramm Azurduy.png
|imagesize              = 
|image_caption          =  Climate chart in the Walter and Lieth format, metric, °C und millimeters, made with Geoklima 2.1
|image_map              = 
|mapsize                = 
|map_caption            = 
|image_dot_map          =
|dot_mapsize            =
|dot_map_caption        =
|dot_x =  |dot_y =
|pushpin_map            =Bolivia <!-- the name of a location map as per http://en.wikipedia.org/wiki/Template:Location_map -->
|pushpin_label_position =bottom
|pushpin_map_caption    =Location within Bolivia
<!-- Location ------------------>
|subdivision_type       = Country
|subdivision_name       ={{flag|Bolivia}}
|subdivision_type1      = [[Departments of Bolivia|Department]]
|subdivision_name1      = [[Chuquisaca Department]]
|subdivision_type2      = [[Provinces of Bolivia|Province]]
|subdivision_name2      = [[Azurduy Province]]
<!-- Smaller parts (e.g. boroughs of a city) and seat of government -->
|seat_type              = Seat
|seat                   = [[Azurduy, Bolivia|Villa Azurduy]]
<!-- Politics ----------------->
|government_footnotes   =
|government_type        = 
|leader_title           = Mayor
|leader_name            = Richard Cava Ferrufino
|leader_title1          =President<!-- for places with, say, both a mayor and a city manager -->
|leader_name1           =Florindo Zelaya Villalba
|established_title      = Foundation<!-- Settled -->
|established_date       = 
|established_title2     =  <!-- Incorporated (town) -->
|established_date2      = 
|established_title3     =  <!-- Incorporated (city) -->
|established_date3      =
<!-- Area    --------------------->
|area_magnitude         = 
|unit_pref                =Imperial <!--Enter: Imperial, if Imperial (metric) is desired-->
|area_footnotes           =
|area_total_km2           =<!-- ALL fields dealing with a measurements are subject to automatic unit conversion-->
|area_land_km2            = <!--See table @ Template:Infobox Settlement for details on automatic unit conversion-->
|area_water_km2           =
|area_total_sq_mi         =
|area_land_sq_mi          =
|area_water_sq_mi         =
|area_water_percent       =
<!-- Population   ----------------------->
|population_as_of               = 2012
|population_footnotes           = <ref>[http://censosbolivia.ine.gob.bo/localidades/c_listado INE – Instituto Nacional de Estadística Bolivia 2012] {{webarchive|url=https://web.archive.org/web/20160304072435/http://censosbolivia.ine.gob.bo/localidades/c_listado |date=2016-03-04 }}</ref>
|population_note                =
|population_total               = 10594
|population_density_km2         =
|population_density_sq_mi       =
|population_metro               =
|population_density_metro_km2   =
|population_density_metro_sq_mi =
|population_urban               =
|population_density_urban_km2   =
|population_density_urban_sq_mi =
|population_blank1_title        =Ethnicities
|population_blank1              =
|population_blank2_title        =Religions
|population_blank2              =
|population_density_blank1_km2 =   
|population_density_blank1_sq_mi =
<!-- General information  --------------->
|timezone               = BOT
|utc_offset             = -4
|timezone_DST           = 
|utc_offset_DST         = 
|coordinates            = {{coord|20|12|S|64|26|W|display=inline}}
|elevation_footnotes    = <ref name=""Jefatura"">{{Cite web|title=Municipio de Azurduy|language=Spanish|publisher=Jefatura del Sector de Turismo del Gobierno Autónomo de Chuquisaca|url=http://www.turismochuquisaca.com/content.php?titulo=municipio_azurduy|archiveurl=https://web.archive.org/web/20140103075420/http://www.turismochuquisaca.com/content.php?titulo=municipio_azurduy|archivedate=3 January 2014|url-status=dead|access-date=5 February 2014}}</ref>
|elevation_m            = 2500 
|elevation_ft           =
<!-- Area/postal codes & others -------->
|postal_code_type       =  <!-- enter ZIP code, Postcode, Post code, Postal code... -->
|postal_code            =
|area_code              =
|footnotes              = 
}}",,31,,NA,Klimadiagramm Azurduy.png,Municipality,NA,NA,NA,NA,Bolivia,bottom,Location within Bolivia,Country,Bolivia,Department,Chuquisaca Department,Mayor,Richard Cava Ferrufino,Foundation,NA,NA,10594,2012,NA,NA,NA,2500,NA,BOT,NA,NA,NA,NA,Azurduy Municipality,NA,NA,NA,NA,NA,"Climate chart in the Walter and Lieth format, metric, °C und millimeters, made with Geoklima 2.1",NA,NA,NA,NA,NA,NA,NA,NA,NA,NA,NA,NA,NA,NA,NA,NA,Province,Azurduy Province,Seat,Villa Azurduy,NA,NA,President,Florindo Zelaya Villalba,NA,NA,NA,NA,NA,NA,NA,NA,NA,NA,NA,Imperial,NA,NA,NA,NA,NA,NA,NA,NA,NA,NA,NA,NA,NA,NA,NA,NA,NA,NA,NA,NA,NA,Ethnicities,NA,Religions,NA,NA,NA,-4,NA,NA,NA,NA,NA,NA,NA,NA,NA,NA,NA,NA,NA,NA,NA,NA,NA,NA,NA,NA,NA,NA,NA,NA,NA,NA,NA,NA,NA,NA,NA,NA,NA,NA,NA,NA,NA,NA,NA,NA,NA,NA,NA,NA,NA,NA,NA
0,Monteagudo Municipality,Category:Municipalities of Chuquisaca Department,20760973,1399,Q914026,https://en.wikipedia.org/wiki/Monteagudo_Municipality,1395,0,0,,NA,,0,,NA,NA,NA,NA,NA,NA,NA,NA,NA,NA,NA,NA,NA,NA,NA,NA,NA,NA,NA,NA,NA,NA,NA,NA,NA,NA,NA,NA,NA,NA,NA,NA,NA,NA,NA,NA,NA,NA,NA,NA,NA,NA,NA,NA,NA,NA,NA,NA,NA,NA,NA,NA,NA,NA,NA,NA,NA,NA,NA,NA,NA,NA,NA,NA,NA,NA,NA,NA,NA,NA,NA,NA,NA,NA,NA,NA,NA,NA,NA,NA,NA,NA,NA,NA,NA,NA,NA,NA,NA,NA,NA,NA,NA,NA,NA,NA,NA,NA,NA,NA,NA,NA,NA,NA,NA,NA,NA,NA,NA,NA,NA,NA,NA,NA,NA,NA,NA,NA,NA,NA,NA,NA,NA,NA,NA,NA,NA,NA,NA,NA,NA,NA,NA,NA,NA,NA,NA,NA,NA,NA,NA,NA,NA,NA,NA,NA,NA,NA,NA
0,Tarabuco Municipality,Category:Municipalities of Chuquisaca Department,26785780,9210,Q1860776,https://en.wikipedia.org/wiki/Tarabuco_Municipality,5897,0,5,2001,"{{Infobox settlement
<!--See the Table at Infobox Settlement for all fields and descriptions of usage-->
<!-- Basic info  ---------------->
|official_name          = Tarabuco Municipality
|other_name             = Municipio de Tarabuco
|native_name            = Tarapuku munisipyu
|nickname               = 
|settlement_type        = Municipality 
|motto                  =
<!-- images and maps  ----------->
|image_skyline          = 
|imagesize              = 
|image_caption          = 
|image_flag             = 
|flag_size              =
|image_seal             = 
|seal_size              =
|image_shield           = 
|shield_size            =
|image_blank_emblem     =
|blank_emblem_type      =
|blank_emblem_size      =
|image_map              = 
|mapsize                = 
|map_caption            = 
|image_map1             = 
|mapsize1               = 
|map_caption1           = 
|image_dot_map          =
|dot_mapsize            =
|dot_map_caption        =
|dot_x =  |dot_y =
|pushpin_map            = Bolivia<!-- the name of a location map as per http://en.wikipedia.org/wiki/Template:Location_map -->
|pushpin_label_position =bottom
|pushpin_map_caption    =Location of the Tarabuco Municipality within Bolivia
<!-- Location ------------------>
|subdivision_type       = Country
|subdivision_name       = [[Image:Flag of Bolivia.svg|25px]] [[Bolivia]]
|subdivision_type1      = [[Departments of Bolivia|Department]]
|subdivision_name1      = [[Chuquisaca Department]]
|subdivision_type2      = [[Provinces of Bolivia|Province]]
|subdivision_name2      = [[Yamparáez Province]]
<!-- Smaller parts (e.g. boroughs of a city) and seat of government -->
|seat_type              = Seat
|seat                   = [[Tarabuco]] 
<!-- Politics ----------------->
|government_footnotes   =
|government_type        = 
|leader_title           = Mayor
|leader_name            = ''election on April 4, 2010''
|leader_title1          =President<!-- for places with, say, both a mayor and a city manager -->
|leader_name1           =
|leader_title2          = 
|leader_name2           = 
|leader_title3          =
|leader_name3           =
|leader_title4          =
|leader_name4           =
|established_title      = Foundation<!-- Settled -->
|established_date       = 
|established_title2     = Incorporated (municipality)
|established_date2      = 18 November 1912
|established_title3     =  <!-- Incorporated (city) -->
|established_date3      =
<!-- Area    --------------------->
|area_magnitude         = 
|unit_pref                =Imperial <!--Enter: Imperial, if Imperial (metric) is desired-->
|area_footnotes           =
|area_total_km2           = 1023 <!-- ALL fields dealing with a measurements are subject to automatic unit conversion-->
|area_land_km2            = <!--See table @ Template:Infobox Settlement for details on automatic unit conversion-->
|area_water_km2           =
|area_total_sq_mi         =
|area_land_sq_mi          =
|area_water_sq_mi         =
|area_water_percent       =
|area_urban_km2           =
|area_urban_sq_mi         =
|area_metro_km2           =
|area_metro_sq_mi         =
|area_blank1_title        =
|area_blank1_km2          =
|area_blank1_sq_mi        =
<!-- Population   ----------------------->
|population_as_of               = 2001
|population_footnotes           = 
|population_note                =
|population_total               = 19,554<ref name=TarabucoMA />
|population_density_km2         =
|population_density_sq_mi       =
|population_metro               =
|population_density_metro_km2   =
|population_density_metro_sq_mi =
|population_urban               =
|population_density_urban_km2   =
|population_density_urban_sq_mi =
|population_blank1_title        =Ethnicities
|population_blank1              =Yampará (Quechua), Aymara, other indigenous, Guaraní 
|population_blank2_title        =Religions
|population_blank2              =
|population_density_blank1_km2 =   
|population_density_blank1_sq_mi =
<!-- General information  --------------->
|timezone               = BOT
|utc_offset             = -4
|timezone_DST           = 
|utc_offset_DST         = 
|coordinates            = {{coord|19|10|S|64|55|W|region:BO|display=inline,title}}
|elevation_footnotes    =  <!--for references: use <ref> </ref> tags-->
|elevation_m            =3500
|elevation_ft           =
<!-- Area/postal codes & others -------->
|postal_code_type       =  <!-- enter ZIP code, Postcode, Post code, Postal code... -->
|postal_code            =
|area_code              =
|blank_name             =INE
|blank_info             =010601
|blank1_name            =
|blank1_info            =
|website                = 
|footnotes              = 
}}",,34,,NA,NA,Municipality,NA,NA,NA,NA,Bolivia,bottom,Location of the Tarabuco Municipality within Bolivia,Country,25px Bolivia,Department,Chuquisaca Department,Mayor,"''election on April 4, 2010''",Foundation,NA,NA,"19,554",2001,NA,1023,NA,3500,NA,BOT,NA,NA,NA,NA,Tarabuco Municipality,Municipio de Tarabuco,Tarapuku munisipyu,NA,NA,NA,NA,NA,NA,NA,NA,NA,NA,NA,NA,NA,NA,NA,NA,NA,NA,NA,NA,Province,Yamparáez Province,Seat,Tarabuco,NA,NA,President,NA,NA,NA,NA,NA,NA,NA,Incorporated (municipality),18 November 1912,NA,NA,NA,Imperial,NA,NA,NA,NA,NA,NA,NA,NA,NA,NA,NA,NA,NA,NA,NA,NA,NA,NA,NA,NA,NA,Ethnicities,"Yampará (Quechua), Aymara, other indigenous, Guaraní",Religions,NA,NA,NA,-4,NA,NA,NA,NA,NA,NA,NA,NA,INE,010601,NA,NA,NA,NA,NA,NA,NA,NA,NA,NA,NA,NA,NA,NA,NA,NA,NA,NA,NA,NA,NA,NA,NA,NA,NA,NA,NA,NA,NA,NA,NA,NA,NA,NA,NA,NA,NA
0,Villa Abecia Municipality,Category:Municipalities of Chuquisaca Department,79176129,4224,Q1142199,https://en.wikipedia.org/wiki/Villa_Abecia_Municipality,4171,2,7,"2012, 2024",NA,,0,,NA,NA,NA,NA,NA,NA,NA,NA,NA,NA,NA,NA,NA,NA,NA,NA,NA,NA,NA,NA,NA,NA,NA,NA,NA,NA,NA,NA,NA,NA,NA,NA,NA,NA,NA,NA,NA,NA,NA,NA,NA,NA,NA,NA,NA,NA,NA,NA,NA,NA,NA,NA,NA,NA,NA,NA,NA,NA,NA,NA,NA,NA,NA,NA,NA,NA,NA,NA,NA,NA,NA,NA,NA,NA,NA,NA,NA,NA,NA,NA,NA,NA,NA,NA,NA,NA,NA,NA,NA,NA,NA,NA,NA,NA,NA,NA,NA,NA,NA,NA,NA,NA,NA,NA,NA,NA,NA,NA,NA,NA,NA,NA,NA,NA,NA,NA,NA,NA,NA,NA,NA,NA,NA,NA,NA,NA,NA,NA,NA,NA,NA,NA,NA,NA,NA,NA,NA,NA,NA,NA,NA,NA,NA,NA,NA,NA,NA,NA,NA
0,Aiquile Municipality,Category:Municipalities of Cochabamba Department,24862650,6434,Q1521142,https://en.wikipedia.org/wiki/Aiquile_Municipality,6431,0,2,2001,"{{Infobox settlement
<!--See the Table at Infobox Settlement for all fields and descriptions of usage-->
<!-- Basic info  ---------------->
|official_name          = Aiquile Municipality
|other_name             =
|native_name            = 
|nickname               = 
|settlement_type        = Municipality 
|motto                  =
<!-- images and maps  ----------->
|image_skyline          =Aiquile Station.JPG
|imagesize              = 
|image_caption          =  Aiquile station
|image_flag             = 
|flag_size              =
|image_seal             = 
|seal_size              =
|image_shield           = 
|shield_size            =
|image_blank_emblem     =
|blank_emblem_type      =
|blank_emblem_size      =
|image_map              = 
|mapsize                = 
|map_caption            = 
|image_map1             = 
|mapsize1               = 
|map_caption1           = 
|image_dot_map          =
|dot_mapsize            =
|dot_map_caption        =
|dot_x =  |dot_y =
|pushpin_map            =Bolivia<!-- the name of a location map as per http://en.wikipedia.org/wiki/Template:Location_map -->
|pushpin_label_position =bottom
|pushpin_map_caption    =Location within Bolivia
<!-- Location ------------------>
|subdivision_type       = Country
|subdivision_name       ={{flag|Bolivia}}
|subdivision_type1      = [[Departments of Bolivia|Department]]
|subdivision_name1      = [[Cochabamba Department]]
|subdivision_type2      = [[Provinces of Bolivia|Province]]
|subdivision_name2      = [[Narciso Campero Province]]
|subdivision_type4      = [[Cantons of Bolivia|Cantons]]
|subdivision_name4      = 3
<!-- Smaller parts (e.g. boroughs of a city) and seat of government -->
|seat_type              = Seat
|seat                   = [[Aiquile]]
<!-- Politics ----------------->
|government_footnotes   =
|government_type        = 
|leader_title           = Mayor
|leader_name            = Marina Camacho (2007)
|leader_title1          =President<!-- for places with, say, both a mayor and a city manager -->
|leader_name1           =
|leader_title2          = 
|leader_name2           = 
|leader_title3          =
|leader_name3           =
|leader_title4          =
|leader_name4           =
|established_title      = Foundation<!-- Settled -->
|established_date       = 
|established_title2     =  <!-- Incorporated (town) -->
|established_date2      = 
|established_title3     =  <!-- Incorporated (city) -->
|established_date3      =
<!-- Area    --------------------->
|area_magnitude         = 
|unit_pref                =Imperial <!--Enter: Imperial, if Imperial (metric) is desired-->
|area_footnotes           =
|area_total_km2           =2500 <!-- ALL fields dealing with a measurements are subject to automatic unit conversion-->
|area_land_km2            = <!--See table @ Template:Infobox Settlement for details on automatic unit conversion-->
|area_water_km2           =
|area_total_sq_mi         =
|area_land_sq_mi          =
|area_water_sq_mi         =
|area_water_percent       =
|area_urban_km2           =
|area_urban_sq_mi         =
|area_metro_km2           =
|area_metro_sq_mi         =
|area_blank1_title        =
|area_blank1_km2          =
|area_blank1_sq_mi        =
<!-- Population   ----------------------->
|population_as_of               = 2001
|population_footnotes           =
|population_note                =
|population_total               = 26,181
|population_density_km2         =
|population_density_sq_mi       =
|population_metro               =
|population_density_metro_km2   =
|population_density_metro_sq_mi =
|population_urban               =
|population_density_urban_km2   =
|population_density_urban_sq_mi =
|population_blank1_title        =Ethnicities
|population_blank1              =
|population_blank2_title        =Religions
|population_blank2              =
|population_density_blank1_km2 =   
|population_density_blank1_sq_mi =
<!-- General information  --------------->
|timezone               = BOT
|utc_offset             = -4
|timezone_DST           = 
|utc_offset_DST         = 
|coordinates            = {{coord|18|24|S|65|5|W|display=inline}}
|elevation_footnotes    =  <!--for references: use <ref> </ref> tags-->
|elevation_m            =
|elevation_ft           =
<!-- Area/postal codes & others -------->
|postal_code_type       =  <!-- enter ZIP code, Postcode, Post code, Postal code... -->
|postal_code            =
|area_code              =
|blank_name             =
|blank_info             =
|blank1_name            =
|blank1_info            =
|website                = 
|footnotes              = 
}}",,30,,NA,Aiquile Station.JPG,Municipality,NA,NA,NA,NA,Bolivia,bottom,Location within Bolivia,Country,Bolivia,Department,Cochabamba Department,Mayor,Marina Camacho (2007),Foundation,NA,NA,"26,181",2001,NA,2500,NA,NA,NA,BOT,NA,NA,NA,NA,Aiquile Municipality,NA,NA,NA,NA,NA,Aiquile station,NA,NA,NA,NA,NA,NA,NA,NA,NA,NA,NA,NA,NA,NA,NA,NA,Province,Narciso Campero Province,Seat,Aiquile,NA,NA,President,NA,NA,NA,NA,NA,NA,NA,NA,NA,NA,NA,NA,Imperial,NA,NA,NA,NA,NA,NA,NA,NA,NA,NA,NA,NA,NA,NA,NA,NA,NA,NA,NA,NA,NA,Ethnicities,NA,Religions,NA,NA,NA,-4,NA,NA,NA,NA,NA,NA,NA,NA,NA,NA,NA,NA,NA,NA,NA,NA,NA,Cantons,3,NA,NA,NA,NA,NA,NA,NA,NA,NA,NA,NA,NA,NA,NA,NA,NA,NA,NA,NA,NA,NA,NA,NA,NA,NA,NA,NA,NA
0,Alalay Municipality,Category:Municipalities of Cochabamba Department,24862662,6857,Q1521154,https://en.wikipedia.org/wiki/Alalay_Municipality,6853,1,8,2001,"{{Infobox settlement
<!--See the Table at Infobox Settlement for all fields and descriptions of usage-->
<!-- Basic info  ---------------->
|official_name          = Alalay Municipality
|other_name             =
|native_name            = 
|nickname               = 
|settlement_type        = Municipality 
|motto                  =
<!-- images and maps  ----------->
|image_skyline          =
|imagesize              = 
|image_caption          =  
|image_flag             = 
|flag_size              =
|image_seal             = 
|seal_size              =
|image_shield           = 
|shield_size            =
|image_blank_emblem     =
|blank_emblem_type      =
|blank_emblem_size      =
|image_map              = 
|mapsize                = 
|map_caption            = 
|image_map1             = 
|mapsize1               = 
|map_caption1           = 
|image_dot_map          =
|pushpin_map            =Bolivia<!-- the name of a location map as per http://en.wikipedia.org/wiki/Template:Location_map -->
|pushpin_label_position =bottom
|pushpin_map_caption    =Location within Bolivia
<!-- Location ------------------>
|subdivision_type       = Country
|subdivision_name       ={{flag|Bolivia}}
|subdivision_type1      = [[Departments of Bolivia|Department]]
|subdivision_name1      = [[Cochabamba Department]]
|subdivision_type2      = [[Provinces of Bolivia|Province]]
|subdivision_name2      = [[Mizque Province]]
<!-- Smaller parts (e.g. boroughs of a city) and seat of government -->
|seat_type              = Seat
|seat                   = [[Alalay]]
<!-- Politics ----------------->
|government_footnotes   =
|government_type        = 
|leader_title           = Mayor
|leader_name            = Juan Rosas Camacho (2007)
|leader_title1          =President<!-- for places with, say, both a mayor and a city manager -->
|leader_name1           =	Juan Rios Rojas (2007)
|leader_title2          = 
|leader_name2           = 
|leader_title3          =
|leader_name3           =
|leader_title4          =
|leader_name4           =
|established_title      = Foundation<!-- Settled -->
|established_date       = 
|established_title2     =  <!-- Incorporated (town) -->
|established_date2      = 
|established_title3     =  <!-- Incorporated (city) -->
|established_date3      =
<!-- Area    --------------------->
|area_magnitude         = 
|unit_pref                =Imperial <!--Enter: Imperial, if Imperial (metric) is desired-->
|area_footnotes           =
|area_total_km2           =<!-- ALL fields dealing with a measurements are subject to automatic unit conversion-->
|area_land_km2            = <!--See table @ Template:Infobox Settlement for details on automatic unit conversion-->
|area_water_km2           =
|area_total_sq_mi         =
|area_land_sq_mi          =
|area_water_sq_mi         =
|area_water_percent       =
|area_urban_km2           =
|area_urban_sq_mi         =
|area_metro_km2           =
|area_metro_sq_mi         =
|area_blank1_title        =
|area_blank1_km2          =
|area_blank1_sq_mi        =
<!-- Population   ----------------------->
|population_as_of               = 2001
|population_footnotes           =
|population_note                =
|population_total               = 4,931
|population_density_km2         =
|population_density_sq_mi       =
|population_metro               =
|population_density_metro_km2   =
|population_density_metro_sq_mi =
|population_urban               =
|population_density_urban_km2   =
|population_density_urban_sq_mi =
|population_blank1_title        =Ethnicities
|population_blank1              =
|population_blank2_title        =Religions
|population_blank2              =
|population_density_blank1_km2 =   
|population_density_blank1_sq_mi =
<!-- General information  --------------->
|timezone               = BOT
|utc_offset             = -4
|timezone_DST           = 
|utc_offset_DST         = 
|coordinates            = {{coord|17|50|S|66|29|W|display=inline}}
|elevation_footnotes    =  <!--for references: use <ref> </ref> tags-->
|elevation_m            = 4000
|elevation_ft           =
<!-- Area/postal codes & others -------->
|postal_code_type       =  <!-- enter ZIP code, Postcode, Post code, Postal code... -->
|postal_code            =
|area_code              =
|blank_name             =
|blank_info             =
|blank1_name            =
|blank1_info            =
|website                = 
|footnotes              = 
}}",,27,,NA,NA,Municipality,NA,NA,NA,NA,Bolivia,bottom,Location within Bolivia,Country,Bolivia,Department,Cochabamba Department,Mayor,Juan Rosas Camacho (2007),Foundation,NA,NA,"4,931",2001,NA,NA,NA,4000,NA,BOT,NA,NA,NA,NA,Alalay Municipality,NA,NA,NA,NA,NA,NA,NA,NA,NA,NA,NA,NA,NA,NA,NA,NA,NA,NA,NA,NA,NA,NA,Province,Mizque Province,Seat,Alalay,NA,NA,President,Juan Rios Rojas (2007),NA,NA,NA,NA,NA,NA,NA,NA,NA,NA,NA,Imperial,NA,NA,NA,NA,NA,NA,NA,NA,NA,NA,NA,NA,NA,NA,NA,NA,NA,NA,NA,NA,NA,Ethnicities,NA,Religions,NA,NA,NA,-4,NA,NA,NA,NA,NA,NA,NA,NA,NA,NA,NA,NA,NA,NA,NA,NA,NA,NA,NA,NA,NA,NA,NA,NA,NA,NA,NA,NA,NA,NA,NA,NA,NA,NA,NA,NA,NA,NA,NA,NA,NA,NA,NA,NA,NA,NA,NA
0,Anzaldo Municipality,Category:Municipalities of Cochabamba Department,24585265,6936,Q1516966,https://en.wikipedia.org/wiki/Anzaldo_Municipality,6929,0,4,2001,"{{Infobox settlement
<!--See the Table at Infobox Settlement for all fields and descriptions of usage-->
<!-- Basic info  ---------------->
|official_name          = Anzaldo Municipality
|other_name             =
|native_name            = 
|nickname               = 
|settlement_type        = Municipality 
|motto                  =
<!-- images and maps  ----------->
|image_skyline          = 
|imagesize              = 250px
|image_caption          = 
|image_flag             = 
|flag_size              =
|image_seal             = 
|seal_size              =
|image_shield           = 
|shield_size            =
|image_blank_emblem     =
|blank_emblem_type      =
|blank_emblem_size      =
|image_map              = 
|mapsize                = 
|map_caption            = 
|image_map1             = 
|mapsize1               = 
|map_caption1           = 
|image_dot_map          =
|dot_mapsize            =
|dot_map_caption        =
|dot_x =  |dot_y =
|pushpin_map            = Bolivia<!-- the name of a location map as per http://en.wikipedia.org/wiki/Template:Location_map -->
|pushpin_label_position =bottom
|pushpin_map_caption    =Location of the Anzaldo Municipality within Bolivia
<!-- Location ------------------>
|subdivision_type       = Country
|subdivision_name       = [[Image:Flag of Bolivia.svg|25px]] [[Bolivia]]
|subdivision_type1      = [[Departments of Bolivia|Department]]
|subdivision_name1      = [[Cochabamba Department]]
|subdivision_type2      = [[Provinces of Bolivia|Province]]
|subdivision_name2      = [[Esteban Arce Province]]
<!-- Smaller parts (e.g. boroughs of a city) and seat of government -->
|seat_type              = Seat
|seat                   = [[Anzaldo]]
<!-- Politics ----------------->
|government_footnotes   =
|government_type        = 
|leader_title           = Mayor
|leader_name            = Asterio Camacho Ugarte (2007)
|leader_title1          =President<!-- for places with, say, both a mayor and a city manager -->
|leader_name1           = Alberto García Meneces (2007)
|leader_title2          = 
|leader_name2           = 
|leader_title3          =
|leader_name3           =
|leader_title4          =
|leader_name4           =
|established_title      =  <!-- Settled -->
|established_date       = 
|established_title2     =  <!-- Incorporated (town) -->
|established_date2      = 
|established_title3     =  <!-- Incorporated (city) -->
|established_date3      =
<!-- Area    --------------------->
|area_magnitude         = 
|unit_pref                =Imperial <!--Enter: Imperial, if Imperial (metric) is desired-->
|area_footnotes           =
|area_total_km2           = 641<!-- ALL fields dealing with a measurements are subject to automatic unit conversion-->
|area_land_km2            = <!--See table @ Template:Infobox Settlement for details on automatic unit conversion-->
|area_water_km2           =
|area_total_sq_mi         =
|area_land_sq_mi          =
|area_water_sq_mi         =
|area_water_percent       =
|area_urban_km2           =
|area_urban_sq_mi         =
|area_metro_km2           =
|area_metro_sq_mi         =
|area_blank1_title        =
|area_blank1_km2          =
|area_blank1_sq_mi        =
<!-- Population   ----------------------->
|population_as_of               = 2001
|population_footnotes           =
|population_note                =
|population_total               =9126
|population_density_km2         =
|population_density_sq_mi       =
|population_metro               =
|population_density_metro_km2   =
|population_density_metro_sq_mi =
|population_urban               =
|population_density_urban_km2   =
|population_density_urban_sq_mi =
|population_blank1_title        =Ethnicities
|population_blank1              =
|population_blank2_title        =Religions
|population_blank2              =
|population_density_blank1_km2 =   
|population_density_blank1_sq_mi =
<!-- General information  --------------->
|timezone               = BOT
|utc_offset             = -4
|timezone_DST           = 
|utc_offset_DST         = 
|coordinates            = {{coord|17|49|0|S|65|56|0|W|region:BO|display=inline,title}}
|elevation_footnotes    =  <!--for references: use <ref> </ref> tags-->
|elevation_m            =2600
|elevation_ft           =
<!-- Area/postal codes & others -------->
|postal_code_type       =  <!-- enter ZIP code, Postcode, Post code, Postal code... -->
|postal_code            =
|area_code              =
|blank_name             =
|blank_info             =
|blank1_name            =
|blank1_info            =
|website                = 
|footnotes              = 
}}",,28,,NA,NA,Municipality,NA,NA,NA,NA,Bolivia,bottom,Location of the Anzaldo Municipality within Bolivia,Country,25px Bolivia,Department,Cochabamba Department,Mayor,Asterio Camacho Ugarte (2007),NA,NA,NA,9126,2001,NA,641,NA,2600,NA,BOT,NA,NA,NA,NA,Anzaldo Municipality,NA,NA,NA,NA,250px,NA,NA,NA,NA,NA,NA,NA,NA,NA,NA,NA,NA,NA,NA,NA,NA,NA,Province,Esteban Arce Province,Seat,Anzaldo,NA,NA,President,Alberto García Meneces (2007),NA,NA,NA,NA,NA,NA,NA,NA,NA,NA,NA,Imperial,NA,NA,NA,NA,NA,NA,NA,NA,NA,NA,NA,NA,NA,NA,NA,NA,NA,NA,NA,NA,NA,Ethnicities,NA,Religions,NA,NA,NA,-4,NA,NA,NA,NA,NA,NA,NA,NA,NA,NA,NA,NA,NA,NA,NA,NA,NA,NA,NA,NA,NA,NA,NA,NA,NA,NA,NA,NA,NA,NA,NA,NA,NA,NA,NA,NA,NA,NA,NA,NA,NA,NA,NA,NA,NA,NA,NA
0,Arani Municipality,Category:Municipalities of Cochabamba Department,24586090,7770,Q1816566,https://en.wikipedia.org/wiki/Arani_Municipality,7637,0,6,2001,"{{Infobox settlement
<!--See the Table at Infobox Settlement for all fields and descriptions of usage-->
<!-- Basic info  ---------------->
|official_name          = Arani Municipality
|other_name             =
|native_name            = 
|nickname               = 
|settlement_type        = Municipality 
|motto                  =
<!-- images and maps  ----------->
|image_skyline          = Vista de la población de Arani.JPG
|imagesize              = 250px
|image_caption          = Arani
|image_flag             = 
|flag_size              =
|image_seal             = 
|seal_size              =
|image_shield           = 
|shield_size            =
|image_blank_emblem     =
|blank_emblem_type      =
|blank_emblem_size      =
|image_map              = 
|mapsize                = 
|map_caption            = 
|image_map1             = 
|mapsize1               = 
|map_caption1           = 
|image_dot_map          =
|dot_mapsize            =
|dot_map_caption        =
|dot_x =  |dot_y =
|pushpin_map            = Bolivia<!-- the name of a location map as per http://en.wikipedia.org/wiki/Template:Location_map -->
|pushpin_label_position =bottom
|pushpin_map_caption    =Location of the Arani Municipality within Bolivia
<!-- Location ------------------>
|subdivision_type       = Country
|subdivision_name       = [[Image:Flag of Bolivia.svg|25px]] [[Bolivia]]
|subdivision_type1      = [[Departments of Bolivia|Department]]
|subdivision_name1      = [[Cochabamba Department]]
|subdivision_type2      = [[Provinces of Bolivia|Province]]
|subdivision_name2      = [[Arani Province]]
<!-- Smaller parts (e.g. boroughs of a city) and seat of government -->
|seat_type              = Seat
|seat                   = [[Arani, Bolivia|Arani]]
<!-- Politics ----------------->
|government_footnotes   =
|government_type        = 
|leader_title           = Mayor
|leader_name            = [[Vicente Rojas Camacho]] (2007)
|leader_title1          =President<!-- for places with, say, both a mayor and a city manager -->
|leader_name1           = [[Ramiro Montaño Orellana]] (2007)
|leader_title2          = 
|leader_name2           = 
|leader_title3          =
|leader_name3           =
|leader_title4          =
|leader_name4           =
|established_title      =  <!-- Settled -->
|established_date       = 
|established_title2     =  <!-- Incorporated (town) -->
|established_date2      = 
|established_title3     =  <!-- Incorporated (city) -->
|established_date3      =
<!-- Area    --------------------->
|area_magnitude         = 
|unit_pref                =Imperial <!--Enter: Imperial, if Imperial (metric) is desired-->
|area_footnotes           =
|area_total_km2           = 214<!-- ALL fields dealing with a measurements are subject to automatic unit conversion-->
|area_land_km2            = <!--See table @ Template:Infobox Settlement for details on automatic unit conversion-->
|area_water_km2           =
|area_total_sq_mi         =
|area_land_sq_mi          =
|area_water_sq_mi         =
|area_water_percent       =
|area_urban_km2           =
|area_urban_sq_mi         =
|area_metro_km2           =
|area_metro_sq_mi         =
|area_blank1_title        =
|area_blank1_km2          =
|area_blank1_sq_mi        =
<!-- Population   ----------------------->
|population_as_of               = 2001
|population_footnotes           =
|population_note                =
|population_total               =11542
|population_density_km2         =
|population_density_sq_mi       =
|population_metro               =
|population_density_metro_km2   =
|population_density_metro_sq_mi =
|population_urban               =
|population_density_urban_km2   =
|population_density_urban_sq_mi =
|population_blank1_title        =Ethnicities
|population_blank1              =[[Quechua people|Quechuas]]
|population_blank2_title        =Religions
|population_blank2              =
|population_density_blank1_km2 =   
|population_density_blank1_sq_mi =
<!-- General information  --------------->
|timezone               = BOT
|utc_offset             = -4
|timezone_DST           = 
|utc_offset_DST         = 
|coordinates            = {{coord|17|34|0|S|65|46|0|W|region:BO|display=inline,title}}
|elevation_footnotes    =  <!--for references: use <ref> </ref> tags-->
|elevation_m            =
|elevation_ft           =
<!-- Area/postal codes & others -------->
|postal_code_type       =  <!-- enter ZIP code, Postcode, Post code, Postal code... -->
|postal_code            =
|area_code              =
|blank_name             =
|blank_info             =
|blank1_name            =
|blank1_info            =
|website                = 
|footnotes              = 
}}",,30,,NA,Vista de la población de Arani.JPG,Municipality,NA,NA,NA,NA,Bolivia,bottom,Location of the Arani Municipality within Bolivia,Country,25px Bolivia,Department,Cochabamba Department,Mayor,Vicente Rojas Camacho (2007),NA,NA,NA,11542,2001,NA,214,NA,NA,NA,BOT,NA,NA,NA,NA,Arani Municipality,NA,NA,NA,NA,250px,Arani,NA,NA,NA,NA,NA,NA,NA,NA,NA,NA,NA,NA,NA,NA,NA,NA,Province,Arani Province,Seat,Arani,NA,NA,President,Ramiro Montaño Orellana (2007),NA,NA,NA,NA,NA,NA,NA,NA,NA,NA,NA,Imperial,NA,NA,NA,NA,NA,NA,NA,NA,NA,NA,NA,NA,NA,NA,NA,NA,NA,NA,NA,NA,NA,Ethnicities,Quechuas,Religions,NA,NA,NA,-4,NA,NA,NA,NA,NA,NA,NA,NA,NA,NA,NA,NA,NA,NA,NA,NA,NA,NA,NA,NA,NA,NA,NA,NA,NA,NA,NA,NA,NA,NA,NA,NA,NA,NA,NA,NA,NA,NA,NA,NA,NA,NA,NA,NA,NA,NA,NA
0,Arbieto Municipality,Category:Municipalities of Cochabamba Department,24585359,5981,Q1516960,https://en.wikipedia.org/wiki/Arbieto_Municipality,5978,0,3,2001,"{{Infobox settlement
<!--See the Table at Infobox Settlement for all fields and descriptions of usage-->
<!-- Basic info  ---------------->
|official_name          = Arbieto Municipality
|other_name             =
|native_name            = 
|nickname               = 
|settlement_type        = Municipality 
|motto                  =
<!-- images and maps  ----------->
|image_skyline          = 
|imagesize              = 250px
|image_caption          = 
|image_flag             = 
|flag_size              =
|image_seal             = 
|seal_size              =
|image_shield           = 
|shield_size            =
|image_blank_emblem     =
|blank_emblem_type      =
|blank_emblem_size      =
|image_map              = 
|mapsize                = 
|map_caption            = 
|image_map1             = 
|mapsize1               = 
|map_caption1           = 
|image_dot_map          =
|dot_mapsize            =
|dot_map_caption        =
|dot_x =  |dot_y =
|pushpin_map            = Bolivia<!-- the name of a location map as per http://en.wikipedia.org/wiki/Template:Location_map -->
|pushpin_label_position =bottom
|pushpin_map_caption    =Location of the Arbieto Municipality within Bolivia
<!-- Location ------------------>
|subdivision_type       = Country
|subdivision_name       = [[Image:Flag of Bolivia.svg|25px]] [[Bolivia]]
|subdivision_type1      = [[Departments of Bolivia|Department]]
|subdivision_name1      = [[Cochabamba Department]]
|subdivision_type2      = [[Provinces of Bolivia|Province]]
|subdivision_name2      = [[Esteban Arce Province]]
<!-- Smaller parts (e.g. boroughs of a city) and seat of government -->
|seat_type              = Seat
|seat                   = [[Arbieto]]
<!-- Politics ----------------->
|government_footnotes   =
|government_type        = 
|leader_title           = Mayor
|leader_name            = Crecencio Soto Amurrio (2007)
|leader_title1          =President<!-- for places with, say, both a mayor and a city manager -->
|leader_name1           = Fernando Fernández Claros (2007
|leader_title2          = 
|leader_name2           = 
|leader_title3          =
|leader_name3           =
|leader_title4          =
|leader_name4           =
|established_title      =  <!-- Settled -->
|established_date       = 
|established_title2     =  <!-- Incorporated (town) -->
|established_date2      = 
|established_title3     =  <!-- Incorporated (city) -->
|established_date3      =
<!-- Area    --------------------->
|area_magnitude         = 
|unit_pref                =Imperial <!--Enter: Imperial, if Imperial (metric) is desired-->
|area_footnotes           =
|area_total_km2           = 146<!-- ALL fields dealing with a measurements are subject to automatic unit conversion-->
|area_land_km2            = <!--See table @ Template:Infobox Settlement for details on automatic unit conversion-->
|area_water_km2           =
|area_total_sq_mi         =
|area_land_sq_mi          =
|area_water_sq_mi         =
|area_water_percent       =
|area_urban_km2           =
|area_urban_sq_mi         =
|area_metro_km2           =
|area_metro_sq_mi         =
|area_blank1_title        =
|area_blank1_km2          =
|area_blank1_sq_mi        =
<!-- Population   ----------------------->
|population_as_of               = 2001
|population_footnotes           =
|population_note                =
|population_total               =9438
|population_density_km2         =
|population_density_sq_mi       =
|population_metro               =
|population_density_metro_km2   =
|population_density_metro_sq_mi =
|population_urban               =
|population_density_urban_km2   =
|population_density_urban_sq_mi =
|population_blank1_title        =Ethnicities
|population_blank1              =
|population_blank2_title        =Religions
|population_blank2              =
|population_density_blank1_km2 =   
|population_density_blank1_sq_mi =
<!-- General information  --------------->
|timezone               = BOT
|utc_offset             = -4
|timezone_DST           = 
|utc_offset_DST         = 
|coordinates            = {{coord|17|33|0|S|66|5|0|W|region:BO|display=inline,title}}
|elevation_footnotes    =  <!--for references: use <ref> </ref> tags-->
|elevation_m            =
|elevation_ft           =
<!-- Area/postal codes & others -------->
|postal_code_type       =  <!-- enter ZIP code, Postcode, Post code, Postal code... -->
|postal_code            =
|area_code              =
|blank_name             =
|blank_info             =
|blank1_name            =
|blank1_info            =
|website                = 
|footnotes              = 
}}",,27,,NA,NA,Municipality,NA,NA,NA,NA,Bolivia,bottom,Location of the Arbieto Municipality within Bolivia,Country,25px Bolivia,Department,Cochabamba Department,Mayor,Crecencio Soto Amurrio (2007),NA,NA,NA,9438,2001,NA,146,NA,NA,NA,BOT,NA,NA,NA,NA,Arbieto Municipality,NA,NA,NA,NA,250px,NA,NA,NA,NA,NA,NA,NA,NA,NA,NA,NA,NA,NA,NA,NA,NA,NA,Province,Esteban Arce Province,Seat,Arbieto,NA,NA,President,Fernando Fernández Claros (2007,NA,NA,NA,NA,NA,NA,NA,NA,NA,NA,NA,Imperial,NA,NA,NA,NA,NA,NA,NA,NA,NA,NA,NA,NA,NA,NA,NA,NA,NA,NA,NA,NA,NA,Ethnicities,NA,Religions,NA,NA,NA,-4,NA,NA,NA,NA,NA,NA,NA,NA,NA,NA,NA,NA,NA,NA,NA,NA,NA,NA,NA,NA,NA,NA,NA,NA,NA,NA,NA,NA,NA,NA,NA,NA,NA,NA,NA,NA,NA,NA,NA,NA,NA,NA,NA,NA,NA,NA,NA
0,Arque Municipality,Category:Municipalities of Cochabamba Department,24862665,7227,Q1521216,https://en.wikipedia.org/wiki/Arque_Municipality,7221,1,9,2001,"{{Infobox settlement
<!--See the Table at Infobox Settlement for all fields and descriptions of usage-->
<!-- Basic info  ---------------->
|official_name          = Arque Municipality
|other_name             =
|native_name            = 
|nickname               = 
|settlement_type        = Municipality 
|motto                  =
<!-- images and maps  ----------->
|image_skyline          =
|imagesize              = 
|image_caption          =  
|image_flag             = 
|flag_size              =
|image_seal             = 
|seal_size              =
|image_shield           = 
|shield_size            =
|image_blank_emblem     =
|blank_emblem_type      =
|blank_emblem_size      =
|image_map              = 
|mapsize                = 
|map_caption            = 
|image_map1             = 
|mapsize1               = 
|map_caption1           = 
|image_dot_map          =
|pushpin_map            =Bolivia<!-- the name of a location map as per http://en.wikipedia.org/wiki/Template:Location_map -->
|pushpin_label_position =bottom
|pushpin_map_caption    =Location within Bolivia
<!-- Location ------------------>
|subdivision_type       = Country
|subdivision_name       ={{flag|Bolivia}}
|subdivision_type1      = [[Departments of Bolivia|Department]]
|subdivision_name1      = [[Cochabamba Department]]
|subdivision_type2      = [[Provinces of Bolivia|Province]]
|subdivision_name2      = [[Arque Province]]
<!-- Smaller parts (e.g. boroughs of a city) and seat of government -->
|seat_type              = Seat
|seat                   = [[Arque]]
<!-- Politics ----------------->
|government_footnotes   =
|government_type        = 
|leader_title           = Mayor
|leader_name            = Hilarion Valencia Anabe (2007)
|leader_title1          =President<!-- for places with, say, both a mayor and a city manager -->
|leader_name1           =Gaby Gutierrez Hurtade (2007)
|leader_title2          = 
|leader_name2           = 
|leader_title3          =
|leader_name3           =
|leader_title4          =
|leader_name4           =
|established_title      = Foundation<!-- Settled -->
|established_date       = 
|established_title2     =  <!-- Incorporated (town) -->
|established_date2      = 
|established_title3     =  <!-- Incorporated (city) -->
|established_date3      =
<!-- Area    --------------------->
|area_magnitude         = 
|unit_pref                =Imperial <!--Enter: Imperial, if Imperial (metric) is desired-->
|area_footnotes           =
|area_total_km2           =<!-- ALL fields dealing with a measurements are subject to automatic unit conversion-->
|area_land_km2            = <!--See table @ Template:Infobox Settlement for details on automatic unit conversion-->
|area_water_km2           =
|area_total_sq_mi         =
|area_land_sq_mi          =
|area_water_sq_mi         =
|area_water_percent       =
|area_urban_km2           =
|area_urban_sq_mi         =
|area_metro_km2           =
|area_metro_sq_mi         =
|area_blank1_title        =
|area_blank1_km2          =
|area_blank1_sq_mi        =
<!-- Population   ----------------------->
|population_as_of               = 2001
|population_footnotes           =
|population_note                =
|population_total               = 11,806
|population_density_km2         =
|population_density_sq_mi       =
|population_metro               =
|population_density_metro_km2   =
|population_density_metro_sq_mi =
|population_urban               =
|population_density_urban_km2   =
|population_density_urban_sq_mi =
|population_blank1_title        =Ethnicities
|population_blank1              =
|population_blank2_title        =Religions
|population_blank2              =
|population_density_blank1_km2 =   
|population_density_blank1_sq_mi =
<!-- General information  --------------->
|timezone               = BOT
|utc_offset             = -4
|timezone_DST           = 
|utc_offset_DST         = 
|coordinates            = {{coord|17|49|S|66|26|W|display=inline}}
|elevation_footnotes    =  <!--for references: use <ref> </ref> tags-->
|elevation_m            =3500
|elevation_ft           =
<!-- Area/postal codes & others -------->
|postal_code_type       =  <!-- enter ZIP code, Postcode, Post code, Postal code... -->
|postal_code            =
|area_code              =
|blank_name             =
|blank_info             =
|blank1_name            =
|blank1_info            =
|website                = 
|footnotes              = 
}}",,27,,NA,NA,Municipality,NA,NA,NA,NA,Bolivia,bottom,Location within Bolivia,Country,Bolivia,Department,Cochabamba Department,Mayor,Hilarion Valencia Anabe (2007),Foundation,NA,NA,"11,806",2001,NA,NA,NA,3500,NA,BOT,NA,NA,NA,NA,Arque Municipality,NA,NA,NA,NA,NA,NA,NA,NA,NA,NA,NA,NA,NA,NA,NA,NA,NA,NA,NA,NA,NA,NA,Province,Arque Province,Seat,Arque,NA,NA,President,Gaby Gutierrez Hurtade (2007),NA,NA,NA,NA,NA,NA,NA,NA,NA,NA,NA,Imperial,NA,NA,NA,NA,NA,NA,NA,NA,NA,NA,NA,NA,NA,NA,NA,NA,NA,NA,NA,NA,NA,Ethnicities,NA,Religions,NA,NA,NA,-4,NA,NA,NA,NA,NA,NA,NA,NA,NA,NA,NA,NA,NA,NA,NA,NA,NA,NA,NA,NA,NA,NA,NA,NA,NA,NA,NA,NA,NA,NA,NA,NA,NA,NA,NA,NA,NA,NA,NA,NA,NA,NA,NA,NA,NA,NA,NA
0,Ayopaya Municipality,Category:Municipalities of Cochabamba Department,24862667,5019,Q1485787,https://en.wikipedia.org/wiki/Ayopaya_Municipality,5019,0,1,2001,"{{Infobox settlement
<!--See the Table at Infobox Settlement for all fields and descriptions of usage-->
<!-- Basic info  ---------------->
|official_name          = Ayopaya Municipality
|other_name             =
|native_name            = 
|nickname               = 
|settlement_type        = Municipality 
|motto                  =
<!-- images and maps  ----------->
|image_skyline          =
|imagesize              = 
|image_caption          =  
|image_flag             = 
|flag_size              =
|image_seal             = 
|seal_size              =
|image_shield           = 
|shield_size            =
|image_blank_emblem     =
|blank_emblem_type      =
|blank_emblem_size      =
|image_map              = 
|mapsize                = 
|map_caption            = 
|image_map1             = 
|mapsize1               = 
|map_caption1           = 
|image_dot_map          =
|dot_mapsize            =
|dot_map_caption        =
|dot_x =  |dot_y =
|pushpin_map            =<!-- the name of a location map as per http://en.wikipedia.org/wiki/Template:Location_map -->
|pushpin_label_position =bottom
|pushpin_map_caption    =Location within Bolivia
<!-- Location ------------------>
|subdivision_type       = Country
|subdivision_name       ={{flag|Bolivia}}
|subdivision_type1      = [[Departments of Bolivia|Department]]
|subdivision_name1      = [[Cochabamba Department]]
|subdivision_type2      = [[Provinces of Bolivia|Province]]
|subdivision_name2      = [[Ayopaya Province]]
<!-- Smaller parts (e.g. boroughs of a city) and seat of government -->
|seat_type              = Seat
|seat                   = [[Ayopaya]]
<!-- Politics ----------------->
|government_footnotes   =
|government_type        = 
|leader_title           = Mayor
|leader_name            = 
|leader_title1          =President<!-- for places with, say, both a mayor and a city manager -->
|leader_name1           =
|leader_title2          = 
|leader_name2           = 
|leader_title3          =
|leader_name3           =
|leader_title4          =
|leader_name4           =
|established_title      = Foundation<!-- Settled -->
|established_date       = 
|established_title2     =  <!-- Incorporated (town) -->
|established_date2      = 
|established_title3     =  <!-- Incorporated (city) -->
|established_date3      =
<!-- Area    --------------------->
|area_magnitude         = 
|unit_pref                =Imperial <!--Enter: Imperial, if Imperial (metric) is desired-->
|area_footnotes           =
|area_total_km2           =<!-- ALL fields dealing with a measurements are subject to automatic unit conversion-->
|area_land_km2            = <!--See table @ Template:Infobox Settlement for details on automatic unit conversion-->
|area_water_km2           =
|area_total_sq_mi         =
|area_land_sq_mi          =
|area_water_sq_mi         =
|area_water_percent       =
|area_urban_km2           =
|area_urban_sq_mi         =
|area_metro_km2           =
|area_metro_sq_mi         =
|area_blank1_title        =
|area_blank1_km2          =
|area_blank1_sq_mi        =
<!-- Population   ----------------------->
|population_as_of               = 2001
|population_footnotes           =
|population_note                =
|population_total               = 26,825
|population_density_km2         =
|population_density_sq_mi       =
|population_metro               =
|population_density_metro_km2   =
|population_density_metro_sq_mi =
|population_urban               =
|population_density_urban_km2   =
|population_density_urban_sq_mi =
|population_blank1_title        =Ethnicities
|population_blank1              =
|population_blank2_title        =Religions
|population_blank2              =
|population_density_blank1_km2 =   
|population_density_blank1_sq_mi =
<!-- General information  --------------->
|timezone               = BOT
|utc_offset             = -4
|timezone_DST           = 
|utc_offset_DST         = 
|coordinates            = 
|elevation_footnotes    =  <!--for references: use <ref> </ref> tags-->
|elevation_m            =
|elevation_ft           =
<!-- Area/postal codes & others -------->
|postal_code_type       =  <!-- enter ZIP code, Postcode, Post code, Postal code... -->
|postal_code            =
|area_code              =
|blank_name             =
|blank_info             =
|blank1_name            =
|blank1_info            =
|website                = 
|footnotes              = 
}}",,22,,NA,NA,Municipality,NA,NA,NA,NA,NA,bottom,Location within Bolivia,Country,Bolivia,Department,Cochabamba Department,Mayor,NA,Foundation,NA,NA,"26,825",2001,NA,NA,NA,NA,NA,BOT,NA,NA,NA,NA,Ayopaya Municipality,NA,NA,NA,NA,NA,NA,NA,NA,NA,NA,NA,NA,NA,NA,NA,NA,NA,NA,NA,NA,NA,NA,Province,Ayopaya Province,Seat,Ayopaya,NA,NA,President,NA,NA,NA,NA,NA,NA,NA,NA,NA,NA,NA,NA,Imperial,NA,NA,NA,NA,NA,NA,NA,NA,NA,NA,NA,NA,NA,NA,NA,NA,NA,NA,NA,NA,NA,Ethnicities,NA,Religions,NA,NA,NA,-4,NA,NA,NA,NA,NA,NA,NA,NA,NA,NA,NA,NA,NA,NA,NA,NA,NA,NA,NA,NA,NA,NA,NA,NA,NA,NA,NA,NA,NA,NA,NA,NA,NA,NA,NA,NA,NA,NA,NA,NA,NA,NA,NA,NA,NA,NA,NA
0,"Bolívar Municipality, Bolivia",Category:Municipalities of Cochabamba Department,28287871,8124,Q1952875,"https://en.wikipedia.org/wiki/Bolívar_Municipality,_Bolivia",142,0,0,,NA,,0,,NA,NA,NA,NA,NA,NA,NA,NA,NA,NA,NA,NA,NA,NA,NA,NA,NA,NA,NA,NA,NA,NA,NA,NA,NA,NA,NA,NA,NA,NA,NA,NA,NA,NA,NA,NA,NA,NA,NA,NA,NA,NA,NA,NA,NA,NA,NA,NA,NA,NA,NA,NA,NA,NA,NA,NA,NA,NA,NA,NA,NA,NA,NA,NA,NA,NA,NA,NA,NA,NA,NA,NA,NA,NA,NA,NA,NA,NA,NA,NA,NA,NA,NA,NA,NA,NA,NA,NA,NA,NA,NA,NA,NA,NA,NA,NA,NA,NA,NA,NA,NA,NA,NA,NA,NA,NA,NA,NA,NA,NA,NA,NA,NA,NA,NA,NA,NA,NA,NA,NA,NA,NA,NA,NA,NA,NA,NA,NA,NA,NA,NA,NA,NA,NA,NA,NA,NA,NA,NA,NA,NA,NA,NA,NA,NA,NA,NA,NA,NA
0,Capinota Municipality,Category:Municipalities of Cochabamba Department,24862668,5025,Q1730823,https://en.wikipedia.org/wiki/Capinota_Municipality,5025,0,1,2001,"{{Infobox settlement
<!--See the Table at Infobox Settlement for all fields and descriptions of usage-->
<!-- Basic info  ---------------->
|official_name          = Capinota Municipality
|other_name             =
|native_name            = 
|nickname               = 
|settlement_type        = Municipality 
|motto                  =
<!-- images and maps  ----------->
|image_skyline          =
|imagesize              = 
|image_caption          =  
|image_flag             = 
|flag_size              =
|image_seal             = 
|seal_size              =
|image_shield           = 
|shield_size            =
|image_blank_emblem     =
|blank_emblem_type      =
|blank_emblem_size      =
|image_map              = 
|mapsize                = 
|map_caption            = 
|image_map1             = 
|mapsize1               = 
|map_caption1           = 
|image_dot_map          =
|dot_mapsize            =
|dot_map_caption        =
|dot_x =  |dot_y =
|pushpin_map            =Bolivia<!-- the name of a location map as per http://en.wikipedia.org/wiki/Template:Location_map -->
|pushpin_label_position =bottom
|pushpin_map_caption    =Location within Bolivia
<!-- Location ------------------>
|subdivision_type       = Country
|subdivision_name       ={{flag|Bolivia}}
|subdivision_type1      = [[Departments of Bolivia|Department]]
|subdivision_name1      = [[Cochabamba Department]]
|subdivision_type2      = [[Provinces of Bolivia|Province]]
|subdivision_name2      = [[Capinota Province]]
<!-- Smaller parts (e.g. boroughs of a city) and seat of government -->
|seat_type              = Seat
|seat                   = [[Capinota]]
<!-- Politics ----------------->
|government_footnotes   =
|government_type        = 
|leader_title           = Mayor
|leader_name            = 
|leader_title1          =President<!-- for places with, say, both a mayor and a city manager -->
|leader_name1           =
|leader_title2          = 
|leader_name2           = 
|leader_title3          =
|leader_name3           =
|leader_title4          =
|leader_name4           =
|established_title      = Foundation<!-- Settled -->
|established_date       = 
|established_title2     =  <!-- Incorporated (town) -->
|established_date2      = 
|established_title3     =  <!-- Incorporated (city) -->
|established_date3      =
<!-- Area    --------------------->
|area_magnitude         = 
|unit_pref                =Imperial <!--Enter: Imperial, if Imperial (metric) is desired-->
|area_footnotes           =
|area_total_km2           =<!-- ALL fields dealing with a measurements are subject to automatic unit conversion-->
|area_land_km2            = <!--See table @ Template:Infobox Settlement for details on automatic unit conversion-->
|area_water_km2           =
|area_total_sq_mi         =
|area_land_sq_mi          =
|area_water_sq_mi         =
|area_water_percent       =
|area_urban_km2           =
|area_urban_sq_mi         =
|area_metro_km2           =
|area_metro_sq_mi         =
|area_blank1_title        =
|area_blank1_km2          =
|area_blank1_sq_mi        =
<!-- Population   ----------------------->
|population_as_of               = 2001
|population_footnotes           =
|population_note                =
|population_total               = 16,945
|population_density_km2         =
|population_density_sq_mi       =
|population_metro               =
|population_density_metro_km2   =
|population_density_metro_sq_mi =
|population_urban               =
|population_density_urban_km2   =
|population_density_urban_sq_mi =
|population_blank1_title        =Ethnicities
|population_blank1              =[[Quechua people|Quechuas]]
|population_blank2_title        =Religions
|population_blank2              =
|population_density_blank1_km2 =   
|population_density_blank1_sq_mi =
<!-- General information  --------------->
|timezone               = BOT
|utc_offset             = -4
|timezone_DST           = 
|utc_offset_DST         = 
|coordinates            = {{coord|17|46|S|66|14|W|display=inline}}
|elevation_footnotes    =  <!--for references: use <ref> </ref> tags-->
|elevation_m            =
|elevation_ft           =
<!-- Area/postal codes & others -------->
|postal_code_type       =  <!-- enter ZIP code, Postcode, Post code, Postal code... -->
|postal_code            =
|area_code              =
|blank_name             =
|blank_info             =
|blank1_name            =
|blank1_info            =
|website                = 
|footnotes              = 
}}",,25,,NA,NA,Municipality,NA,NA,NA,NA,Bolivia,bottom,Location within Bolivia,Country,Bolivia,Department,Cochabamba Department,Mayor,NA,Foundation,NA,NA,"16,945",2001,NA,NA,NA,NA,NA,BOT,NA,NA,NA,NA,Capinota Municipality,NA,NA,NA,NA,NA,NA,NA,NA,NA,NA,NA,NA,NA,NA,NA,NA,NA,NA,NA,NA,NA,NA,Province,Capinota Province,Seat,Capinota,NA,NA,President,NA,NA,NA,NA,NA,NA,NA,NA,NA,NA,NA,NA,Imperial,NA,NA,NA,NA,NA,NA,NA,NA,NA,NA,NA,NA,NA,NA,NA,NA,NA,NA,NA,NA,NA,Ethnicities,Quechuas,Religions,NA,NA,NA,-4,NA,NA,NA,NA,NA,NA,NA,NA,NA,NA,NA,NA,NA,NA,NA,NA,NA,NA,NA,NA,NA,NA,NA,NA,NA,NA,NA,NA,NA,NA,NA,NA,NA,NA,NA,NA,NA,NA,NA,NA,NA,NA,NA,NA,NA,NA,NA
0,Chimoré Municipality,Category:Municipalities of Cochabamba Department,24862672,7681,Q1521093,https://en.wikipedia.org/wiki/Chimoré_Municipality,7634,0,4,2001,"{{Infobox settlement
<!--See the Table at Infobox Settlement for all fields and descriptions of usage-->
<!-- Basic info  ---------------->
|official_name          = Chimoré Municipality
|other_name             =
|native_name            = 
|nickname               = 
|settlement_type        = Municipality 
|motto                  =
<!-- images and maps  ----------->
|image_skyline          =
|imagesize              = 
|image_caption          =  
|image_flag             = 
|flag_size              =
|image_seal             = 
|seal_size              =
|image_shield           = 
|shield_size            =
|image_blank_emblem     =
|blank_emblem_type      =
|blank_emblem_size      =
|image_map              = 
|mapsize                = 
|map_caption            = 
|image_map1             = 
|mapsize1               = 
|map_caption1           = 
|image_dot_map          =
|dot_mapsize            =
|dot_map_caption        =
|dot_x =  |dot_y =
|pushpin_map            =Bolivia<!-- the name of a location map as per http://en.wikipedia.org/wiki/Template:Location_map -->
|pushpin_label_position =bottom
|pushpin_map_caption    =Location within Bolivia
<!-- Location ------------------>
|subdivision_type       = Country
|subdivision_name       ={{flag|Bolivia}}
|subdivision_type1      = [[Departments of Bolivia|Department]]
|subdivision_name1      = [[Cochabamba Department]]
|subdivision_type2      = [[Provinces of Bolivia|Province]]
|subdivision_name2      = [[Carrasco Province (Bolivia)|Carrasco Province]]
<!-- Smaller parts (e.g. boroughs of a city) and seat of government -->
|seat_type              = Seat
|seat                   = [[Chimoré, Cochabamba|Chimoré]]
<!-- Politics ----------------->
|government_footnotes   =
|government_type        = 
|leader_title           = Mayor
|leader_name            = Humberto Guardia Quinteros (2007)
|leader_title1          =President<!-- for places with, say, both a mayor and a city manager -->
|leader_name1           =Rafael Guzmán Zelada (2007)
|leader_title2          = 
|leader_name2           = 
|leader_title3          =
|leader_name3           =
|leader_title4          =
|leader_name4           =
|established_title      = Foundation<!-- Settled -->
|established_date       = 
|established_title2     =  <!-- Incorporated (town) -->
|established_date2      = 
|established_title3     =  <!-- Incorporated (city) -->
|established_date3      =
<!-- Area    --------------------->
|area_magnitude         = 
|unit_pref                =Imperial <!--Enter: Imperial, if Imperial (metric) is desired-->
|area_footnotes           =
|area_total_km2           =<!-- ALL fields dealing with a measurements are subject to automatic unit conversion-->
|area_land_km2            = <!--See table @ Template:Infobox Settlement for details on automatic unit conversion-->
|area_water_km2           =
|area_total_sq_mi         =
|area_land_sq_mi          =
|area_water_sq_mi         =
|area_water_percent       =
|area_urban_km2           =
|area_urban_sq_mi         =
|area_metro_km2           =
|area_metro_sq_mi         =
|area_blank1_title        =
|area_blank1_km2          =
|area_blank1_sq_mi        =
<!-- Population   ----------------------->
|population_as_of               = 2001
|population_footnotes           =
|population_note                =
|population_total               = 15,264
|population_density_km2         =
|population_density_sq_mi       =
|population_metro               =
|population_density_metro_km2   =
|population_density_metro_sq_mi =
|population_urban               =
|population_density_urban_km2   =
|population_density_urban_sq_mi =
|population_blank1_title        =Ethnicities
|population_blank1              =[[Quechua people|Quechua]], [[Yuracaré people|Yuracaré]]
|population_blank2_title        =Religions
|population_blank2              =
|population_density_blank1_km2 =   
|population_density_blank1_sq_mi =
<!-- General information  --------------->
|timezone               = BOT
|utc_offset             = -4
|timezone_DST           = 
|utc_offset_DST         = 
|coordinates            = {{coord|16|35|S|64|55|W|display=inline}}
|elevation_footnotes    =  <!--for references: use <ref> </ref> tags-->
|elevation_m            =220
|elevation_ft           =
<!-- Area/postal codes & others -------->
|postal_code_type       =  <!-- enter ZIP code, Postcode, Post code, Postal code... -->
|postal_code            =
|area_code              =
|blank_name             =
|blank_info             =
|blank1_name            =
|blank1_info            =
|website                = 
|footnotes              = 
}}",,28,,NA,NA,Municipality,NA,NA,NA,NA,Bolivia,bottom,Location within Bolivia,Country,Bolivia,Department,Cochabamba Department,Mayor,Humberto Guardia Quinteros (2007),Foundation,NA,NA,"15,264",2001,NA,NA,NA,220,NA,BOT,NA,NA,NA,NA,Chimoré Municipality,NA,NA,NA,NA,NA,NA,NA,NA,NA,NA,NA,NA,NA,NA,NA,NA,NA,NA,NA,NA,NA,NA,Province,Carrasco Province,Seat,Chimoré,NA,NA,President,Rafael Guzmán Zelada (2007),NA,NA,NA,NA,NA,NA,NA,NA,NA,NA,NA,Imperial,NA,NA,NA,NA,NA,NA,NA,NA,NA,NA,NA,NA,NA,NA,NA,NA,NA,NA,NA,NA,NA,Ethnicities,"Quechua, Yuracaré",Religions,NA,NA,NA,-4,NA,NA,NA,NA,NA,NA,NA,NA,NA,NA,NA,NA,NA,NA,NA,NA,NA,NA,NA,NA,NA,NA,NA,NA,NA,NA,NA,NA,NA,NA,NA,NA,NA,NA,NA,NA,NA,NA,NA,NA,NA,NA,NA,NA,NA,NA,NA
0,Cliza Municipality,Category:Municipalities of Cochabamba Department,24862679,5133,Q1295948,https://en.wikipedia.org/wiki/Cliza_Municipality,5129,0,1,2001,"{{Infobox settlement
<!--See the Table at Infobox Settlement for all fields and descriptions of usage-->
<!-- Basic info  ---------------->
|official_name          = Cliza Municipality
|other_name             =
|native_name            = 
|nickname               = 
|settlement_type        = Municipality 
|motto                  =
<!-- images and maps  ----------->
|image_skyline          = Los toros -plaza principal de Cliza.JPG
|imagesize              = 
|image_caption          = Main square of Cliza
|image_flag             = 
|flag_size              =
|image_seal             = 
|seal_size              =
|image_shield           = 
|shield_size            =
|image_blank_emblem     =
|blank_emblem_type      =
|blank_emblem_size      =
|image_map              = 
|mapsize                = 
|map_caption            = 
|image_map1             = 
|mapsize1               = 
|map_caption1           = 
|image_dot_map          =
|dot_mapsize            =
|dot_map_caption        =
|dot_x =  |dot_y =
|pushpin_map            =Bolivia<!-- the name of a location map as per http://en.wikipedia.org/wiki/Template:Location_map -->
|pushpin_label_position =bottom
|pushpin_map_caption    =Location within Bolivia
<!-- Location ------------------>
|subdivision_type       = Country
|subdivision_name       ={{flag|Bolivia}}
|subdivision_type1      = [[Departments of Bolivia|Department]]
|subdivision_name1      = [[Cochabamba Department]]
|subdivision_type2      = [[Provinces of Bolivia|Province]]
|subdivision_name2      = [[Germán Jordán Province]]
<!-- Smaller parts (e.g. boroughs of a city) and seat of government -->
|seat_type              = Seat
|seat                   = [[Cliza (town)|Cliza]]
<!-- Politics ----------------->
|government_footnotes   =
|government_type        = 
|leader_title           = Mayor
|leader_name            = Freddy Vargas Terceros (2007)
|leader_title1          =President<!-- for places with, say, both a mayor and a city manager -->
|leader_name1           =Emigdio Aguilar Flores (2007)
|leader_title2          = 
|leader_name2           = 
|leader_title3          =
|leader_name3           =
|leader_title4          =
|leader_name4           =
|established_title      = Foundation<!-- Settled -->
|established_date       = 
|established_title2     =  <!-- Incorporated (town) -->
|established_date2      = 
|established_title3     =  <!-- Incorporated (city) -->
|established_date3      =
<!-- Area    --------------------->
|area_magnitude         = 
|unit_pref                =Imperial <!--Enter: Imperial, if Imperial (metric) is desired-->
|area_footnotes           =
|area_total_km2           =<!-- ALL fields dealing with a measurements are subject to automatic unit conversion-->
|area_land_km2            = <!--See table @ Template:Infobox Settlement for details on automatic unit conversion-->
|area_water_km2           =
|area_total_sq_mi         =
|area_land_sq_mi          =
|area_water_sq_mi         =
|area_water_percent       =
|area_urban_km2           =
|area_urban_sq_mi         =
|area_metro_km2           =
|area_metro_sq_mi         =
|area_blank1_title        =
|area_blank1_km2          =
|area_blank1_sq_mi        =
<!-- Population   ----------------------->
|population_as_of               = 2001
|population_footnotes           =
|population_note                =
|population_total               = 19,747
|population_density_km2         =
|population_density_sq_mi       =
|population_metro               =
|population_density_metro_km2   =
|population_density_metro_sq_mi =
|population_urban               =
|population_density_urban_km2   =
|population_density_urban_sq_mi =
|population_blank1_title        =Ethnicities
|population_blank1              =[[Quechua people|Quechuas]]
|population_blank2_title        =Religions
|population_blank2              =
|population_density_blank1_km2 =   
|population_density_blank1_sq_mi =
<!-- General information  --------------->
|timezone               = BOT
|utc_offset             = -4
|timezone_DST           = 
|utc_offset_DST         = 
|coordinates            = {{coord|17|36|S|65|56|W|display=inline}}
|elevation_footnotes    =  <!--for references: use <ref> </ref> tags-->
|elevation_m            =
|elevation_ft           =
<!-- Area/postal codes & others -------->
|postal_code_type       =  <!-- enter ZIP code, Postcode, Post code, Postal code... -->
|postal_code            =
|area_code              =
|blank_name             =
|blank_info             =
|blank1_name            =
|blank1_info            =
|website                = 
|footnotes              = 
}}",,29,,NA,Los toros -plaza principal de Cliza.JPG,Municipality,NA,NA,NA,NA,Bolivia,bottom,Location within Bolivia,Country,Bolivia,Department,Cochabamba Department,Mayor,Freddy Vargas Terceros (2007),Foundation,NA,NA,"19,747",2001,NA,NA,NA,NA,NA,BOT,NA,NA,NA,NA,Cliza Municipality,NA,NA,NA,NA,NA,Main square of Cliza,NA,NA,NA,NA,NA,NA,NA,NA,NA,NA,NA,NA,NA,NA,NA,NA,Province,Germán Jordán Province,Seat,Cliza,NA,NA,President,Emigdio Aguilar Flores (2007),NA,NA,NA,NA,NA,NA,NA,NA,NA,NA,NA,Imperial,NA,NA,NA,NA,NA,NA,NA,NA,NA,NA,NA,NA,NA,NA,NA,NA,NA,NA,NA,NA,NA,Ethnicities,Quechuas,Religions,NA,NA,NA,-4,NA,NA,NA,NA,NA,NA,NA,NA,NA,NA,NA,NA,NA,NA,NA,NA,NA,NA,NA,NA,NA,NA,NA,NA,NA,NA,NA,NA,NA,NA,NA,NA,NA,NA,NA,NA,NA,NA,NA,NA,NA,NA,NA,NA,NA,NA,NA
0,Cocapata Municipality,Category:Municipalities of Cochabamba Department,26902218,5876,Q1147245,https://en.wikipedia.org/wiki/Cocapata_Municipality,5843,0,4,2001,"{{Infobox settlement
<!--See the Table at Infobox Settlement for all fields and descriptions of usage-->
<!-- Basic info  ---------------->
|official_name          = Cocapata Municipality
|image_alt = Municipality in Cochabamba Department, Bolivia
|other_name             =
|native_name            = Kukapata
|nickname               = 
|settlement_type        = Municipality 
|motto                  =
<!-- images and maps  ----------->
|image_skyline          =Bolivia_Cochabamba_Ayopaya.png
|imagesize              = 
|image_caption          =  Cochabamba Bolivia Ayopaya.png
|image_flag             = 
|flag_size              =
|image_seal             = 
|seal_size              =
|image_shield           = 
|shield_size            =
|image_blank_emblem     =
|blank_emblem_type      =
|blank_emblem_size      =
|image_map              = 
|mapsize                = 
|map_caption            = 
|image_map1             = 
|mapsize1               = 
|map_caption1           = 
|image_dot_map          =
|dot_mapsize            =
|dot_map_caption        =
|dot_x =  |dot_y =
|pushpin_map            =Bolivia<!-- the name of a location map as per http://en.wikipedia.org/wiki/Template:Location_map -->
|pushpin_label_position =bottom
|pushpin_map_caption    =Location within Bolivia
<!-- Location ------------------>
|subdivision_type       = Country
|subdivision_name       = [[Bolivia]]
|subdivision_type1      = [[Departments of Bolivia|Department]]
|subdivision_name1      = [[Cochabamba Department]]
|subdivision_type2      = [[Provinces of Bolivia|Province]]
|subdivision_name2      = [[Ayopaya Province]]
<!-- Smaller parts (e.g. boroughs of a city) and seat of government -->
|seat_type              = Seat
|seat                   = [[Cocapata]]
<!-- Politics ----------------->
|government_footnotes   =
|government_type        = 
|leader_title           = 
|leader_name            = 
|leader_title1          =<!-- for places with, say, both a mayor and a city manager -->
|leader_name1           =
|leader_title2          = 
|leader_name2           = 
|leader_title3          =
|leader_name3           =
|leader_title4          =
|leader_name4           =
|established_title      = Foundation<!-- Settled -->
|established_date       = February 6, 2009
|established_title2     =  <!-- Incorporated (town) -->
|established_date2      = 
|established_title3     =  <!-- Incorporated (city) -->
|established_date3      =
<!-- Area    --------------------->
|area_magnitude         = 
|unit_pref                =Imperial <!--Enter: Imperial, if Imperial (metric) is desired-->
|area_footnotes           =
|area_total_km2           =<!-- ALL fields dealing with a measurements are subject to automatic unit conversion-->
|area_land_km2            = <!--See table @ Template:Infobox Settlement for details on automatic unit conversion-->
|area_water_km2           =
|area_total_sq_mi         =
|area_land_sq_mi          =
|area_water_sq_mi         =
|area_water_percent       =
|area_urban_km2           =
|area_urban_sq_mi         =
|area_metro_km2           =
|area_metro_sq_mi         =
|area_blank1_title        =
|area_blank1_km2          =
|area_blank1_sq_mi        =
<!-- Population   ----------------------->
|population_as_of               = 
|population_footnotes           =
|population_note                =
|population_total               = 
|population_density_km2         =
|population_density_sq_mi       =
|population_metro               =
|population_density_metro_km2   =
|population_density_metro_sq_mi =
|population_urban               =
|population_density_urban_km2   =
|population_density_urban_sq_mi =
|population_blank1_title        =Ethnicities
|population_blank1              =
|population_blank2_title        =Religions
|population_blank2              =
|population_density_blank1_km2 =   
|population_density_blank1_sq_mi =
<!-- General information  --------------->
|timezone               = BOT
|utc_offset             = -4
|timezone_DST           = 
|utc_offset_DST         = 
|coordinates            = {{coord|16|40|S|66|30|W|display=inline}}
|elevation_footnotes    =  <!--for references: use <ref> </ref> tags-->
|elevation_m            =
|elevation_ft           =
<!-- Area/postal codes & others -------->
|postal_code_type       =  <!-- enter ZIP code, Postcode, Post code, Postal code... -->
|postal_code            =
|area_code              =
|blank_name             =
|blank_info             =
|blank1_name            =
|blank1_info            =
|website                = 
|footnotes              = 
}}",,25,,NA,Bolivia_Cochabamba_Ayopaya.png,Municipality,NA,NA,NA,NA,Bolivia,bottom,Location within Bolivia,Country,Bolivia,Department,Cochabamba Department,NA,NA,Foundation,"February 6, 2009",NA,NA,NA,NA,NA,NA,NA,NA,BOT,NA,NA,NA,NA,Cocapata Municipality,NA,Kukapata,NA,NA,NA,Cochabamba Bolivia Ayopaya.png,NA,NA,NA,NA,NA,NA,NA,NA,NA,NA,NA,NA,NA,NA,NA,NA,Province,Ayopaya Province,Seat,Cocapata,NA,NA,NA,NA,NA,NA,NA,NA,NA,NA,NA,NA,NA,NA,NA,Imperial,NA,NA,NA,NA,NA,NA,NA,NA,NA,NA,NA,NA,NA,NA,NA,NA,NA,NA,NA,NA,NA,Ethnicities,NA,Religions,NA,NA,NA,-4,NA,NA,NA,NA,NA,NA,NA,NA,NA,NA,NA,NA,NA,"Municipality in Cochabamba Department, Bolivia",NA,NA,NA,NA,NA,NA,NA,NA,NA,NA,NA,NA,NA,NA,NA,NA,NA,NA,NA,NA,NA,NA,NA,NA,NA,NA,NA,NA,NA,NA,NA,NA,NA
0,Cochabamba Municipality,Category:Municipalities of Cochabamba Department,24862689,5627,Q1952931,https://en.wikipedia.org/wiki/Cochabamba_Municipality,5625,0,3,2012,"{{Infobox settlement
<!--See the Table at Infobox Settlement for all fields and descriptions of usage-->
<!-- Basic info  ---------------->
|official_name          = Cochabamba Municipality
|other_name             =
|native_name            = 
|nickname               = 
|settlement_type        = Municipality 
|motto                  =
<!-- images and maps  ----------->
|image_skyline          = Cochabamba 2014 - 2.jpg 
|imagesize              = 250px
|image_caption          =  
|image_flag             = Flag of Cochabamba.svg
|flag_size              =
|image_seal             = 
|seal_size              =
|image_shield           = 
|shield_size            =
|image_blank_emblem     =
|blank_emblem_type      =
|blank_emblem_size      =
|image_map              = 
|mapsize                = 
|map_caption            = 
|image_map1             = 
|mapsize1               = 
|map_caption1           = 
|image_dot_map          =
|dot_mapsize            =
|dot_map_caption        =
|dot_x =  |dot_y =
|pushpin_map            =Bolivia<!-- the name of a location map as per 
http://en.wikipedia.org/wiki/Template:Location_map -->
|pushpin_label_position =bottom
|pushpin_map_caption    =Location within Bolivia
<!-- Location ------------------>
|subdivision_type       = Country
|subdivision_name       ={{flag|Bolivia}}
|subdivision_type1      = [[Departments of Bolivia|Department]]
|subdivision_name1      = [[Cochabamba Department]]
|subdivision_type2      = [[Provinces of Bolivia|Province]]
|subdivision_name2      = [[Cercado Province (Cochabamba)|Cercado Province]]
<!-- Smaller parts (e.g. boroughs of a city) and seat of government -->
|seat_type              = Seat
|seat                   = [[Cochabamba]]
<!-- Politics ----------------->
|government_footnotes   =
|government_type        = 
|leader_title           = Mayor
|leader_name            = [[Manfred Reyes Villa]] (2022)
|leader_title1        =
|leader_name1           = 
|leader_title2          = 
|leader_name2           = 
|leader_title3          =
|leader_name3           =
|leader_title4          =
|leader_name4           =
|established_title      = Foundation<!-- Settled -->
|established_date       = 
|established_title2     =  <!-- Incorporated (town) -->
|established_date2      = 
|established_title3     =  <!-- Incorporated (city) -->
|established_date3      =
<!-- Area    --------------------->
|area_magnitude         = 
|unit_pref                =Imperial <!--Enter: Imperial, if Imperial (metric) is desired-->
|area_footnotes           =
|area_total_km2           =391<!-- ALL fields dealing with a measurements are subject to automatic unit conversion-->
|area_land_km2            = <!--See table @ Template:Infobox Settlement for details on automatic unit conversion-->
|area_water_km2           =
|area_total_sq_mi         =
|area_land_sq_mi          =
|area_water_sq_mi         =
|area_water_percent       =
|area_urban_km2           =
|area_urban_sq_mi         =
|area_metro_km2           =
|area_metro_sq_mi         =
|area_blank1_title        =
|area_blank1_km2          =
|area_blank1_sq_mi        =
<!-- Population   ----------------------->
|population_as_of               = 2012
|population_footnotes           =
|population_note                =
|population_total               = 691,276
|population_density_km2         =
|population_density_sq_mi       =
|population_metro               =
|population_density_metro_km2   =
|population_density_metro_sq_mi =
|population_urban               =
|population_density_urban_km2   =
|population_density_urban_sq_mi =
|population_blank1_title        =Ethnicities
|population_blank1              =
|population_blank2_title        =Religions
|population_blank2              =
|population_density_blank1_km2 =   
|population_density_blank1_sq_mi =
<!-- General information  --------------->
|timezone               = BOT
|utc_offset             = -4
|timezone_DST           = 
|utc_offset_DST         = 
|coordinates            = {{coord|17|20|S|66|02|W|region:BO|display=inline,title}}
|elevation_footnotes    =  <!--for references: use <ref> </ref> tags-->
|elevation_m            = 2.649
|elevation_ft           =
<!-- Area/postal codes & others -------->
|postal_code_type       =  <!-- enter ZIP code, Postcode, Post code, Postal code... -->
|postal_code            =
|area_code              =
|blank_name             =
|blank_info             =
|blank1_name            =
|blank1_info            =
|website                = 
|footnotes              = 
}}",,29,,NA,Cochabamba 2014 - 2.jpg,Municipality,Flag of Cochabamba.svg,NA,NA,NA,Bolivia,bottom,Location within Bolivia,Country,Bolivia,Department,Cochabamba Department,Mayor,Manfred Reyes Villa (2022),Foundation,NA,NA,"691,276",2012,NA,391,NA,2.649,NA,BOT,NA,NA,NA,NA,Cochabamba Municipality,NA,NA,NA,NA,250px,NA,NA,NA,NA,NA,NA,NA,NA,NA,NA,NA,NA,NA,NA,NA,NA,NA,Province,Cercado Province,Seat,Cochabamba,NA,NA,NA,NA,NA,NA,NA,NA,NA,NA,NA,NA,NA,NA,NA,Imperial,NA,NA,NA,NA,NA,NA,NA,NA,NA,NA,NA,NA,NA,NA,NA,NA,NA,NA,NA,NA,NA,Ethnicities,NA,Religions,NA,NA,NA,-4,NA,NA,NA,NA,NA,NA,NA,NA,NA,NA,NA,NA,NA,NA,NA,NA,NA,NA,NA,NA,NA,NA,NA,NA,NA,NA,NA,NA,NA,NA,NA,NA,NA,NA,NA,NA,NA,NA,NA,NA,NA,NA,NA,NA,NA,NA,NA
0,Colcapirhua Municipality,Category:Municipalities of Cochabamba Department,24862693,5395,Q1521197,https://en.wikipedia.org/wiki/Colcapirhua_Municipality,5395,0,1,2001,"{{Infobox settlement
<!--See the Table at Infobox Settlement for all fields and descriptions of usage-->
<!-- Basic info  ---------------->
|official_name          = Colcapirhua 
|other_name             =
|native_name            = Qullqapirwa
|nickname               = 
|settlement_type        = Municipality 
|motto                  =
<!-- images and maps  ----------->
|image_skyline          = COLCAPIRHUA ""LAGUNA CERAMIL"".jpg
|imagesize              = 
|image_caption          = Ceramil Lake, Colcapirhua Municipality
|image_flag             = 
|flag_size              =
|image_seal             = 
|seal_size              =
|image_shield           = 
|shield_size            =
|image_blank_emblem     =
|blank_emblem_type      =
|blank_emblem_size      =
|image_map              = 
|mapsize                = 
|map_caption            = 
|image_map1             = 
|mapsize1               = 
|map_caption1           = 
|image_dot_map          =
|dot_mapsize            =
|dot_map_caption        =
|dot_x =  |dot_y =
|pushpin_map            =Bolivia<!-- the name of a location map as per http://en.wikipedia.org/wiki/Template:Location_map -->
|pushpin_label_position =bottom
|pushpin_map_caption    =Location within Bolivia
<!-- Location ------------------>
|subdivision_type       = Country
|subdivision_name       ={{flag|Bolivia}}
|subdivision_type1      = [[Departments of Bolivia|Department]]
|subdivision_name1      = [[Cochabamba Department]]
|subdivision_type2      = [[Provinces of Bolivia|Province]]
|subdivision_name2      = [[Quillacollo Province]]
<!-- Smaller parts (e.g. boroughs of a city) and seat of government -->
|seat_type              = Seat
|seat                   = [[Colcapirhua]]
<!-- Politics ----------------->
|government_footnotes   =
|government_type        = 
|leader_title           = Mayor
|leader_name            = Longines Nogales Fuentes (2007)
|leader_title1          =President<!-- for places with, say, both a mayor and a city manager -->
|leader_name1           =Marisol Nina Mercado (2007)
|leader_title2          = 
|leader_name2           = 
|leader_title3          =
|leader_name3           =
|leader_title4          =
|leader_name4           =
|established_title      = Foundation<!-- Settled -->
|established_date       = 
|established_title2     =  <!-- Incorporated (town) -->
|established_date2      = 
|established_title3     =  <!-- Incorporated (city) -->
|established_date3      =
<!-- Area    --------------------->
|area_magnitude         = 
|unit_pref                =Imperial <!--Enter: Imperial, if Imperial (metric) is desired-->
|area_footnotes           =
|area_total_km2           =<!-- ALL fields dealing with a measurements are subject to automatic unit conversion-->
|area_land_km2            = <!--See table @ Template:Infobox Settlement for details on automatic unit conversion-->
|area_water_km2           =
|area_total_sq_mi         =
|area_land_sq_mi          =
|area_water_sq_mi         =
|area_water_percent       =
|area_urban_km2           =
|area_urban_sq_mi         =
|area_metro_km2           =
|area_metro_sq_mi         =
|area_blank1_title        =
|area_blank1_km2          =
|area_blank1_sq_mi        =
<!-- Population   ----------------------->
|population_as_of               = 2001
|population_footnotes           =
|population_note                =
|population_total               = 41,980
|population_density_km2         =
|population_density_sq_mi       =
|population_metro               =
|population_density_metro_km2   =
|population_density_metro_sq_mi =
|population_urban               =
|population_density_urban_km2   =
|population_density_urban_sq_mi =
|population_blank1_title        =Ethnicities
|population_blank1              =[[Quechua people|Quechuas]]
|population_blank2_title        =Religions
|population_blank2              =
|population_density_blank1_km2 =   
|population_density_blank1_sq_mi =
<!-- General information  --------------->
|timezone               = BOT
|utc_offset             = -4
|timezone_DST           = 
|utc_offset_DST         = 
|coordinates            = {{coord|17|24|S|66|14|W|display=inline}}
|elevation_footnotes    =  <!--for references: use <ref> </ref> tags-->
|elevation_m            =
|elevation_ft           =
<!-- Area/postal codes & others -------->
|postal_code_type       =  <!-- enter ZIP code, Postcode, Post code, Postal code... -->
|postal_code            =
|area_code              =
|blank_name             =
|blank_info             =
|blank1_name            =
|blank1_info            =
|website                = 
|footnotes              = 
}}",,30,,NA,"COLCAPIRHUA ""LAGUNA CERAMIL"".jpg",Municipality,NA,NA,NA,NA,Bolivia,bottom,Location within Bolivia,Country,Bolivia,Department,Cochabamba Department,Mayor,Longines Nogales Fuentes (2007),Foundation,NA,NA,"41,980",2001,NA,NA,NA,NA,NA,BOT,NA,NA,NA,NA,Colcapirhua,NA,Qullqapirwa,NA,NA,NA,"Ceramil Lake, Colcapirhua Municipality",NA,NA,NA,NA,NA,NA,NA,NA,NA,NA,NA,NA,NA,NA,NA,NA,Province,Quillacollo Province,Seat,Colcapirhua,NA,NA,President,Marisol Nina Mercado (2007),NA,NA,NA,NA,NA,NA,NA,NA,NA,NA,NA,Imperial,NA,NA,NA,NA,NA,NA,NA,NA,NA,NA,NA,NA,NA,NA,NA,NA,NA,NA,NA,NA,NA,Ethnicities,Quechuas,Religions,NA,NA,NA,-4,NA,NA,NA,NA,NA,NA,NA,NA,NA,NA,NA,NA,NA,NA,NA,NA,NA,NA,NA,NA,NA,NA,NA,NA,NA,NA,NA,NA,NA,NA,NA,NA,NA,NA,NA,NA,NA,NA,NA,NA,NA,NA,NA,NA,NA,NA,NA
0,Colomi Municipality,Category:Municipalities of Cochabamba Department,24862696,5025,Q1521204,https://en.wikipedia.org/wiki/Colomi_Municipality,4994,0,1,2001,"{{Infobox settlement
<!--See the Table at Infobox Settlement for all fields and descriptions of usage-->
<!-- Basic info  ---------------->
|official_name          = Colomi Municipality
|other_name             =
|native_name            = 
|nickname               = 
|settlement_type        = Municipality 
|motto                  =
<!-- images and maps  ----------->
|image_skyline          =
|imagesize              = 
|image_caption          =  
|image_flag             = 
|flag_size              =
|image_seal             = 
|seal_size              =
|image_shield           = 
|shield_size            =
|image_blank_emblem     =
|blank_emblem_type      =
|blank_emblem_size      =
|image_map              = 
|mapsize                = 
|map_caption            = 
|image_map1             = 
|mapsize1               = 
|map_caption1           = 
|image_dot_map          =
|dot_mapsize            =
|dot_map_caption        =
|dot_x =  |dot_y =
|pushpin_map            =Bolivia<!-- the name of a location map as per http://en.wikipedia.org/wiki/Template:Location_map -->
|pushpin_label_position =bottom
|pushpin_map_caption    =Location within Bolivia
<!-- Location ------------------>
|subdivision_type       = Country
|subdivision_name       ={{flag|Bolivia}}
|subdivision_type1      = [[Departments of Bolivia|Department]]
|subdivision_name1      = [[Cochabamba Department]]
|subdivision_type2      = [[Provinces of Bolivia|Province]]
|subdivision_name2      = [[Chapare Province]]
<!-- Smaller parts (e.g. boroughs of a city) and seat of government -->
|seat_type              = Seat
|seat                   = [[Colomi]]
<!-- Politics ----------------->
|government_footnotes   =
|government_type        = 
|leader_title           = Mayor
|leader_name            = 
|leader_title1          =President<!-- for places with, say, both a mayor and a city manager -->
|leader_name1           =
|leader_title2          = 
|leader_name2           = 
|leader_title3          =
|leader_name3           =
|leader_title4          =
|leader_name4           =
|established_title      = Foundation<!-- Settled -->
|established_date       = 
|established_title2     =  <!-- Incorporated (town) -->
|established_date2      = 
|established_title3     =  <!-- Incorporated (city) -->
|established_date3      =
<!-- Area    --------------------->
|area_magnitude         = 
|unit_pref                =Imperial <!--Enter: Imperial, if Imperial (metric) is desired-->
|area_footnotes           =
|area_total_km2           =<!-- ALL fields dealing with a measurements are subject to automatic unit conversion-->
|area_land_km2            = <!--See table @ Template:Infobox Settlement for details on automatic unit conversion-->
|area_water_km2           =
|area_total_sq_mi         =
|area_land_sq_mi          =
|area_water_sq_mi         =
|area_water_percent       =
|area_urban_km2           =
|area_urban_sq_mi         =
|area_metro_km2           =
|area_metro_sq_mi         =
|area_blank1_title        =
|area_blank1_km2          =
|area_blank1_sq_mi        =
<!-- Population   ----------------------->
|population_as_of               = 2001
|population_footnotes           =
|population_note                =
|population_total               = 17,372
|population_density_km2         =
|population_density_sq_mi       =
|population_metro               =
|population_density_metro_km2   =
|population_density_metro_sq_mi =
|population_urban               =
|population_density_urban_km2   =
|population_density_urban_sq_mi =
|population_blank1_title        =Ethnicities
|population_blank1              =[[Quechua people|Quechuas]]
|population_blank2_title        =Religions
|population_blank2              =
|population_density_blank1_km2 =   
|population_density_blank1_sq_mi =
<!-- General information  --------------->
|timezone               = BOT
|utc_offset             = -4
|timezone_DST           = 
|utc_offset_DST         = 
|coordinates            = {{coord|17|10|S|65|55|W|display=inline}}
|elevation_footnotes    =  <!--for references: use <ref> </ref> tags-->
|elevation_m            =
|elevation_ft           =
<!-- Area/postal codes & others -------->
|postal_code_type       =  <!-- enter ZIP code, Postcode, Post code, Postal code... -->
|postal_code            =
|area_code              =
|blank_name             =
|blank_info             =
|blank1_name            =
|blank1_info            =
|website                = 
|footnotes              = 
}}",,25,,NA,NA,Municipality,NA,NA,NA,NA,Bolivia,bottom,Location within Bolivia,Country,Bolivia,Department,Cochabamba Department,Mayor,NA,Foundation,NA,NA,"17,372",2001,NA,NA,NA,NA,NA,BOT,NA,NA,NA,NA,Colomi Municipality,NA,NA,NA,NA,NA,NA,NA,NA,NA,NA,NA,NA,NA,NA,NA,NA,NA,NA,NA,NA,NA,NA,Province,Chapare Province,Seat,Colomi,NA,NA,President,NA,NA,NA,NA,NA,NA,NA,NA,NA,NA,NA,NA,Imperial,NA,NA,NA,NA,NA,NA,NA,NA,NA,NA,NA,NA,NA,NA,NA,NA,NA,NA,NA,NA,NA,Ethnicities,Quechuas,Religions,NA,NA,NA,-4,NA,NA,NA,NA,NA,NA,NA,NA,NA,NA,NA,NA,NA,NA,NA,NA,NA,NA,NA,NA,NA,NA,NA,NA,NA,NA,NA,NA,NA,NA,NA,NA,NA,NA,NA,NA,NA,NA,NA,NA,NA,NA,NA,NA,NA,NA,NA
0,Cuchumuela Municipality,Category:Municipalities of Cochabamba Department,24862699,5344,Q1521224,https://en.wikipedia.org/wiki/Cuchumuela_Municipality,5313,0,1,2001,"{{Infobox settlement
<!--See the Table at Infobox Settlement for all fields and descriptions of usage-->
<!-- Basic info  ---------------->
|official_name          = Cuchumuela Municipality
|other_name             =
|native_name            = 
|nickname               = 
|settlement_type        = Municipality 
|motto                  =
<!-- images and maps  ----------->
|image_skyline          =
|imagesize              = 
|image_caption          =  
|image_flag             = 
|flag_size              =
|image_seal             = 
|seal_size              =
|image_shield           = 
|shield_size            =
|image_blank_emblem     =
|blank_emblem_type      =
|blank_emblem_size      =
|image_map              = 
|mapsize                = 
|map_caption            = 
|image_map1             = 
|mapsize1               = 
|map_caption1           = 
|image_dot_map          =
|pushpin_map            =Bolivia<!-- the name of a location map as per http://en.wikipedia.org/wiki/Template:Location_map -->
|pushpin_label_position =bottom
|pushpin_map_caption    =Location within Bolivia
<!-- Location ------------------>
|subdivision_type       = Country
|subdivision_name       ={{flag|Bolivia}}
|subdivision_type1      = [[Departments of Bolivia|Department]]
|subdivision_name1      = [[Cochabamba Department]]
|subdivision_type2      = [[Provinces of Bolivia|Province]]
|subdivision_name2      = [[Punata Province]]
<!-- Smaller parts (e.g. boroughs of a city) and seat of government -->
|seat_type              = Seat
|seat                   = [[Cuchumuela]]
<!-- Politics ----------------->
|government_footnotes   =
|government_type        = 
|leader_title           = Mayor
|leader_name            = David Guevara Velasquez (2007)
|leader_title1          =President<!-- for places with, say, both a mayor and a city manager -->
|leader_name1           = Vitaliano Ovando Velarde (2007)
|leader_title2          = 
|leader_name2           = 
|leader_title3          =
|leader_name3           =
|leader_title4          =
|leader_name4           =
|established_title      = Foundation<!-- Settled -->
|established_date       = 
|established_title2     =  <!-- Incorporated (town) -->
|established_date2      = 
|established_title3     =  <!-- Incorporated (city) -->
|established_date3      =
<!-- Area    --------------------->
|area_magnitude         = 
|unit_pref                =Imperial <!--Enter: Imperial, if Imperial (metric) is desired-->
|area_footnotes           =
|area_total_km2           =<!-- ALL fields dealing with a measurements are subject to automatic unit conversion-->
|area_land_km2            = <!--See table @ Template:Infobox Settlement for details on automatic unit conversion-->
|area_water_km2           =
|area_total_sq_mi         =
|area_land_sq_mi          =
|area_water_sq_mi         =
|area_water_percent       =
|area_urban_km2           =
|area_urban_sq_mi         =
|area_metro_km2           =
|area_metro_sq_mi         =
|area_blank1_title        =
|area_blank1_km2          =
|area_blank1_sq_mi        =
<!-- Population   ----------------------->
|population_as_of               = 2001
|population_footnotes           =
|population_note                =
|population_total               = 1942
|population_density_km2         =
|population_density_sq_mi       =
|population_metro               =
|population_density_metro_km2   =
|population_density_metro_sq_mi =
|population_urban               =
|population_density_urban_km2   =
|population_density_urban_sq_mi =
|population_blank1_title        =Ethnicities
|population_blank1              =[[Quechua people|Quechuas]]
|population_blank2_title        =Religions
|population_blank2              =
|population_density_blank1_km2 =   
|population_density_blank1_sq_mi =
<!-- General information  --------------->
|timezone               = BOT
|utc_offset             = -4
|timezone_DST           = 
|utc_offset_DST         = 
|coordinates            = {{coord|17|40|S|65|45|W|display=inline}}
|elevation_footnotes    =  <!--for references: use <ref> </ref> tags-->
|elevation_m            =
|elevation_ft           =
<!-- Area/postal codes & others -------->
|postal_code_type       =  <!-- enter ZIP code, Postcode, Post code, Postal code... -->
|postal_code            =
|area_code              =
|blank_name             =
|blank_info             =
|blank1_name            =
|blank1_info            =
|website                = 
|footnotes              = 
}}",,27,,NA,NA,Municipality,NA,NA,NA,NA,Bolivia,bottom,Location within Bolivia,Country,Bolivia,Department,Cochabamba Department,Mayor,David Guevara Velasquez (2007),Foundation,NA,NA,1942,2001,NA,NA,NA,NA,NA,BOT,NA,NA,NA,NA,Cuchumuela Municipality,NA,NA,NA,NA,NA,NA,NA,NA,NA,NA,NA,NA,NA,NA,NA,NA,NA,NA,NA,NA,NA,NA,Province,Punata Province,Seat,Cuchumuela,NA,NA,President,Vitaliano Ovando Velarde (2007),NA,NA,NA,NA,NA,NA,NA,NA,NA,NA,NA,Imperial,NA,NA,NA,NA,NA,NA,NA,NA,NA,NA,NA,NA,NA,NA,NA,NA,NA,NA,NA,NA,NA,Ethnicities,Quechuas,Religions,NA,NA,NA,-4,NA,NA,NA,NA,NA,NA,NA,NA,NA,NA,NA,NA,NA,NA,NA,NA,NA,NA,NA,NA,NA,NA,NA,NA,NA,NA,NA,NA,NA,NA,NA,NA,NA,NA,NA,NA,NA,NA,NA,NA,NA,NA,NA,NA,NA,NA,NA
0,"Entre Ríos Municipality, Cochabamba",Category:Municipalities of Cochabamba Department,26902333,6362,Q636059,"https://en.wikipedia.org/wiki/Entre_Ríos_Municipality,_Cochabamba",6351,2,3,2001,"{{Infobox settlement
<!--See the Table at Infobox Settlement for all fields and descriptions of usage-->
<!-- Basic info  ---------------->
|official_name          = Entre Ríos Municipality
|other_name             =
|native_name            = 
|nickname               = 
|settlement_type        = Municipality 
|motto                  =
<!-- images and maps  ----------->
|image_skyline          =
|imagesize              = 
|image_caption          =  
|image_flag             = 
|flag_size              =
|image_seal             = 
|seal_size              =
|image_shield           = 
|shield_size            =
|image_blank_emblem     =
|blank_emblem_type      =
|blank_emblem_size      =
|image_map              = 
|mapsize                = 
|map_caption            = 
|image_map1             = 
|mapsize1               = 
|map_caption1           = 
|image_dot_map          =
|dot_mapsize            =
|dot_map_caption        =
|dot_x =  |dot_y =
|pushpin_map            =Bolivia<!-- the name of a location map as per http://en.wikipedia.org/wiki/Template:Location_map -->
|pushpin_label_position =bottom
|pushpin_map_caption    =Location within Bolivia
<!-- Location ------------------>
|subdivision_type       = Country
|subdivision_name       ={{flag|Bolivia}}
|subdivision_type1      = [[Departments of Bolivia|Department]]
|subdivision_name1      = [[Cochabamba Department]]
|subdivision_type2      = [[Provinces of Bolivia|Province]]
|subdivision_name2      = [[Carrasco Province (Bolivia)|Carrasco Province]]
<!-- Smaller parts (e.g. boroughs of a city) and seat of government -->
|seat_type              = Seat
|seat                   = [[Entre Ríos, Cochabamba|Entre Ríos]]
<!-- Politics ----------------->
|government_footnotes   =
|government_type        = 
|leader_title           = Mayor
|leader_name            = 
|leader_title1          =President<!-- for places with, say, both a mayor and a city manager -->
|leader_name1           =
|leader_title2          = 
|leader_name2           = 
|leader_title3          =
|leader_name3           =
|leader_title4          =
|leader_name4           =
|established_title      = Foundation<!-- Settled -->
|established_date       = July 4, 2009
|established_title2     =  <!-- Incorporated (town) -->
|established_date2      = 
|established_title3     =  <!-- Incorporated (city) -->
|established_date3      =
<!-- Area    --------------------->
|area_magnitude         = 
|unit_pref                =Imperial <!--Enter: Imperial, if Imperial (metric) is desired-->
|area_footnotes           =
|area_total_km2           =<!-- ALL fields dealing with a measurements are subject to automatic unit conversion-->
|area_land_km2            = <!--See table @ Template:Infobox Settlement for details on automatic unit conversion-->
|area_water_km2           =
|area_total_sq_mi         =
|area_land_sq_mi          =
|area_water_sq_mi         =
|area_water_percent       =
|area_urban_km2           =
|area_urban_sq_mi         =
|area_metro_km2           =
|area_metro_sq_mi         =
|area_blank1_title        =
|area_blank1_km2          =
|area_blank1_sq_mi        =
<!-- Population   ----------------------->
|population_as_of               = 2001
|population_footnotes           =
|population_note                =
|population_total               = 22187 
|population_density_km2         =
|population_density_sq_mi       =
|population_metro               =
|population_density_metro_km2   =
|population_density_metro_sq_mi =
|population_urban               =
|population_density_urban_km2   =
|population_density_urban_sq_mi =
|population_blank1_title        =Ethnicities
|population_blank1              =[[Quechua people|Quechua]]
|population_blank2_title        =Religions
|population_blank2              =
|population_density_blank1_km2 =   
|population_density_blank1_sq_mi =
<!-- General information  --------------->
|timezone               = BOT
|utc_offset             = -4
|timezone_DST           = 
|utc_offset_DST         = 
|coordinates            = {{coord|17|20|S|64|32|W|display=inline}}
|elevation_footnotes    =  <!--for references: use <ref> </ref> tags-->
|elevation_m            =
|elevation_ft           =
<!-- Area/postal codes & others -------->
|postal_code_type       =  <!-- enter ZIP code, Postcode, Post code, Postal code... -->
|postal_code            =
|area_code              =
|blank_name             =
|blank_info             =
|blank1_name            =
|blank1_info            =
|website                = 
|footnotes              = 
}}",,26,,NA,NA,Municipality,NA,NA,NA,NA,Bolivia,bottom,Location within Bolivia,Country,Bolivia,Department,Cochabamba Department,Mayor,NA,Foundation,"July 4, 2009",NA,22187,2001,NA,NA,NA,NA,NA,BOT,NA,NA,NA,NA,Entre Ríos Municipality,NA,NA,NA,NA,NA,NA,NA,NA,NA,NA,NA,NA,NA,NA,NA,NA,NA,NA,NA,NA,NA,NA,Province,Carrasco Province,Seat,Entre Ríos,NA,NA,President,NA,NA,NA,NA,NA,NA,NA,NA,NA,NA,NA,NA,Imperial,NA,NA,NA,NA,NA,NA,NA,NA,NA,NA,NA,NA,NA,NA,NA,NA,NA,NA,NA,NA,NA,Ethnicities,Quechua,Religions,NA,NA,NA,-4,NA,NA,NA,NA,NA,NA,NA,NA,NA,NA,NA,NA,NA,NA,NA,NA,NA,NA,NA,NA,NA,NA,NA,NA,NA,NA,NA,NA,NA,NA,NA,NA,NA,NA,NA,NA,NA,NA,NA,NA,NA,NA,NA,NA,NA,NA,NA
0,Mizque Municipality,Category:Municipalities of Cochabamba Department,24862705,6921,Q1521176,https://en.wikipedia.org/wiki/Mizque_Municipality,6920,1,8,2001,"{{Infobox settlement
<!--See the Table at Infobox Settlement for all fields and descriptions of usage-->
<!-- Basic info  ---------------->
|official_name          = Mizque Municipality
|other_name             =
|native_name            = Misk'i
|nickname               = 
|settlement_type        = Municipality 
|motto                  =
<!-- images and maps  ----------->
|image_skyline          =Pasado Colonial-Mizque.JPG
|imagesize              = 
|image_caption          = Church of Mizque
|image_flag             = 
|flag_size              =
|image_seal             = 
|seal_size              =
|image_shield           = 
|shield_size            =
|image_blank_emblem     =
|blank_emblem_type      =
|blank_emblem_size      =
|image_map              = 
|mapsize                = 
|map_caption            = 
|image_map1             = 
|mapsize1               = 
|map_caption1           = 
|image_dot_map          =
|pushpin_map            =Bolivia<!-- the name of a location map as per http://en.wikipedia.org/wiki/Template:Location_map -->
|pushpin_label_position =bottom
|pushpin_map_caption    =Location of Mizque within Bolivia
<!-- Location ------------------>
|subdivision_type       = Country
|subdivision_name       ={{flag|Bolivia}}
|subdivision_type1      = [[Departments of Bolivia|Department]]
|subdivision_name1      = [[Cochabamba Department]]
|subdivision_type2      = [[Provinces of Bolivia|Province]]
|subdivision_name2      = [[Mizque Province]]
<!-- Smaller parts (e.g. boroughs of a city) and seat of government -->
|seat_type              = Seat
|seat                   = [[Mizque]]
<!-- Politics ----------------->
|government_footnotes   =
|government_type        = 
|leader_title           = Mayor
|leader_name            = Jhonny Pardo Ramirez (2007)
|leader_title1          = President<!-- for places with, say, both a mayor and a city manager -->
|leader_name1           = Claudio Albarracin Calero (2007)
|leader_title2          = 
|leader_name2           = 
|leader_title3          =
|leader_name3           =
|leader_title4          =
|leader_name4           =
|established_title      = Foundation<!-- Settled -->
|established_date       = 
|established_title2     =  <!-- Incorporated (town) -->
|established_date2      = 
|established_title3     =  <!-- Incorporated (city) -->
|established_date3      =
<!-- Area    --------------------->
|area_magnitude         = 
|unit_pref                =Imperial <!--Enter: Imperial, if Imperial (metric) is desired-->
|area_footnotes           =
|area_total_km2           =<!-- ALL fields dealing with a measurements are subject to automatic unit conversion-->
|area_land_km2            = <!--See table @ Template:Infobox Settlement for details on automatic unit conversion-->
|area_water_km2           =
|area_total_sq_mi         =
|area_land_sq_mi          =
|area_water_sq_mi         =
|area_water_percent       =
|area_urban_km2           =
|area_urban_sq_mi         =
|area_metro_km2           =
|area_metro_sq_mi         =
|area_blank1_title        =
|area_blank1_km2          =
|area_blank1_sq_mi        =
<!-- Population   ----------------------->
|population_as_of               = 2001
|population_footnotes           =
|population_note                =
|population_total               = 26,659
|population_density_km2         =
|population_density_sq_mi       =
|population_metro               =
|population_density_metro_km2   =
|population_density_metro_sq_mi =
|population_urban               =
|population_density_urban_km2   =
|population_density_urban_sq_mi =
|population_blank1_title        =Ethnicities
|population_blank1              =
|population_blank2_title        =Religions
|population_blank2              =
|population_density_blank1_km2 =   
|population_density_blank1_sq_mi =
<!-- General information  --------------->
|timezone               = BOT
|utc_offset             = -4
|timezone_DST           = 
|utc_offset_DST         = 
|coordinates            = {{coord|18|1|S|65|23|W|region:BO|display=inline,title}}
|elevation_footnotes    =  <!--for references: use <ref> </ref> tags-->
|elevation_m            =
|elevation_ft           =
<!-- Area/postal codes & others -------->
|postal_code_type       =  <!-- enter ZIP code, Postcode, Post code, Postal code... -->
|postal_code            =
|area_code              =
|blank_name             =
|blank_info             =
|blank1_name            =
|blank1_info            =
|website                = 
|footnotes              = 
}}",,29,,NA,Pasado Colonial-Mizque.JPG,Municipality,NA,NA,NA,NA,Bolivia,bottom,Location of Mizque within Bolivia,Country,Bolivia,Department,Cochabamba Department,Mayor,Jhonny Pardo Ramirez (2007),Foundation,NA,NA,"26,659",2001,NA,NA,NA,NA,NA,BOT,NA,NA,NA,NA,Mizque Municipality,NA,Misk'i,NA,NA,NA,Church of Mizque,NA,NA,NA,NA,NA,NA,NA,NA,NA,NA,NA,NA,NA,NA,NA,NA,Province,Mizque Province,Seat,Mizque,NA,NA,President,Claudio Albarracin Calero (2007),NA,NA,NA,NA,NA,NA,NA,NA,NA,NA,NA,Imperial,NA,NA,NA,NA,NA,NA,NA,NA,NA,NA,NA,NA,NA,NA,NA,NA,NA,NA,NA,NA,NA,Ethnicities,NA,Religions,NA,NA,NA,-4,NA,NA,NA,NA,NA,NA,NA,NA,NA,NA,NA,NA,NA,NA,NA,NA,NA,NA,NA,NA,NA,NA,NA,NA,NA,NA,NA,NA,NA,NA,NA,NA,NA,NA,NA,NA,NA,NA,NA,NA,NA,NA,NA,NA,NA,NA,NA
0,Morochata Municipality,Category:Municipalities of Cochabamba Department,24862706,5924,Q1535941,https://en.wikipedia.org/wiki/Morochata_Municipality,5923,1,10,2001,"{{Infobox settlement
<!--See the Table at Infobox Settlement for all fields and descriptions of usage-->
<!-- Basic info  ---------------->
|official_name          = Morochata Municipality
|other_name             =
|native_name            = 
|nickname               = 
|settlement_type        = Municipality 
|motto                  =
<!-- images and maps  ----------->
|image_skyline          =
|imagesize              = 
|image_caption          =  
|image_flag             = 
|flag_size              =
|image_seal             = 
|seal_size              =
|image_shield           = 
|shield_size            =
|image_blank_emblem     =
|blank_emblem_type      =
|blank_emblem_size      =
|image_map              = 
|mapsize                = 
|map_caption            = 
|image_map1             = 
|mapsize1               = 
|map_caption1           = 
|image_dot_map          =
|pushpin_map            =<!-- the name of a location map as per http://en.wikipedia.org/wiki/Template:Location_map -->
|pushpin_label_position =bottom
|pushpin_map_caption    =Location within Bolivia
<!-- Location ------------------>
|subdivision_type       = Country
|subdivision_name       ={{flag|Bolivia}}
|subdivision_type1      = [[Departments of Bolivia|Department]]
|subdivision_name1      = [[Cochabamba Department]]
|subdivision_type2      = [[Provinces of Bolivia|Province]]
|subdivision_name2      = [[Ayopaya Province]]
<!-- Smaller parts (e.g. boroughs of a city) and seat of government -->
|seat_type              = Seat
|seat                   = [[Morochata]]
<!-- Politics ----------------->
|government_footnotes   =
|government_type        = 
|leader_title           = Mayor
|leader_name            = 
|leader_title1          =President<!-- for places with, say, both a mayor and a city manager -->
|leader_name1           =
|leader_title2          = 
|leader_name2           = 
|leader_title3          =
|leader_name3           =
|leader_title4          =
|leader_name4           =
|established_title      = Foundation<!-- Settled -->
|established_date       = 
|established_title2     =  <!-- Incorporated (town) -->
|established_date2      = 
|established_title3     =  <!-- Incorporated (city) -->
|established_date3      =
<!-- Area    --------------------->
|area_magnitude         = 
|unit_pref                =Imperial <!--Enter: Imperial, if Imperial (metric) is desired-->
|area_footnotes           =
|area_total_km2           =<!-- ALL fields dealing with a measurements are subject to automatic unit conversion-->
|area_land_km2            = <!--See table @ Template:Infobox Settlement for details on automatic unit conversion-->
|area_water_km2           =
|area_total_sq_mi         =
|area_land_sq_mi          =
|area_water_sq_mi         =
|area_water_percent       =
|area_urban_km2           =
|area_urban_sq_mi         =
|area_metro_km2           =
|area_metro_sq_mi         =
|area_blank1_title        =
|area_blank1_km2          =
|area_blank1_sq_mi        =
<!-- Population   ----------------------->
|population_as_of               = 2001
|population_footnotes           =
|population_note                =
|population_total               = 34,134
|population_density_km2         =
|population_density_sq_mi       =
|population_metro               =
|population_density_metro_km2   =
|population_density_metro_sq_mi =
|population_urban               =
|population_density_urban_km2   =
|population_density_urban_sq_mi =
|population_blank1_title        =Ethnicities
|population_blank1              =
|population_blank2_title        =Religions
|population_blank2              =
|population_density_blank1_km2 =   
|population_density_blank1_sq_mi =
<!-- General information  --------------->
|timezone               = BOT
|utc_offset             = -4
|timezone_DST           = 
|utc_offset_DST         = 
|coordinates            = 
|elevation_footnotes    =  <!--for references: use <ref> </ref> tags-->
|elevation_m            =
|elevation_ft           =
<!-- Area/postal codes & others -------->
|postal_code_type       =  <!-- enter ZIP code, Postcode, Post code, Postal code... -->
|postal_code            =
|area_code              =
|blank_name             =
|blank_info             =
|blank1_name            =
|blank1_info            =
|website                = 
|footnotes              = 
}}",,22,,NA,NA,Municipality,NA,NA,NA,NA,NA,bottom,Location within Bolivia,Country,Bolivia,Department,Cochabamba Department,Mayor,NA,Foundation,NA,NA,"34,134",2001,NA,NA,NA,NA,NA,BOT,NA,NA,NA,NA,Morochata Municipality,NA,NA,NA,NA,NA,NA,NA,NA,NA,NA,NA,NA,NA,NA,NA,NA,NA,NA,NA,NA,NA,NA,Province,Ayopaya Province,Seat,Morochata,NA,NA,President,NA,NA,NA,NA,NA,NA,NA,NA,NA,NA,NA,NA,Imperial,NA,NA,NA,NA,NA,NA,NA,NA,NA,NA,NA,NA,NA,NA,NA,NA,NA,NA,NA,NA,NA,Ethnicities,NA,Religions,NA,NA,NA,-4,NA,NA,NA,NA,NA,NA,NA,NA,NA,NA,NA,NA,NA,NA,NA,NA,NA,NA,NA,NA,NA,NA,NA,NA,NA,NA,NA,NA,NA,NA,NA,NA,NA,NA,NA,NA,NA,NA,NA,NA,NA,NA,NA,NA,NA,NA,NA
0,Omereque Municipality,Category:Municipalities of Cochabamba Department,24862711,5611,Q1521168,https://en.wikipedia.org/wiki/Omereque_Municipality,5609,0,1,2001,"{{Infobox settlement
<!--See the Table at Infobox Settlement for all fields and descriptions of usage-->
<!-- Basic info  ---------------->
|official_name          = Omereque Municipality
|other_name             =
|native_name            = 
|nickname               = 
|settlement_type        = Municipality 
|motto                  =
<!-- images and maps  ----------->
|image_skyline          =
|imagesize              = 
|image_caption          =  
|image_flag             = 
|flag_size              =
|image_seal             = 
|seal_size              =
|image_shield           = 
|shield_size            =
|image_blank_emblem     =
|blank_emblem_type      =
|blank_emblem_size      =
|image_map              = 
|mapsize                = 
|map_caption            = 
|image_map1             = 
|mapsize1               = 
|map_caption1           = 
|image_dot_map          =
|dot_mapsize            =
|dot_map_caption        =
|dot_x =  |dot_y =
|pushpin_map            =Bolivia<!-- the name of a location map as per http://en.wikipedia.org/wiki/Template:Location_map -->
|pushpin_label_position =bottom
|pushpin_map_caption    =Location within Bolivia
<!-- Location ------------------>
|subdivision_type       = Country
|subdivision_name       ={{flag|Bolivia}}
|subdivision_type1      = [[Departments of Bolivia|Department]]
|subdivision_name1      = [[Cochabamba Department]]
|subdivision_type2      = [[Provinces of Bolivia|Province]]
|subdivision_name2      = [[Narciso Campero Province]]
<!-- Smaller parts (e.g. boroughs of a city) and seat of government -->
|seat_type              = Seat
|seat                   = [[Omereque]]
<!-- Politics ----------------->
|government_footnotes   =
|government_type        = 
|leader_title           = Mayor
|leader_name            = Hector Arce Rodriguez (2007)
|leader_title1          =President<!-- for places with, say, both a mayor and a city manager -->
|leader_name1           = Julian Rocha Sejas (2007)
|leader_title2          = 
|leader_name2           = 
|leader_title3          =
|leader_name3           =
|leader_title4          =
|leader_name4           =
|established_title      = Foundation<!-- Settled -->
|established_date       = 
|established_title2     =  <!-- Incorporated (town) -->
|established_date2      = 
|established_title3     =  <!-- Incorporated (city) -->
|established_date3      =
<!-- Area    --------------------->
|area_magnitude         = 
|unit_pref                =Imperial <!--Enter: Imperial, if Imperial (metric) is desired-->
|area_footnotes           =
|area_total_km2           =<!-- ALL fields dealing with a measurements are subject to automatic unit conversion-->
|area_land_km2            = <!--See table @ Template:Infobox Settlement for details on automatic unit conversion-->
|area_water_km2           =
|area_total_sq_mi         =
|area_land_sq_mi          =
|area_water_sq_mi         =
|area_water_percent       =
|area_urban_km2           =
|area_urban_sq_mi         =
|area_metro_km2           =
|area_metro_sq_mi         =
|area_blank1_title        =
|area_blank1_km2          =
|area_blank1_sq_mi        =
<!-- Population   ----------------------->
|population_as_of               = 2001
|population_footnotes           =
|population_note                =
|population_total               = 6071
|population_density_km2         =
|population_density_sq_mi       =
|population_metro               =
|population_density_metro_km2   =
|population_density_metro_sq_mi =
|population_urban               =
|population_density_urban_km2   =
|population_density_urban_sq_mi =
|population_blank1_title        =Ethnicities
|population_blank1              =[[Quechua people|Quechuas]]
|population_blank2_title        =Religions
|population_blank2              =
|population_density_blank1_km2 =   
|population_density_blank1_sq_mi =
<!-- General information  --------------->
|timezone               = BOT
|utc_offset             = -4
|timezone_DST           = 
|utc_offset_DST         = 
|coordinates            = {{coord|18|2|S|65|31|W|display=inline}}
|elevation_footnotes    =  <!--for references: use <ref> </ref> tags-->
|elevation_m            =
|elevation_ft           =
<!-- Area/postal codes & others -------->
|postal_code_type       =  <!-- enter ZIP code, Postcode, Post code, Postal code... -->
|postal_code            =
|area_code              =
|blank_name             =
|blank_info             =
|blank1_name            =
|blank1_info            =
|website                = 
|footnotes              = 
}}",,27,,NA,NA,Municipality,NA,NA,NA,NA,Bolivia,bottom,Location within Bolivia,Country,Bolivia,Department,Cochabamba Department,Mayor,Hector Arce Rodriguez (2007),Foundation,NA,NA,6071,2001,NA,NA,NA,NA,NA,BOT,NA,NA,NA,NA,Omereque Municipality,NA,NA,NA,NA,NA,NA,NA,NA,NA,NA,NA,NA,NA,NA,NA,NA,NA,NA,NA,NA,NA,NA,Province,Narciso Campero Province,Seat,Omereque,NA,NA,President,Julian Rocha Sejas (2007),NA,NA,NA,NA,NA,NA,NA,NA,NA,NA,NA,Imperial,NA,NA,NA,NA,NA,NA,NA,NA,NA,NA,NA,NA,NA,NA,NA,NA,NA,NA,NA,NA,NA,Ethnicities,Quechuas,Religions,NA,NA,NA,-4,NA,NA,NA,NA,NA,NA,NA,NA,NA,NA,NA,NA,NA,NA,NA,NA,NA,NA,NA,NA,NA,NA,NA,NA,NA,NA,NA,NA,NA,NA,NA,NA,NA,NA,NA,NA,NA,NA,NA,NA,NA,NA,NA,NA,NA,NA,NA
0,Pasorapa Municipality,Category:Municipalities of Cochabamba Department,24862713,5346,Q1497559,https://en.wikipedia.org/wiki/Pasorapa_Municipality,5346,0,1,2001,"{{Infobox settlement
<!--See the Table at Infobox Settlement for all fields and descriptions of usage-->
<!-- Basic info  ---------------->
|official_name          = Pasorapa Municipality
|other_name             =
|native_name            = 
|nickname               = 
|settlement_type        = Municipality 
|motto                  =
<!-- images and maps  ----------->
|image_skyline          =
|imagesize              = 
|image_caption          =  
|image_flag             = 
|flag_size              =
|image_seal             = 
|seal_size              =
|image_shield           = 
|shield_size            =
|image_blank_emblem     =
|blank_emblem_type      =
|blank_emblem_size      =
|image_map              = 
|mapsize                = 
|map_caption            = 
|image_map1             = 
|mapsize1               = 
|map_caption1           = 
|image_dot_map          =
|dot_mapsize            =
|dot_map_caption        =
|dot_x =  |dot_y =
|pushpin_map            =Bolivia<!-- the name of a location map as per http://en.wikipedia.org/wiki/Template:Location_map -->
|pushpin_label_position =bottom
|pushpin_map_caption    =Location within Bolivia
<!-- Location ------------------>
|subdivision_type       = Country
|subdivision_name       ={{flag|Bolivia}}
|subdivision_type1      = [[Departments of Bolivia|Department]]
|subdivision_name1      = [[Cochabamba Department]]
|subdivision_type2      = [[Provinces of Bolivia|Province]]
|subdivision_name2      = [[Narciso Campero Province]]
<!-- Smaller parts (e.g. boroughs of a city) and seat of government -->
|seat_type              = Seat
|seat                   = [[Pasorapa]]
<!-- Politics ----------------->
|government_footnotes   =
|government_type        = 
|leader_title           = Mayor
|leader_name            = Ervin Oretea Arimoza (2007)
|leader_title1          = President<!-- for places with, say, both a mayor and a city manager -->
|leader_name1           = Clemente Salguero Padilla (2007)
|leader_title2          = 
|leader_name2           = 
|leader_title3          =
|leader_name3           =
|leader_title4          =
|leader_name4           =
|established_title      = Foundation<!-- Settled -->
|established_date       = 
|established_title2     =  <!-- Incorporated (town) -->
|established_date2      = 
|established_title3     =  <!-- Incorporated (city) -->
|established_date3      =
<!-- Area    --------------------->
|area_magnitude         = 
|unit_pref                =Imperial <!--Enter: Imperial, if Imperial (metric) is desired-->
|area_footnotes           =
|area_total_km2           =<!-- ALL fields dealing with a measurements are subject to automatic unit conversion-->
|area_land_km2            = <!--See table @ Template:Infobox Settlement for details on automatic unit conversion-->
|area_water_km2           =
|area_total_sq_mi         =
|area_land_sq_mi          =
|area_water_sq_mi         =
|area_water_percent       =
|area_urban_km2           =
|area_urban_sq_mi         =
|area_metro_km2           =
|area_metro_sq_mi         =
|area_blank1_title        =
|area_blank1_km2          =
|area_blank1_sq_mi        =
<!-- Population   ----------------------->
|population_as_of               = 2001
|population_footnotes           =
|population_note                =
|population_total               = 4,659
|population_density_km2         =
|population_density_sq_mi       =
|population_metro               =
|population_density_metro_km2   =
|population_density_metro_sq_mi =
|population_urban               =
|population_density_urban_km2   =
|population_density_urban_sq_mi =
|population_blank1_title        =Ethnicities
|population_blank1              =[[Quechua people|Quechuas]]
|population_blank2_title        =Religions
|population_blank2              =
|population_density_blank1_km2 =   
|population_density_blank1_sq_mi =
<!-- General information  --------------->
|timezone               = BOT
|utc_offset             = -4
|timezone_DST           = 
|utc_offset_DST         = 
|coordinates            = {{coord|18|24|S|64|35|W|display=inline}}
|elevation_footnotes    =  <!--for references: use <ref> </ref> tags-->
|elevation_m            =
|elevation_ft           =
<!-- Area/postal codes & others -------->
|postal_code_type       =  <!-- enter ZIP code, Postcode, Post code, Postal code... -->
|postal_code            =
|area_code              =
|blank_name             =
|blank_info             =
|blank1_name            =
|blank1_info            =
|website                = 
|footnotes              = 
}}",,27,,NA,NA,Municipality,NA,NA,NA,NA,Bolivia,bottom,Location within Bolivia,Country,Bolivia,Department,Cochabamba Department,Mayor,Ervin Oretea Arimoza (2007),Foundation,NA,NA,"4,659",2001,NA,NA,NA,NA,NA,BOT,NA,NA,NA,NA,Pasorapa Municipality,NA,NA,NA,NA,NA,NA,NA,NA,NA,NA,NA,NA,NA,NA,NA,NA,NA,NA,NA,NA,NA,NA,Province,Narciso Campero Province,Seat,Pasorapa,NA,NA,President,Clemente Salguero Padilla (2007),NA,NA,NA,NA,NA,NA,NA,NA,NA,NA,NA,Imperial,NA,NA,NA,NA,NA,NA,NA,NA,NA,NA,NA,NA,NA,NA,NA,NA,NA,NA,NA,NA,NA,Ethnicities,Quechuas,Religions,NA,NA,NA,-4,NA,NA,NA,NA,NA,NA,NA,NA,NA,NA,NA,NA,NA,NA,NA,NA,NA,NA,NA,NA,NA,NA,NA,NA,NA,NA,NA,NA,NA,NA,NA,NA,NA,NA,NA,NA,NA,NA,NA,NA,NA,NA,NA,NA,NA,NA,NA
0,Pocona Municipality,Category:Municipalities of Cochabamba Department,20758816,9317,Q1521138,https://en.wikipedia.org/wiki/Pocona_Municipality,9287,1,11,2001,"{{Infobox settlement
<!--See the Table at Infobox Settlement for all fields and descriptions of usage-->
<!-- Basic info  ---------------->
|official_name          = Pocona Municipality
|other_name             =
|native_name            = 
|nickname               = 
|settlement_type        = Municipality 
|motto                  =
<!-- images and maps  ----------->
|image_skyline          = Incallajta.jpg
|imagesize              = 
|image_caption          = The [[UNESCO World Heritage Site]] of [[Inkallaqta]] in the Pocona Municipality
|image_flag             = 
|flag_size              =
|image_seal             = 
|seal_size              =
|image_shield           = 
|shield_size            =
|image_blank_emblem     =
|blank_emblem_type      =
|blank_emblem_size      =
|image_map              = 
|mapsize                = 
|map_caption            = 
|image_map1             = 
|mapsize1               = 
|map_caption1           = 
|image_dot_map          =
|pushpin_map            = Bolivia<!-- the name of a location map as per http://en.wikipedia.org/wiki/Template:Location_map -->
|pushpin_label_position =bottom
|pushpin_map_caption    =Location of the Pocona Municipality within Bolivia
<!-- Location ------------------>
|subdivision_type       = Country
|subdivision_name       = [[Image:Flag of Bolivia.svg|25px]] [[Bolivia]]
|subdivision_type1      = [[Departments of Bolivia|Department]]
|subdivision_name1      = [[Cochabamba Department]]
|subdivision_type2      = [[Provinces of Bolivia|Province]]
|subdivision_name2      = [[Carrasco Province (Bolivia)|Carrasco Province]]
<!-- Smaller parts (e.g. boroughs of a city) and seat of government -->
|seat_type              = Seat
|seat                   = [[Pocona]]
<!-- Politics ----------------->
|government_footnotes   =
|government_type        = 
|leader_title           = Mayor
|leader_name            = Carlos Rodriguez Peredo (2008)
|leader_title1          =President<!-- for places with, say, both a mayor and a city manager -->
|leader_name1           = Felix Guardia (2008) 
|leader_title2          = 
|leader_name2           = 
|leader_title3          =
|leader_name3           =
|leader_title4          =
|leader_name4           =
|established_title      =  <!-- Settled -->
|established_date       = 
|established_title2     =  <!-- Incorporated (town) -->
|established_date2      = 
|established_title3     =  <!-- Incorporated (city) -->
|established_date3      =
<!-- Area    --------------------->
|area_magnitude         = 
|unit_pref                =Imperial <!--Enter: Imperial, if Imperial (metric) is desired-->
|area_footnotes           =
|area_total_km2           = <!-- ALL fields dealing with a measurements are subject to automatic unit conversion-->
|area_land_km2            = <!--See table @ Template:Infobox Settlement for details on automatic unit conversion-->
|area_water_km2           =
|area_total_sq_mi         =
|area_land_sq_mi          =
|area_water_sq_mi         =
|area_water_percent       =
|area_urban_km2           =
|area_urban_sq_mi         =
|area_metro_km2           =
|area_metro_sq_mi         =
|area_blank1_title        =
|area_blank1_km2          =
|area_blank1_sq_mi        =
<!-- Population   ----------------------->
|population_as_of               = 2001
|population_footnotes           =
|population_note                =
|population_total               = 13488
|population_density_km2         =15.5
|population_density_sq_mi       =
|population_metro               =
|population_density_metro_km2   =
|population_density_metro_sq_mi =
|population_urban               =
|population_density_urban_km2   =
|population_density_urban_sq_mi =
|population_blank1_title        =Ethnicities
|population_blank1              =
|population_blank2_title        =Religions
|population_blank2              =
|population_density_blank1_km2 =   
|population_density_blank1_sq_mi =
<!-- General information  --------------->
|timezone               = BOT
|utc_offset             = -4
|timezone_DST           = 
|utc_offset_DST         = 
|coordinates            = {{coord|17|40|0|S|65|12|0|W|region:BO|display=inline,title}}
|elevation_footnotes    =  <!--for references: use <ref> </ref> tags-->
|elevation_m            =4000
|elevation_ft           =
<!-- Area/postal codes & others -------->
|postal_code_type       =  <!-- enter ZIP code, Postcode, Post code, Postal code... -->
|postal_code            =
|area_code              =
|blank_name             =
|blank_info             =
|blank1_name            =
|blank1_info            =
|website                = 
|footnotes              = 
}}",,29,,NA,Incallajta.jpg,Municipality,NA,NA,NA,NA,Bolivia,bottom,Location of the Pocona Municipality within Bolivia,Country,25px Bolivia,Department,Cochabamba Department,Mayor,Carlos Rodriguez Peredo (2008),NA,NA,NA,13488,2001,NA,NA,NA,4000,NA,BOT,NA,NA,NA,NA,Pocona Municipality,NA,NA,NA,NA,NA,The UNESCO World Heritage Site of Inkallaqta in the Pocona Municipality,NA,NA,NA,NA,NA,NA,NA,NA,NA,NA,NA,NA,NA,NA,NA,NA,Province,Carrasco Province,Seat,Pocona,NA,NA,President,Felix Guardia (2008),NA,NA,NA,NA,NA,NA,NA,NA,NA,NA,NA,Imperial,NA,NA,NA,NA,NA,NA,NA,NA,NA,NA,NA,NA,NA,NA,15.5,NA,NA,NA,NA,NA,NA,Ethnicities,NA,Religions,NA,NA,NA,-4,NA,NA,NA,NA,NA,NA,NA,NA,NA,NA,NA,NA,NA,NA,NA,NA,NA,NA,NA,NA,NA,NA,NA,NA,NA,NA,NA,NA,NA,NA,NA,NA,NA,NA,NA,NA,NA,NA,NA,NA,NA,NA,NA,NA,NA,NA,NA
0,Pojo Municipality,Category:Municipalities of Cochabamba Department,24862714,5806,Q1516972,https://en.wikipedia.org/wiki/Pojo_Municipality,5787,0,2,2001,"{{Infobox settlement
<!--See the Table at Infobox Settlement for all fields and descriptions of usage-->
<!-- Basic info  ---------------->
|official_name          = Pojo Municipality
|other_name             =
|native_name            = 
|nickname               = 
|settlement_type        = Municipality 
|motto                  =
<!-- images and maps  ----------->
|image_skyline          =
|imagesize              = 
|image_caption          =  
|image_flag             = 
|flag_size              =
|image_seal             = 
|seal_size              =
|image_shield           = 
|shield_size            =
|image_blank_emblem     =
|blank_emblem_type      =
|blank_emblem_size      =
|image_map              = 
|mapsize                = 
|map_caption            = 
|image_map1             = 
|mapsize1               = 
|map_caption1           = 
|image_dot_map          =
|dot_mapsize            =
|dot_map_caption        =
|dot_x =  |dot_y =
|pushpin_map            =Bolivia<!-- the name of a location map as per http://en.wikipedia.org/wiki/Template:Location_map -->
|pushpin_label_position =bottom
|pushpin_map_caption    =Location within Bolivia
<!-- Location ------------------>
|subdivision_type       = Country
|subdivision_name       ={{flag|Bolivia}}
|subdivision_type1      = [[Departments of Bolivia|Department]]
|subdivision_name1      = [[Cochabamba Department]]
|subdivision_type2      = [[Provinces of Bolivia|Province]]
|subdivision_name2      = [[Carrasco Province (Bolivia)|Carrasco Province]]
<!-- Smaller parts (e.g. boroughs of a city) and seat of government -->
|seat_type              = Seat
|seat                   = [[Pojo, Cochabamba|Pojo]]
<!-- Politics ----------------->
|government_footnotes   =
|government_type        = 
|leader_title           = Mayor
|leader_name            = Pedro Rojas Rocha
|leader_title1          =President<!-- for places with, say, both a mayor and a city manager -->
|leader_name1           = Flabio Jaldín Coria
|leader_title2          = 
|leader_name2           = 
|leader_title3          =
|leader_name3           =
|leader_title4          =
|leader_name4           =
|established_title      = Foundation<!-- Settled -->
|established_date       = 
|established_title2     =  <!-- Incorporated (town) -->
|established_date2      = 
|established_title3     =  <!-- Incorporated (city) -->
|established_date3      =
<!-- Area    --------------------->
|area_magnitude         = 
|unit_pref                =Imperial <!--Enter: Imperial, if Imperial (metric) is desired-->
|area_footnotes           =
|area_total_km2           =<!-- ALL fields dealing with a measurements are subject to automatic unit conversion-->
|area_land_km2            = <!--See table @ Template:Infobox Settlement for details on automatic unit conversion-->
|area_water_km2           =
|area_total_sq_mi         =
|area_land_sq_mi          =
|area_water_sq_mi         =
|area_water_percent       =
|area_urban_km2           =
|area_urban_sq_mi         =
|area_metro_km2           =
|area_metro_sq_mi         =
|area_blank1_title        =
|area_blank1_km2          =
|area_blank1_sq_mi        =
<!-- Population   ----------------------->
|population_as_of               = 2001
|population_footnotes           =
|population_note                =
|population_total               = 11,515
|population_density_km2         =
|population_density_sq_mi       =
|population_metro               =
|population_density_metro_km2   =
|population_density_metro_sq_mi =
|population_urban               =
|population_density_urban_km2   =
|population_density_urban_sq_mi =
|population_blank1_title        =Ethnicities
|population_blank1              =[[Quechua people|Quechua]]
|population_blank2_title        =Religions
|population_blank2              =
|population_density_blank1_km2 =   
|population_density_blank1_sq_mi =
<!-- General information  --------------->
|timezone               = BOT
|utc_offset             = -4
|timezone_DST           = 
|utc_offset_DST         = 
|coordinates            = {{coord|17|20|S|64|42|W|display=inline}}
|elevation_footnotes    =  <!--for references: use <ref> </ref> tags-->
|elevation_m            =
|elevation_ft           =
<!-- Area/postal codes & others -------->
|postal_code_type       =  <!-- enter ZIP code, Postcode, Post code, Postal code... -->
|postal_code            =
|area_code              =
|blank_name             =
|blank_info             =
|blank1_name            =
|blank1_info            =
|website                = 
|footnotes              = 
}}",,27,,NA,NA,Municipality,NA,NA,NA,NA,Bolivia,bottom,Location within Bolivia,Country,Bolivia,Department,Cochabamba Department,Mayor,Pedro Rojas Rocha,Foundation,NA,NA,"11,515",2001,NA,NA,NA,NA,NA,BOT,NA,NA,NA,NA,Pojo Municipality,NA,NA,NA,NA,NA,NA,NA,NA,NA,NA,NA,NA,NA,NA,NA,NA,NA,NA,NA,NA,NA,NA,Province,Carrasco Province,Seat,Pojo,NA,NA,President,Flabio Jaldín Coria,NA,NA,NA,NA,NA,NA,NA,NA,NA,NA,NA,Imperial,NA,NA,NA,NA,NA,NA,NA,NA,NA,NA,NA,NA,NA,NA,NA,NA,NA,NA,NA,NA,NA,Ethnicities,Quechua,Religions,NA,NA,NA,-4,NA,NA,NA,NA,NA,NA,NA,NA,NA,NA,NA,NA,NA,NA,NA,NA,NA,NA,NA,NA,NA,NA,NA,NA,NA,NA,NA,NA,NA,NA,NA,NA,NA,NA,NA,NA,NA,NA,NA,NA,NA,NA,NA,NA,NA,NA,NA
0,Puerto Villarroel Municipality,Category:Municipalities of Cochabamba Department,24862715,6975,Q1521128,https://en.wikipedia.org/wiki/Puerto_Villarroel_Municipality,6930,0,4,2001,"{{Infobox settlement
<!--See the Table at Infobox Settlement for all fields and descriptions of usage-->
<!-- Basic info  ---------------->
|official_name          = Puerto Villarroel Municipality
|other_name             =
|native_name            = 
|nickname               = 
|settlement_type        = Municipality 
|motto                  =
<!-- images and maps  ----------->
|image_skyline          =
|imagesize              = 
|image_caption          =  
|image_flag             = 
|flag_size              =
|image_seal             = 
|seal_size              =
|image_shield           = 
|shield_size            =
|image_blank_emblem     =
|blank_emblem_type      =
|blank_emblem_size      =
|image_map              = 
|mapsize                = 
|map_caption            = 
|image_map1             = 
|mapsize1               = 
|map_caption1           = 
|image_dot_map          =
|dot_mapsize            =
|dot_map_caption        =
|dot_x =  |dot_y =
|pushpin_map            =Bolivia<!-- the name of a location map as per http://en.wikipedia.org/wiki/Template:Location_map -->
|pushpin_label_position =bottom
|pushpin_map_caption    =Location within Bolivia
<!-- Location ------------------>
|subdivision_type       = Country
|subdivision_name       ={{flag|Bolivia}}
|subdivision_type1      = [[Departments of Bolivia|Department]]
|subdivision_name1      = [[Cochabamba Department]]
|subdivision_type2      = [[Provinces of Bolivia|Province]]
|subdivision_name2      = [[Carrasco Province (Bolivia)|Carrasco Province]]
<!-- Smaller parts (e.g. boroughs of a city) and seat of government -->
|seat_type              = Seat
|seat                   = [[Puerto Villarroel]]
<!-- Politics ----------------->
|government_footnotes   =
|government_type        = 
|leader_title           = Mayor
|leader_name            = Felix Acosta Vasquez (2007)
|leader_title1          =President<!-- for places with, say, both a mayor and a city manager -->
|leader_name1           =	Desiderio Mendoza Tococari (2007)
|leader_title2          = 
|leader_name2           = 
|leader_title3          =
|leader_name3           =
|leader_title4          =
|leader_name4           =
|established_title      = Foundation<!-- Settled -->
|established_date       = 
|established_title2     =  <!-- Incorporated (town) -->
|established_date2      = 
|established_title3     =  <!-- Incorporated (city) -->
|established_date3      =
<!-- Area    --------------------->
|area_magnitude         = 
|unit_pref                =Imperial <!--Enter: Imperial, if Imperial (metric) is desired-->
|area_footnotes           =
|area_total_km2           =<!-- ALL fields dealing with a measurements are subject to automatic unit conversion-->
|area_land_km2            = <!--See table @ Template:Infobox Settlement for details on automatic unit conversion-->
|area_water_km2           =
|area_total_sq_mi         =
|area_land_sq_mi          =
|area_water_sq_mi         =
|area_water_percent       =
|area_urban_km2           =
|area_urban_sq_mi         =
|area_metro_km2           =
|area_metro_sq_mi         =
|area_blank1_title        =
|area_blank1_km2          =
|area_blank1_sq_mi        =
<!-- Population   ----------------------->
|population_as_of               = 2001
|population_footnotes           =
|population_note                =
|population_total               = 40,790
|population_density_km2         =
|population_density_sq_mi       =
|population_metro               =
|population_density_metro_km2   =
|population_density_metro_sq_mi =
|population_urban               =
|population_density_urban_km2   =
|population_density_urban_sq_mi =
|population_blank1_title        =Ethnicities
|population_blank1              =[[Quechua people|Quechua]], [[Yuracaré people|Yuracaré]]
|population_blank2_title        =Religions
|population_blank2              =
|population_density_blank1_km2 =   
|population_density_blank1_sq_mi =
<!-- General information  --------------->
|timezone               = BOT
|utc_offset             = -4
|timezone_DST           = 
|utc_offset_DST         = 
|coordinates            = {{coord|16|55|S|64|45|W|display=inline}}
|elevation_footnotes    =  <!--for references: use <ref> </ref> tags-->
|elevation_m            =200
|elevation_ft           =
<!-- Area/postal codes & others -------->
|postal_code_type       =  <!-- enter ZIP code, Postcode, Post code, Postal code... -->
|postal_code            =
|area_code              =
|blank_name             =
|blank_info             =
|blank1_name            =
|blank1_info            =
|website                = 
|footnotes              = 
}}",,28,,NA,NA,Municipality,NA,NA,NA,NA,Bolivia,bottom,Location within Bolivia,Country,Bolivia,Department,Cochabamba Department,Mayor,Felix Acosta Vasquez (2007),Foundation,NA,NA,"40,790",2001,NA,NA,NA,200,NA,BOT,NA,NA,NA,NA,Puerto Villarroel Municipality,NA,NA,NA,NA,NA,NA,NA,NA,NA,NA,NA,NA,NA,NA,NA,NA,NA,NA,NA,NA,NA,NA,Province,Carrasco Province,Seat,Puerto Villarroel,NA,NA,President,Desiderio Mendoza Tococari (2007),NA,NA,NA,NA,NA,NA,NA,NA,NA,NA,NA,Imperial,NA,NA,NA,NA,NA,NA,NA,NA,NA,NA,NA,NA,NA,NA,NA,NA,NA,NA,NA,NA,NA,Ethnicities,"Quechua, Yuracaré",Religions,NA,NA,NA,-4,NA,NA,NA,NA,NA,NA,NA,NA,NA,NA,NA,NA,NA,NA,NA,NA,NA,NA,NA,NA,NA,NA,NA,NA,NA,NA,NA,NA,NA,NA,NA,NA,NA,NA,NA,NA,NA,NA,NA,NA,NA,NA,NA,NA,NA,NA,NA
0,Punata Municipality,Category:Municipalities of Cochabamba Department,24585574,10780,Q1521120,https://en.wikipedia.org/wiki/Punata_Municipality,10757,6,12,2001,"{{Infobox settlement
<!--See the Table at Infobox Settlement for all fields and descriptions of usage-->
<!-- Basic info  ---------------->
|official_name          = Punata Municipality
|other_name             =
|native_name            = 
|nickname               = 
|settlement_type        = Municipality 
|motto                  =
<!-- images and maps  ----------->
|image_skyline          = Catedral San Juan Bautista, Punata.jpg
|imagesize              = 250px
|image_caption          = [[John the Baptist]] (''San Juan Bautista'') church in Punata 
|image_flag             = Bandera de Punata.JPG
|flag_size              = 100px
|image_seal             = Punata.jpg
|seal_size              = 70px
|image_shield           = 
|shield_size            =
|image_blank_emblem     =
|blank_emblem_type      =
|blank_emblem_size      =
|image_map              = 
|mapsize                = 
|map_caption            = 
|image_map1             = 
|mapsize1               = 
|map_caption1           = 
|image_dot_map          =
|dot_mapsize            =
|dot_map_caption        =
|dot_x =  |dot_y =
|pushpin_map            = Bolivia<!-- the name of a location map as per http://en.wikipedia.org/wiki/Template:Location_map -->
|pushpin_label_position =bottom
|pushpin_map_caption    =Location of the Punata Municipality within Bolivia
<!-- Location ------------------>
|subdivision_type       = Country
|subdivision_name       = [[Image:Flag of Bolivia.svg|25px]] [[Bolivia]]
|subdivision_type1      = [[Departments of Bolivia|Department]]
|subdivision_name1      = [[Cochabamba Department]]
|subdivision_type2      = [[Provinces of Bolivia|Province]]
|subdivision_name2      = [[Punata Province]]
<!-- Smaller parts (e.g. boroughs of a city) and seat of government -->
|seat_type              = Seat
|seat                   = [[Punata]]
<!-- Politics ----------------->
|government_footnotes   =
|government_type        = 
|leader_title           = Mayor
|leader_name            = Leticia Camacho (MAS-IPSP)
|leader_title1          = Council President<!-- for places with, say, both a mayor and a city manager -->
|leader_name1           = 
|leader_title2          = 
|leader_name2           = 
|leader_title3          =
|leader_name3           =
|leader_title4          =
|leader_name4           =
|established_title      =  <!-- Settled -->
|established_date       = 
|established_title2     =  <!-- Incorporated (town) -->
|established_date2      = 
|established_title3     =  <!-- Incorporated (city) -->
|established_date3      =
<!-- Area    --------------------->
|area_magnitude         = 
|unit_pref                =Imperial <!--Enter: Imperial, if Imperial (metric) is desired-->
|area_footnotes           =
|area_total_km2           = 85<!-- ALL fields dealing with a measurements are subject to automatic unit conversion-->
|area_land_km2            = <!--See table @ Template:Infobox Settlement for details on automatic unit conversion-->
|area_water_km2           =
|area_total_sq_mi         =
|area_land_sq_mi          =
|area_water_sq_mi         =
|area_water_percent       =
|area_urban_km2           =
|area_urban_sq_mi         =
|area_metro_km2           =
|area_metro_sq_mi         =
|area_blank1_title        =
|area_blank1_km2          =
|area_blank1_sq_mi        =
<!-- Population   ----------------------->
|population_as_of               = 2001
|population_footnotes           =
|population_note                =
|population_total               =26140
|population_density_km2         =
|population_density_sq_mi       =
|population_metro               =
|population_density_metro_km2   =
|population_density_metro_sq_mi =
|population_urban               =
|population_density_urban_km2   =
|population_density_urban_sq_mi =
|population_blank1_title        =Ethnicities
|population_blank1              =[[Quechua people|Quechuas]]
|population_blank2_title        =Religions
|population_blank2              =
|population_density_blank1_km2 =   
|population_density_blank1_sq_mi =
<!-- General information  --------------->
|timezone               = BOT
|utc_offset             = -4
|timezone_DST           = 
|utc_offset_DST         = 
|coordinates            = {{coord|17|33|0|S|65|50|0|W|region:BO|display=inline,title}}
|elevation_footnotes    =  <!--for references: use <ref> </ref> tags-->
|elevation_m            =
|elevation_ft           =
<!-- Area/postal codes & others -------->
|postal_code_type       =  <!-- enter ZIP code, Postcode, Post code, Postal code... -->
|postal_code            =
|area_code              =
|blank_name             =
|blank_info             =
|blank1_name            =
|blank1_info            =
|website                = 
|footnotes              = 
}}",,33,,NA,"Catedral San Juan Bautista, Punata.jpg",Municipality,Bandera de Punata.JPG,Punata.jpg,NA,NA,Bolivia,bottom,Location of the Punata Municipality within Bolivia,Country,25px Bolivia,Department,Cochabamba Department,Mayor,Leticia Camacho (MAS-IPSP),NA,NA,NA,26140,2001,NA,85,NA,NA,NA,BOT,NA,NA,NA,NA,Punata Municipality,NA,NA,NA,NA,250px,John the Baptist (''San Juan Bautista'') church in Punata,100px,70px,NA,NA,NA,NA,NA,NA,NA,NA,NA,NA,NA,NA,NA,NA,Province,Punata Province,Seat,Punata,NA,NA,Council President,NA,NA,NA,NA,NA,NA,NA,NA,NA,NA,NA,NA,Imperial,NA,NA,NA,NA,NA,NA,NA,NA,NA,NA,NA,NA,NA,NA,NA,NA,NA,NA,NA,NA,NA,Ethnicities,Quechuas,Religions,NA,NA,NA,-4,NA,NA,NA,NA,NA,NA,NA,NA,NA,NA,NA,NA,NA,NA,NA,NA,NA,NA,NA,NA,NA,NA,NA,NA,NA,NA,NA,NA,NA,NA,NA,NA,NA,NA,NA,NA,NA,NA,NA,NA,NA,NA,NA,NA,NA,NA,NA
0,Quillacollo Municipality,Category:Municipalities of Cochabamba Department,24585819,7221,Q1553258,https://en.wikipedia.org/wiki/Quillacollo_Municipality,7218,1,12,2001,"{{Infobox settlement
<!--See the Table at Infobox Settlement for all fields and descriptions of usage-->
<!-- Basic info  ---------------->
|official_name          = Quillacollo Municipality
|other_name             =
|native_name            = 
|nickname               = 
|settlement_type        = Municipality 
|motto                  =
<!-- images and maps  ----------->
|image_skyline          = Vista de la ciudad de Quillacollo.JPG
|imagesize              = 250px
|image_caption          = Quillacollo 
|image_flag             = Bandera de Quillacollo.png
|flag_size              =
|image_seal             = 
|seal_size              =
|image_shield           = 
|shield_size            =
|image_blank_emblem     =
|blank_emblem_type      =
|blank_emblem_size      =
|image_map              = 
|mapsize                = 
|map_caption            = 
|image_map1             = 
|mapsize1               = 
|map_caption1           = 
|image_dot_map          =
|pushpin_map            = Bolivia<!-- the name of a location map as per http://en.wikipedia.org/wiki/Template:Location_map -->
|pushpin_label_position =bottom
|pushpin_map_caption    =Location of the Quillacollo Municipality within Bolivia
<!-- Location ------------------>
|subdivision_type       = Country
|subdivision_name       = [[Image:Flag of Bolivia.svg|25px]] [[Bolivia]]
|subdivision_type1      = [[Departments of Bolivia|Department]]
|subdivision_name1      = [[Cochabamba Department]]
|subdivision_type2      = [[Provinces of Bolivia|Province]]
|subdivision_name2      = [[Quillacollo Province]]
<!-- Smaller parts (e.g. boroughs of a city) and seat of government -->
|seat_type              = Seat
|seat                   = [[Quillacollo]]
<!-- Politics ----------------->
|government_footnotes   =
|government_type        = 
|leader_title           = Mayor
|leader_name            = Hugo Cesar Miguel Candia (2007)
|leader_title1          =President<!-- for places with, say, both a mayor and a city manager -->
|leader_name1           = Marcelo Galindo Gómez (2007)
|leader_title2          = 
|leader_name2           = 
|leader_title3          =
|leader_name3           =
|leader_title4          =
|leader_name4           =
|established_title      =  <!-- Settled -->
|established_date       = 
|established_title2     =  <!-- Incorporated (town) -->
|established_date2      = 
|established_title3     =  <!-- Incorporated (city) -->
|established_date3      =
<!-- Area    --------------------->
|area_magnitude         = 
|unit_pref                =Imperial <!--Enter: Imperial, if Imperial (metric) is desired-->
|area_footnotes           =
|area_total_km2           = 560<!-- ALL fields dealing with a measurements are subject to automatic unit conversion-->
|area_land_km2            = <!--See table @ Template:Infobox Settlement for details on automatic unit conversion-->
|area_water_km2           =
|area_total_sq_mi         =
|area_land_sq_mi          =
|area_water_sq_mi         =
|area_water_percent       =
|area_urban_km2           =
|area_urban_sq_mi         =
|area_metro_km2           =
|area_metro_sq_mi         =
|area_blank1_title        =
|area_blank1_km2          =
|area_blank1_sq_mi        =
<!-- Population   ----------------------->
|population_as_of               = 2001
|population_footnotes           =
|population_note                =
|population_total               =104206
|population_density_km2         =
|population_density_sq_mi       =
|population_metro               =
|population_density_metro_km2   =
|population_density_metro_sq_mi =
|population_urban               =
|population_density_urban_km2   =
|population_density_urban_sq_mi =
|population_blank1_title        =Ethnicities
|population_blank1              =
|population_blank2_title        =Religions
|population_blank2              =
|population_density_blank1_km2 =   
|population_density_blank1_sq_mi =
<!-- General information  --------------->
|timezone               = BOT
|utc_offset             = -4
|timezone_DST           = 
|utc_offset_DST         = 
|coordinates            = {{coord|17|15|0|S|66|20|0|W|region:BO|display=inline,title}}
|elevation_footnotes    =  <!--for references: use <ref> </ref> tags-->
|elevation_m            =
|elevation_ft           =
<!-- Area/postal codes & others -------->
|postal_code_type       =  <!-- enter ZIP code, Postcode, Post code, Postal code... -->
|postal_code            =
|area_code              =
|blank_name             =
|blank_info             =
|blank1_name            =
|blank1_info            =
|website                = 
|footnotes              = 
}}",,30,,NA,Vista de la ciudad de Quillacollo.JPG,Municipality,Bandera de Quillacollo.png,NA,NA,NA,Bolivia,bottom,Location of the Quillacollo Municipality within Bolivia,Country,25px Bolivia,Department,Cochabamba Department,Mayor,Hugo Cesar Miguel Candia (2007),NA,NA,NA,104206,2001,NA,560,NA,NA,NA,BOT,NA,NA,NA,NA,Quillacollo Municipality,NA,NA,NA,NA,250px,Quillacollo,NA,NA,NA,NA,NA,NA,NA,NA,NA,NA,NA,NA,NA,NA,NA,NA,Province,Quillacollo Province,Seat,Quillacollo,NA,NA,President,Marcelo Galindo Gómez (2007),NA,NA,NA,NA,NA,NA,NA,NA,NA,NA,NA,Imperial,NA,NA,NA,NA,NA,NA,NA,NA,NA,NA,NA,NA,NA,NA,NA,NA,NA,NA,NA,NA,NA,Ethnicities,NA,Religions,NA,NA,NA,-4,NA,NA,NA,NA,NA,NA,NA,NA,NA,NA,NA,NA,NA,NA,NA,NA,NA,NA,NA,NA,NA,NA,NA,NA,NA,NA,NA,NA,NA,NA,NA,NA,NA,NA,NA,NA,NA,NA,NA,NA,NA,NA,NA,NA,NA,NA,NA
0,Sacaba Municipality,Category:Municipalities of Cochabamba Department,24862719,6037,Q1521148,https://en.wikipedia.org/wiki/Sacaba_Municipality,5966,0,2,2024,"{{Infobox settlement
<!--See the Table at Infobox Settlement for all fields and descriptions of usage-->
<!-- Basic info  ---------------->| official_name            = Sacaba Municipality
| other_name               = 
| native_name              = 
| nickname                 = 
| settlement_type          = Municipality
| motto                    = <!-- images and maps  ----------->
| image_skyline            = Sacaba - Bolivia.jpg
| imagesize                = 
| image_caption            = 
| image_flag               = 
| flag_size                = 
| image_seal               = 
| seal_size                = 
| image_shield             = 
| shield_size              = 
| image_blank_emblem       = 
| blank_emblem_type        = 
| blank_emblem_size        = 
| image_map                = 
| mapsize                  = 
| map_caption              = 
| image_map1               = 
| mapsize1                 = 
| map_caption1             = 
| image_dot_map            = 
| dot_mapsize              = 
| dot_map_caption          = 
| dot_x                    = 
| dot_y                    = 
| pushpin_map              = Bolivia<!-- the name of a location map as per http://en.wikipedia.org/wiki/Template:Location_map -->
| pushpin_label_position   = bottom
| pushpin_map_caption      = Location within Bolivia
<!-- Location ------------------>| subdivision_type         = Country
| subdivision_name         = {{flag|Bolivia}}
| subdivision_type1        = [[Departments of Bolivia|Department]]
| subdivision_name1        = [[Cochabamba Department]]
| subdivision_type2        = [[Provinces of Bolivia|Province]]
| subdivision_name2        = [[Chapare Province]]
<!-- Smaller parts (e.g. boroughs of a city) and seat of government -->| seat_type                = Seat
| seat                     = [[Sacaba]]
<!-- Politics ----------------->| government_footnotes     = 
| government_type          = 
| leader_title             = Mayor
| leader_name              = Policarpio Quinteros (2007)
| leader_title1            = President<!-- for places with, say, both a mayor and a city manager -->
| leader_name1             = Guido Mejia Ojalvo (2007)
| leader_title2            = 
| leader_name2             = 
| leader_title3            = 
| leader_name3             = 
| leader_title4            = 
| leader_name4             = 
| established_title        = Foundation<!-- Settled -->
| established_date         = 
| established_title2       = <!-- Incorporated (town) -->
| established_date2        = 
| established_title3       = <!-- Incorporated (city) -->
| established_date3        = <!-- Area    --------------------->
| area_magnitude           = 
| unit_pref                = Imperial <!--Enter: Imperial, if Imperial (metric) is desired-->
| area_footnotes           = 
| area_total_km2           = 750.8 
| area_land_km2            = <!--See table @ Template:Infobox Settlement for details on automatic unit conversion-->
| area_water_km2           = 
| area_total_sq_mi         = 
| area_land_sq_mi          = 
| area_water_sq_mi         = 
| area_water_percent       = 
| area_urban_km2           = 
| area_urban_sq_mi         = 
| area_metro_km2           = 
| area_metro_sq_mi         = 
| area_blank1_title        = 
| area_blank1_km2          = 
| area_blank1_sq_mi        = <!-- Population   ----------------------->
| population_as_of         = 2024
| population_footnotes     = 
| population_note          = 
| population_total         = 218,502
| population_density_km2   = auto
| population_density_sq_mi = 
| population_metro         = 
| population_density_metro_km2 = 
| population_density_metro_sq_mi = 
| population_urban         = 
| population_density_urban_km2 = 
| population_density_urban_sq_mi = 
| population_blank1_title  = Ethnicities
| population_blank1        = 
| population_blank2_title  = Religions
| population_blank2        = 
| population_density_blank1_km2 = 
| population_density_blank1_sq_mi = <!-- General information  --------------->
| timezone                 = BOT
| utc_offset               = -4
| timezone_DST             = 
| utc_offset_DST           = 
| coordinates              = {{coord|17|20|S|66|02|W|region:BO|display=inline,title}}
| elevation_footnotes      = <!--for references: use <ref> </ref> tags-->
| elevation_m              = 
| elevation_ft             = <!-- Area/postal codes & others -------->
| postal_code_type         = <!-- enter ZIP code, Postcode, Post code, Postal code... -->
| postal_code              = 
| area_code                = 
| blank_name               = 
| blank_info               = 
| blank1_name              = 
| blank1_info              = 
| website                  = 
| footnotes                = 
}}",,29,,NA,Sacaba - Bolivia.jpg,Municipality,NA,NA,NA,NA,Bolivia,bottom,Location within Bolivia,Country,Bolivia,Department,Cochabamba Department,Mayor,Policarpio Quinteros (2007),Foundation,NA,NA,"218,502",2024,NA,750.8,NA,NA,NA,BOT,NA,NA,NA,NA,Sacaba Municipality,NA,NA,NA,NA,NA,NA,NA,NA,NA,NA,NA,NA,NA,NA,NA,NA,NA,NA,NA,NA,NA,NA,Province,Chapare Province,Seat,Sacaba,NA,NA,President,Guido Mejia Ojalvo (2007),NA,NA,NA,NA,NA,NA,NA,NA,NA,NA,NA,Imperial,NA,NA,NA,NA,NA,NA,NA,NA,NA,NA,NA,NA,NA,NA,auto,NA,NA,NA,NA,NA,NA,Ethnicities,NA,Religions,NA,NA,NA,-4,NA,NA,NA,NA,NA,NA,NA,NA,NA,NA,NA,NA,NA,NA,NA,NA,NA,NA,NA,NA,NA,NA,NA,NA,NA,NA,NA,NA,NA,NA,NA,NA,NA,NA,NA,NA,NA,NA,NA,NA,NA,NA,NA,NA,NA,NA,NA
0,Sacabamba Municipality,Category:Municipalities of Cochabamba Department,24585468,6171,Q547615,https://en.wikipedia.org/wiki/Sacabamba_Municipality,6168,0,3,2001,"{{Infobox settlement
<!--See the Table at Infobox Settlement for all fields and descriptions of usage-->
<!-- Basic info  ---------------->
|official_name          = Sacabamba Municipality
|other_name             =
|native_name            = 
|nickname               = 
|settlement_type        = Municipality 
|motto                  =
<!-- images and maps  ----------->
|image_skyline          = RÍO SACABAMBA.jpg
|imagesize              = 250px
|image_caption          = Sacabamba River
|image_flag             = 
|flag_size              =
|image_seal             = 
|seal_size              =
|image_shield           = 
|shield_size            =
|image_blank_emblem     =
|blank_emblem_type      =
|blank_emblem_size      =
|image_map              = 
|mapsize                = 
|map_caption            = 
|image_map1             = 
|mapsize1               = 
|map_caption1           = 
|image_dot_map          =
|dot_mapsize            =
|dot_map_caption        =
|dot_x =  |dot_y =
|pushpin_map            = Bolivia<!-- the name of a location map as per http://en.wikipedia.org/wiki/Template:Location_map -->
|pushpin_label_position =bottom
|pushpin_map_caption    =Location of the Sacabamba Municipality within Bolivia
<!-- Location ------------------>
|subdivision_type       = Country
|subdivision_name       = [[Image:Flag of Bolivia.svg|25px]] [[Bolivia]]
|subdivision_type1      = [[Departments of Bolivia|Department]]
|subdivision_name1      = [[Cochabamba Department]]
|subdivision_type2      = [[Provinces of Bolivia|Province]]
|subdivision_name2      = [[Esteban Arce Province]]
<!-- Smaller parts (e.g. boroughs of a city) and seat of government -->
|seat_type              = Seat
|seat                   = [[Sacabamba]]
<!-- Politics ----------------->
|government_footnotes   =
|government_type        = 
|leader_title           = Mayor
|leader_name            = Alejandro Molina Ojeda (2007)
|leader_title1          =President<!-- for places with, say, both a mayor and a city manager -->
|leader_name1           = Gerardo Blanco Rioja (2007)
|leader_title2          = 
|leader_name2           = 
|leader_title3          =
|leader_name3           =
|leader_title4          =
|leader_name4           =
|established_title      =  <!-- Settled -->
|established_date       = 
|established_title2     =  <!-- Incorporated (town) -->
|established_date2      = 
|established_title3     =  <!-- Incorporated (city) -->
|established_date3      =
<!-- Area    --------------------->
|area_magnitude         = 
|unit_pref                = <!--Enter: Imperial, if Imperial (metric) is desired-->
|area_footnotes           =
|area_total_km2           = 184<!-- ALL fields dealing with a measurements are subject to automatic unit conversion-->
|area_land_km2            = <!--See table @ Template:Infobox Settlement for details on automatic unit conversion-->
|area_water_km2           =
|area_total_sq_mi         =
|area_land_sq_mi          =
|area_water_sq_mi         =
|area_water_percent       =
|area_urban_km2           =
|area_urban_sq_mi         =
|area_metro_km2           =
|area_metro_sq_mi         =
|area_blank1_title        =
|area_blank1_km2          =
|area_blank1_sq_mi        =
<!-- Population   ----------------------->
|population_as_of               = 2001
|population_footnotes           =
|population_note                =
|population_total               =4718
|population_density_km2         =
|population_density_sq_mi       =
|population_metro               =
|population_density_metro_km2   =
|population_density_metro_sq_mi =
|population_urban               =
|population_density_urban_km2   =
|population_density_urban_sq_mi =
|population_blank1_title        =Ethnicities
|population_blank1              =
|population_blank2_title        =Religions
|population_blank2              =
|population_density_blank1_km2 =   
|population_density_blank1_sq_mi =
<!-- General information  --------------->
|timezone               = BOT
|utc_offset             = -4
|timezone_DST           = 
|utc_offset_DST         = 
|coordinates            = {{coord|17|46|0|S|65|48|0|W|region:BO|display=inline,title}}
|elevation_footnotes    =  <!--for references: use <ref> </ref> tags-->
|elevation_m            =
|elevation_ft           =
<!-- Area/postal codes & others -------->
|postal_code_type       =  <!-- enter ZIP code, Postcode, Post code, Postal code... -->
|postal_code            =
|area_code              =
|blank_name             =
|blank_info             =
|blank1_name            =
|blank1_info            =
|website                = 
|footnotes              = 
}}",,28,,NA,RÍO SACABAMBA.jpg,Municipality,NA,NA,NA,NA,Bolivia,bottom,Location of the Sacabamba Municipality within Bolivia,Country,25px Bolivia,Department,Cochabamba Department,Mayor,Alejandro Molina Ojeda (2007),NA,NA,NA,4718,2001,NA,184,NA,NA,NA,BOT,NA,NA,NA,NA,Sacabamba Municipality,NA,NA,NA,NA,250px,Sacabamba River,NA,NA,NA,NA,NA,NA,NA,NA,NA,NA,NA,NA,NA,NA,NA,NA,Province,Esteban Arce Province,Seat,Sacabamba,NA,NA,President,Gerardo Blanco Rioja (2007),NA,NA,NA,NA,NA,NA,NA,NA,NA,NA,NA,NA,NA,NA,NA,NA,NA,NA,NA,NA,NA,NA,NA,NA,NA,NA,NA,NA,NA,NA,NA,NA,NA,Ethnicities,NA,Religions,NA,NA,NA,-4,NA,NA,NA,NA,NA,NA,NA,NA,NA,NA,NA,NA,NA,NA,NA,NA,NA,NA,NA,NA,NA,NA,NA,NA,NA,NA,NA,NA,NA,NA,NA,NA,NA,NA,NA,NA,NA,NA,NA,NA,NA,NA,NA,NA,NA,NA,NA
0,San Benito Municipality,Category:Municipalities of Cochabamba Department,24585711,5832,Q1521209,https://en.wikipedia.org/wiki/San_Benito_Municipality,5826,0,2,2001,"{{Infobox settlement
<!--See the Table at Infobox Settlement for all fields and descriptions of usage-->
<!-- Basic info  ---------------->
|official_name          = San Benito Municipality
|other_name             =
|native_name            = 
|nickname               = 
|settlement_type        = Municipality 
|motto                  =
<!-- images and maps  ----------->
|image_skyline          =
|imagesize              = 250px
|image_caption          = Peach [[huerta]] in San Benito
|image_flag             = 
|flag_size              =
|image_seal             = 
|seal_size              =
|image_shield           = 
|shield_size            =
|image_blank_emblem     =
|blank_emblem_type      =
|blank_emblem_size      =
|image_map              = 
|mapsize                = 
|map_caption            = 
|image_map1             = 
|mapsize1               = 
|map_caption1           = 
|image_dot_map          =
|dot_mapsize            =
|dot_map_caption        =
|dot_x =  |dot_y =
|pushpin_map            = Bolivia<!-- the name of a location map as per http://en.wikipedia.org/wiki/Template:Location_map -->
|pushpin_label_position =bottom
|pushpin_map_caption    =Location of the Municipality within Bolivia
<!-- Location ------------------>
|subdivision_type       = Country
|subdivision_name       = [[Image:Flag of Bolivia.svg|25px]] [[Bolivia]]
|subdivision_type1      = [[Departments of Bolivia|Department]]
|subdivision_name1      = [[Cochabamba Department]]
|subdivision_type2      = [[Provinces of Bolivia|Province]]
|subdivision_name2      = [[Punata Province]]
<!-- Smaller parts (e.g. boroughs of a city) and seat of government -->
|seat_type              = Seat
|seat                   = [[San Benito, Cochabamba|San Benito]]
<!-- Politics ----------------->
|government_footnotes   =
|government_type        = 
|leader_title           = Mayor
|leader_name            = Remy Rodrigo Balderrama Arnez (2007)
|leader_title1          =President<!-- for places with, say, both a mayor and a city manager -->
|leader_name1           = Hernan Claros Montaño (2007)
|leader_title2          = 
|leader_name2           = 
|leader_title3          =
|leader_name3           =
|leader_title4          =
|leader_name4           =
|established_title      =  <!-- Settled -->
|established_date       = 
|established_title2     =  <!-- Incorporated (town) -->
|established_date2      = 
|established_title3     =  <!-- Incorporated (city) -->
|established_date3      =
<!-- Area    --------------------->
|area_magnitude         = 
|unit_pref                =Imperial <!--Enter: Imperial, if Imperial (metric) is desired-->
|area_footnotes           =
|area_total_km2           = 140<!-- ALL fields dealing with a measurements are subject to automatic unit conversion-->
|area_land_km2            = <!--See table @ Template:Infobox Settlement for details on automatic unit conversion-->
|area_water_km2           =
|area_total_sq_mi         =
|area_land_sq_mi          =
|area_water_sq_mi         =
|area_water_percent       =
|area_urban_km2           =
|area_urban_sq_mi         =
|area_metro_km2           =
|area_metro_sq_mi         =
|area_blank1_title        =
|area_blank1_km2          =
|area_blank1_sq_mi        =
<!-- Population   ----------------------->
|population_as_of               = 2001
|population_footnotes           =
|population_note                =
|population_total               =12720
|population_density_km2         =
|population_density_sq_mi       =
|population_metro               =
|population_density_metro_km2   =
|population_density_metro_sq_mi =
|population_urban               =
|population_density_urban_km2   =
|population_density_urban_sq_mi =
|population_blank1_title        =Ethnicities
|population_blank1              =
|population_blank2_title        =Religions
|population_blank2              =
|population_density_blank1_km2 =   
|population_density_blank1_sq_mi =
<!-- General information  --------------->
|timezone               = BOT
|utc_offset             = -4
|timezone_DST           = 
|utc_offset_DST         = 
|coordinates            = {{coord|17|30|0|S|65|53|0|W|region:BO|display=inline,title}}
|elevation_footnotes    =  <!--for references: use <ref> </ref> tags-->
|elevation_m            =
|elevation_ft           =
<!-- Area/postal codes & others -------->
|postal_code_type       =  <!-- enter ZIP code, Postcode, Post code, Postal code... -->
|postal_code            =
|area_code              =
|blank_name             =
|blank_info             =
|blank1_name            =
|blank1_info            =
|website                = 
|footnotes              = 
}}",,28,,NA,NA,Municipality,NA,NA,NA,NA,Bolivia,bottom,Location of the Municipality within Bolivia,Country,25px Bolivia,Department,Cochabamba Department,Mayor,Remy Rodrigo Balderrama Arnez (2007),NA,NA,NA,12720,2001,NA,140,NA,NA,NA,BOT,NA,NA,NA,NA,San Benito Municipality,NA,NA,NA,NA,250px,Peach huerta in San Benito,NA,NA,NA,NA,NA,NA,NA,NA,NA,NA,NA,NA,NA,NA,NA,NA,Province,Punata Province,Seat,San Benito,NA,NA,President,Hernan Claros Montaño (2007),NA,NA,NA,NA,NA,NA,NA,NA,NA,NA,NA,Imperial,NA,NA,NA,NA,NA,NA,NA,NA,NA,NA,NA,NA,NA,NA,NA,NA,NA,NA,NA,NA,NA,Ethnicities,NA,Religions,NA,NA,NA,-4,NA,NA,NA,NA,NA,NA,NA,NA,NA,NA,NA,NA,NA,NA,NA,NA,NA,NA,NA,NA,NA,NA,NA,NA,NA,NA,NA,NA,NA,NA,NA,NA,NA,NA,NA,NA,NA,NA,NA,NA,NA,NA,NA,NA,NA,NA,NA
0,Santiváñez Municipality,Category:Municipalities of Cochabamba Department,24862721,8861,Q939128,https://en.wikipedia.org/wiki/Santiváñez_Municipality,8839,1,3,2001,"{{Infobox settlement
<!--See the Table at Infobox Settlement for all fields and descriptions of usage-->
<!-- Basic info  ---------------->| official_name            = Santiváñez Municipality
| other_name               = 
| nickname                 = 
| settlement_type          = Municipality
| motto                    = <!-- images and maps  ----------->
| image_skyline            = 
| imagesize                = 
| image_caption            = 
| image_flag               = 
| flag_size                = 
| image_seal               = 
| seal_size                = 
| image_shield             = 
| shield_size              = 
| image_blank_emblem       = 
| blank_emblem_type        = 
| blank_emblem_size        = 
| image_map                = 
| mapsize                  = 
| map_caption              = 
| image_map1               = 
| mapsize1                 = 
| map_caption1             = 
| image_dot_map            = 
| dot_mapsize              = 
| dot_map_caption          = 
| dot_x                    = 
| dot_y                    = 
| pushpin_map              = Bolivia<!-- the name of a location map as per http://en.wikipedia.org/wiki/Template:Location_map -->
| pushpin_label_position   = bottom
| pushpin_map_caption      = Location within Bolivia
<!-- Location ------------------>| subdivision_type         = Country
| subdivision_name         = {{flag|Bolivia}}
| subdivision_type1        = [[Departments of Bolivia|Department]]
| subdivision_name1        = [[Cochabamba Department]]
| subdivision_type2        = [[Provinces of Bolivia|Province]]
| subdivision_name2        = [[Capinota Province]]
<!-- Smaller parts (e.g. boroughs of a city) and seat of government -->| seat_type                = Seat
| seat                     = [[Santivañez]]
<!-- Politics ----------------->| government_footnotes     = 
| government_type          = 
| leader_title             = Mayor
| leader_name              = Angel Villarroel Loza (2007)
| leader_title1            = President<!-- for places with, say, both a mayor and a city manager -->
| leader_name1             = Casiano Choque Cartagena (2007)
| leader_title2            = 
| leader_name2             = 
| leader_title3            = 
| leader_name3             = 
| leader_title4            = 
| leader_name4             = 
| established_title        = Foundation<!-- Settled -->
| established_date         = 
| established_title2       = <!-- Incorporated (town) -->
| established_date2        = 
| established_title3       = <!-- Incorporated (city) -->
| established_date3        = <!-- Area    --------------------->
| area_magnitude           = 
| unit_pref                = Imperial <!--Enter: Imperial, if Imperial (metric) is desired-->
| area_footnotes           = 
| area_total_km2           = <!-- ALL fields dealing with a measurements are subject to automatic unit conversion-->
| area_land_km2            = <!--See table @ Template:Infobox Settlement for details on automatic unit conversion-->
| area_water_km2           = 
| area_total_sq_mi         = 
| area_land_sq_mi          = 
| area_water_sq_mi         = 
| area_water_percent       = 
| area_urban_km2           = 
| area_urban_sq_mi         = 
| area_metro_km2           = 
| area_metro_sq_mi         = 
| area_blank1_title        = 
| area_blank1_km2          = 
| area_blank1_sq_mi        = <!-- Population   ----------------------->
| population_as_of         = 2001
| population_footnotes     = 
| population_note          = 
| population_total         = 6,402
| population_density_km2   = 
| population_density_sq_mi = 
| population_metro         = 
| population_density_metro_km2 = 
| population_density_metro_sq_mi = 
| population_urban         = 
| population_density_urban_km2 = 
| population_density_urban_sq_mi = 
| population_blank1_title  = Ethnicities
| population_blank2_title  = Religions
| population_blank2        = 
| population_density_blank1_km2 = 
| population_density_blank1_sq_mi = <!-- General information  --------------->
| timezone                 = BOT
| utc_offset               = -4
| timezone_DST             = 
| utc_offset_DST           = 
| coordinates              = {{coord|17|34|S|66|14|W|display=inline}}
| elevation_footnotes      = <!--for references: use <ref> </ref> tags-->
| elevation_m              = 2600
| elevation_ft             = <!-- Area/postal codes & others -------->
| postal_code_type         = <!-- enter ZIP code, Postcode, Post code, Postal code... -->
| postal_code              = 
| area_code                = 
| blank_name               = 
| blank_info               = 
| blank1_name              = 
| blank1_info              = 
| website                  = 
| footnotes                = 
}}",,27,,NA,NA,Municipality,NA,NA,NA,NA,Bolivia,bottom,Location within Bolivia,Country,Bolivia,Department,Cochabamba Department,Mayor,Angel Villarroel Loza (2007),Foundation,NA,NA,"6,402",2001,NA,NA,NA,2600,NA,BOT,NA,NA,NA,NA,Santiváñez Municipality,NA,NA,NA,NA,NA,NA,NA,NA,NA,NA,NA,NA,NA,NA,NA,NA,NA,NA,NA,NA,NA,NA,Province,Capinota Province,Seat,Santivañez,NA,NA,President,Casiano Choque Cartagena (2007),NA,NA,NA,NA,NA,NA,NA,NA,NA,NA,NA,Imperial,NA,NA,NA,NA,NA,NA,NA,NA,NA,NA,NA,NA,NA,NA,NA,NA,NA,NA,NA,NA,NA,Ethnicities,NA,Religions,NA,NA,NA,-4,NA,NA,NA,NA,NA,NA,NA,NA,NA,NA,NA,NA,NA,NA,NA,NA,NA,NA,NA,NA,NA,NA,NA,NA,NA,NA,NA,NA,NA,NA,NA,NA,NA,NA,NA,NA,NA,NA,NA,NA,NA,NA,NA,NA,NA,NA,NA
0,Shinahota Municipality,Category:Municipalities of Cochabamba Department,26902246,5456,Q1585069,https://en.wikipedia.org/wiki/Shinahota_Municipality,5455,0,4,2001,"{{Infobox settlement
<!--See the Table at Infobox Settlement for all fields and descriptions of usage-->
<!-- Basic info  ---------------->
|official_name          = Shinahota Municipality
|other_name             =
|native_name            = 
|nickname               = 
|settlement_type        = Municipality 
|motto                  =
<!-- images and maps  ----------->
|image_skyline          =
|imagesize              = 
|image_caption          =  
|image_flag             = 
|flag_size              =
|image_seal             = 
|seal_size              =
|image_shield           = 
|shield_size            =
|image_blank_emblem     =
|blank_emblem_type      =
|blank_emblem_size      =
|image_map              = 
|mapsize                = 
|map_caption            = 
|image_map1             = 
|mapsize1               = 
|map_caption1           = 
|image_dot_map          =
|dot_mapsize            =
|dot_map_caption        =
|dot_x =  |dot_y =
|pushpin_map            =<!-- the name of a location map as per http://en.wikipedia.org/wiki/Template:Location_map -->
|pushpin_label_position =bottom
|pushpin_map_caption    =Location within Bolivia
<!-- Location ------------------>
|subdivision_type       = Country
|subdivision_name       ={{flag|Bolivia}}
|subdivision_type1      = [[Departments of Bolivia|Department]]
|subdivision_name1      = [[Cochabamba Department]]
|subdivision_type2      = [[Provinces of Bolivia|Province]]
|subdivision_name2      = [[Tiraque Province]]
<!-- Smaller parts (e.g. boroughs of a city) and seat of government -->
|seat_type              = Seat
|seat                   = [[Shinahota]]
<!-- Politics ----------------->
|government_footnotes   =
|government_type        = 
|leader_title           = Mayor
|leader_name            = Rimer Ágreda
|leader_title1          =President<!-- for places with, say, both a mayor and a city manager -->
|leader_name1           =
|leader_title2          = 
|leader_name2           = 
|leader_title3          =
|leader_name3           =
|leader_title4          =
|leader_name4           =
|established_title      = Foundation<!-- Settled -->
|established_date       = July 4, 2009
|established_title2     =  <!-- Incorporated (town) -->
|established_date2      = 
|established_title3     =  <!-- Incorporated (city) -->
|established_date3      =
<!-- Area    --------------------->
|area_magnitude         = 
|unit_pref                =Imperial <!--Enter: Imperial, if Imperial (metric) is desired-->
|area_footnotes           =
|area_total_km2           =<!-- ALL fields dealing with a measurements are subject to automatic unit conversion-->
|area_land_km2            = <!--See table @ Template:Infobox Settlement for details on automatic unit conversion-->
|area_water_km2           =
|area_total_sq_mi         =
|area_land_sq_mi          =
|area_water_sq_mi         =
|area_water_percent       =
|area_urban_km2           =
|area_urban_sq_mi         =
|area_metro_km2           =
|area_metro_sq_mi         =
|area_blank1_title        =
|area_blank1_km2          =
|area_blank1_sq_mi        =
<!-- Population   ----------------------->
|population_as_of               = 
|population_footnotes           =
|population_note                =
|population_total               = 
|population_density_km2         =
|population_density_sq_mi       =
|population_metro               =
|population_density_metro_km2   =
|population_density_metro_sq_mi =
|population_urban               =
|population_density_urban_km2   =
|population_density_urban_sq_mi =
|population_blank1_title        =Ethnicities
|population_blank1              =
|population_blank2_title        =Religions
|population_blank2              =
|population_density_blank1_km2 =   
|population_density_blank1_sq_mi =
<!-- General information  --------------->
|timezone               = BOT
|utc_offset             = -4
|timezone_DST           = 
|utc_offset_DST         = 
|coordinates            = 
|elevation_footnotes    =  <!--for references: use <ref> </ref> tags-->
|elevation_m            =
|elevation_ft           =
<!-- Area/postal codes & others -------->
|postal_code_type       =  <!-- enter ZIP code, Postcode, Post code, Postal code... -->
|postal_code            =
|area_code              =
|blank_name             =
|blank_info             =
|blank1_name            =
|blank1_info            =
|website                = 
|footnotes              = 
}}",,22,,NA,NA,Municipality,NA,NA,NA,NA,NA,bottom,Location within Bolivia,Country,Bolivia,Department,Cochabamba Department,Mayor,Rimer Ágreda,Foundation,"July 4, 2009",NA,NA,NA,NA,NA,NA,NA,NA,BOT,NA,NA,NA,NA,Shinahota Municipality,NA,NA,NA,NA,NA,NA,NA,NA,NA,NA,NA,NA,NA,NA,NA,NA,NA,NA,NA,NA,NA,NA,Province,Tiraque Province,Seat,Shinahota,NA,NA,President,NA,NA,NA,NA,NA,NA,NA,NA,NA,NA,NA,NA,Imperial,NA,NA,NA,NA,NA,NA,NA,NA,NA,NA,NA,NA,NA,NA,NA,NA,NA,NA,NA,NA,NA,Ethnicities,NA,Religions,NA,NA,NA,-4,NA,NA,NA,NA,NA,NA,NA,NA,NA,NA,NA,NA,NA,NA,NA,NA,NA,NA,NA,NA,NA,NA,NA,NA,NA,NA,NA,NA,NA,NA,NA,NA,NA,NA,NA,NA,NA,NA,NA,NA,NA,NA,NA,NA,NA,NA,NA
0,Sicaya Municipality,Category:Municipalities of Cochabamba Department,24862723,5720,Q1521111,https://en.wikipedia.org/wiki/Sicaya_Municipality,5692,0,2,2001,"{{Infobox settlement
<!--See the Table at Infobox Settlement for all fields and descriptions of usage-->
<!-- Basic info  ---------------->
|official_name          = Sicaya Municipality
|other_name             =
|native_name            = 
|nickname               = 
|settlement_type        = Municipality 
|motto                  =
<!-- images and maps  ----------->
|image_skyline          =
|imagesize              = 
|image_caption          =  
|image_flag             = 
|flag_size              =
|image_seal             = 
|seal_size              =
|image_shield           = 
|shield_size            =
|image_blank_emblem     =
|blank_emblem_type      =
|blank_emblem_size      =
|image_map              = 
|mapsize                = 
|map_caption            = 
|image_map1             = 
|mapsize1               = 
|map_caption1           = 
|image_dot_map          =
|dot_mapsize            =
|dot_map_caption        =
|dot_x =  |dot_y =
|pushpin_map            =Bolivia<!-- the name of a location map as per http://en.wikipedia.org/wiki/Template:Location_map -->
|pushpin_label_position =bottom
|pushpin_map_caption    =Location within Bolivia
<!-- Location ------------------>
|subdivision_type       = Country
|subdivision_name       ={{flag|Bolivia}}
|subdivision_type1      = [[Departments of Bolivia|Department]]
|subdivision_name1      = [[Cochabamba Department]]
|subdivision_type2      = [[Provinces of Bolivia|Province]]
|subdivision_name2      = [[Capinota Province]]
<!-- Smaller parts (e.g. boroughs of a city) and seat of government -->
|seat_type              = Seat
|seat                   = [[Sicaya, Cochabamba|Sicaya]]
<!-- Politics ----------------->
|government_footnotes   =
|government_type        = 
|leader_title           = Mayor
|leader_name            = Dario Mamani Zenteno (2007)
|leader_title1          =President<!-- for places with, say, both a mayor and a city manager -->
|leader_name1           =Justiniano Catorceno Valencia (2007)
|leader_title2          = 
|leader_name2           = 
|leader_title3          =
|leader_name3           =
|leader_title4          =
|leader_name4           =
|established_title      = Foundation<!-- Settled -->
|established_date       = 
|established_title2     =  <!-- Incorporated (town) -->
|established_date2      = 
|established_title3     =  <!-- Incorporated (city) -->
|established_date3      =
<!-- Area    --------------------->
|area_magnitude         = 
|unit_pref                =Imperial <!--Enter: Imperial, if Imperial (metric) is desired-->
|area_footnotes           =
|area_total_km2           =<!-- ALL fields dealing with a measurements are subject to automatic unit conversion-->
|area_land_km2            = <!--See table @ Template:Infobox Settlement for details on automatic unit conversion-->
|area_water_km2           =
|area_total_sq_mi         =
|area_land_sq_mi          =
|area_water_sq_mi         =
|area_water_percent       =
|area_urban_km2           =
|area_urban_sq_mi         =
|area_metro_km2           =
|area_metro_sq_mi         =
|area_blank1_title        =
|area_blank1_km2          =
|area_blank1_sq_mi        =
<!-- Population   ----------------------->
|population_as_of               = 2001
|population_footnotes           =
|population_note                =
|population_total               = 2,235
|population_density_km2         =
|population_density_sq_mi       =
|population_metro               =
|population_density_metro_km2   =
|population_density_metro_sq_mi =
|population_urban               =
|population_density_urban_km2   =
|population_density_urban_sq_mi =
|population_blank1_title        =Ethnicities
|population_blank1              =[[Quechua people|Quechua]]
|population_blank2_title        =Religions
|population_blank2              =
|population_density_blank1_km2 =   
|population_density_blank1_sq_mi =
<!-- General information  --------------->
|timezone               = BOT
|utc_offset             = -4
|timezone_DST           = 
|utc_offset_DST         = 
|coordinates            = {{coord|17|46|S|66|21|W|display=inline}}
|elevation_footnotes    =  <!--for references: use <ref> </ref> tags-->
|elevation_m            = 2600 
|elevation_ft           =
<!-- Area/postal codes & others -------->
|postal_code_type       =  <!-- enter ZIP code, Postcode, Post code, Postal code... -->
|postal_code            =
|area_code              =
|blank_name             =
|blank_info             =
|blank1_name            =
|blank1_info            =
|website                = 
|footnotes              = 
}}",,28,,NA,NA,Municipality,NA,NA,NA,NA,Bolivia,bottom,Location within Bolivia,Country,Bolivia,Department,Cochabamba Department,Mayor,Dario Mamani Zenteno (2007),Foundation,NA,NA,"2,235",2001,NA,NA,NA,2600,NA,BOT,NA,NA,NA,NA,Sicaya Municipality,NA,NA,NA,NA,NA,NA,NA,NA,NA,NA,NA,NA,NA,NA,NA,NA,NA,NA,NA,NA,NA,NA,Province,Capinota Province,Seat,Sicaya,NA,NA,President,Justiniano Catorceno Valencia (2007),NA,NA,NA,NA,NA,NA,NA,NA,NA,NA,NA,Imperial,NA,NA,NA,NA,NA,NA,NA,NA,NA,NA,NA,NA,NA,NA,NA,NA,NA,NA,NA,NA,NA,Ethnicities,Quechua,Religions,NA,NA,NA,-4,NA,NA,NA,NA,NA,NA,NA,NA,NA,NA,NA,NA,NA,NA,NA,NA,NA,NA,NA,NA,NA,NA,NA,NA,NA,NA,NA,NA,NA,NA,NA,NA,NA,NA,NA,NA,NA,NA,NA,NA,NA,NA,NA,NA,NA,NA,NA
0,Sipe Sipe Municipality,Category:Municipalities of Cochabamba Department,24585986,6983,Q1521101,https://en.wikipedia.org/wiki/Sipe_Sipe_Municipality,6974,1,9,2001,"{{Infobox settlement
<!--See the Table at Infobox Settlement for all fields and descriptions of usage-->
<!-- Basic info  ---------------->
|official_name          = Sipe Sipe Municipality
|other_name             =
|native_name            = 
|nickname               = 
|settlement_type        = Municipality 
|motto                  =
<!-- images and maps  ----------->
|image_skyline          = 
|imagesize              = 250px
|image_caption          = 
|image_flag             = 
|flag_size              =
|image_seal             = 
|seal_size              =
|image_shield           = 
|shield_size            =
|image_blank_emblem     =
|blank_emblem_type      =
|blank_emblem_size      =
|image_map              = 
|mapsize                = 
|map_caption            = 
|image_map1             = 
|mapsize1               = 
|map_caption1           = 
|image_dot_map          =
|pushpin_map            = Bolivia<!-- the name of a location map as per http://en.wikipedia.org/wiki/Template:Location_map -->
|pushpin_label_position =bottom
|pushpin_map_caption    =Location of the Sipe Sipe Municipality within Bolivia
<!-- Location ------------------>
|subdivision_type       = Country
|subdivision_name       = [[Image:Flag of Bolivia.svg|25px]] [[Bolivia]]
|subdivision_type1      = [[Departments of Bolivia|Department]]
|subdivision_name1      = [[Cochabamba Department]]
|subdivision_type2      = [[Provinces of Bolivia|Province]]
|subdivision_name2      = [[Quillacollo Province]]
<!-- Smaller parts (e.g. boroughs of a city) and seat of government -->
|seat_type              = Seat
|seat                   = [[Sipe Sipe]]
<!-- Politics ----------------->
|government_footnotes   =
|government_type        = 
|leader_title           = Mayor
|leader_name            = Valerio Cartagena Escobar (2007)
|leader_title1          =President<!-- for places with, say, both a mayor and a city manager -->
|leader_name1           = Felicidad Guzmán Argote (2007)
|leader_title2          = 
|leader_name2           = 
|leader_title3          =
|leader_name3           =
|leader_title4          =
|leader_name4           =
|established_title      =  <!-- Settled -->
|established_date       = 
|established_title2     =  <!-- Incorporated (town) -->
|established_date2      = 
|established_title3     =  <!-- Incorporated (city) -->
|established_date3      =
<!-- Area    --------------------->
|area_magnitude         = 
|unit_pref                =Imperial <!--Enter: Imperial, if Imperial (metric) is desired-->
|area_footnotes           =
|area_total_km2           = <!-- ALL fields dealing with a measurements are subject to automatic unit conversion-->
|area_land_km2            = <!--See table @ Template:Infobox Settlement for details on automatic unit conversion-->
|area_water_km2           =
|area_total_sq_mi         =
|area_land_sq_mi          =
|area_water_sq_mi         =
|area_water_percent       =
|area_urban_km2           =
|area_urban_sq_mi         =
|area_metro_km2           =
|area_metro_sq_mi         =
|area_blank1_title        =
|area_blank1_km2          =
|area_blank1_sq_mi        =
<!-- Population   ----------------------->
|population_as_of               = 2001
|population_footnotes           =
|population_note                =
|population_total               =31337
|population_density_km2         =
|population_density_sq_mi       =
|population_metro               =
|population_density_metro_km2   =
|population_density_metro_sq_mi =
|population_urban               =
|population_density_urban_km2   =
|population_density_urban_sq_mi =
|population_blank1_title        =Ethnicities
|population_blank1              =
|population_blank2_title        =Religions
|population_blank2              =
|population_density_blank1_km2 =   
|population_density_blank1_sq_mi =
<!-- General information  --------------->
|timezone               = BOT
|utc_offset             = -4
|timezone_DST           = 
|utc_offset_DST         = 
|coordinates            = {{coord|17|29|0|S|66|21|0|W|region:BO|display=inline,title}}
|elevation_footnotes    =  <!--for references: use <ref> </ref> tags-->
|elevation_m            =
|elevation_ft           =
<!-- Area/postal codes & others -------->
|postal_code_type       =  <!-- enter ZIP code, Postcode, Post code, Postal code... -->
|postal_code            =
|area_code              =
|blank_name             =
|blank_info             =
|blank1_name            =
|blank1_info            =
|website                = 
|footnotes              = 
}}",,26,,NA,NA,Municipality,NA,NA,NA,NA,Bolivia,bottom,Location of the Sipe Sipe Municipality within Bolivia,Country,25px Bolivia,Department,Cochabamba Department,Mayor,Valerio Cartagena Escobar (2007),NA,NA,NA,31337,2001,NA,NA,NA,NA,NA,BOT,NA,NA,NA,NA,Sipe Sipe Municipality,NA,NA,NA,NA,250px,NA,NA,NA,NA,NA,NA,NA,NA,NA,NA,NA,NA,NA,NA,NA,NA,NA,Province,Quillacollo Province,Seat,Sipe Sipe,NA,NA,President,Felicidad Guzmán Argote (2007),NA,NA,NA,NA,NA,NA,NA,NA,NA,NA,NA,Imperial,NA,NA,NA,NA,NA,NA,NA,NA,NA,NA,NA,NA,NA,NA,NA,NA,NA,NA,NA,NA,NA,Ethnicities,NA,Religions,NA,NA,NA,-4,NA,NA,NA,NA,NA,NA,NA,NA,NA,NA,NA,NA,NA,NA,NA,NA,NA,NA,NA,NA,NA,NA,NA,NA,NA,NA,NA,NA,NA,NA,NA,NA,NA,NA,NA,NA,NA,NA,NA,NA,NA,NA,NA,NA,NA,NA,NA
0,Tacachi Municipality,Category:Municipalities of Cochabamba Department,24862725,6407,Q1521188,https://en.wikipedia.org/wiki/Tacachi_Municipality,6405,0,2,2001,"{{Infobox settlement
<!--See the Table at Infobox Settlement for all fields and descriptions of usage-->
<!-- Basic info  ---------------->
|official_name          = Tacachi Municipality
|other_name             =
|native_name            = 
|nickname               = 
|settlement_type        = Municipality 
|motto                  =
<!-- images and maps  ----------->
|image_skyline          =El elefante dormido.JPG
|imagesize              = 
|image_caption          = Mount K'ili K'ili in Tacachi Municipality seen from Arani as ""sleeping elephant""
|image_flag             = 
|flag_size              =
|image_seal             = 
|seal_size              =
|image_shield           = 
|shield_size            =
|image_blank_emblem     =
|blank_emblem_type      =
|blank_emblem_size      =
|image_map              = 
|mapsize                = 
|map_caption            = 
|image_map1             = 
|mapsize1               = 
|map_caption1           = 
|image_dot_map          =
|dot_mapsize            =
|dot_map_caption        =
|dot_x =  |dot_y =
|pushpin_map            =Bolivia<!-- the name of a location map as per http://en.wikipedia.org/wiki/Template:Location_map -->
|pushpin_label_position =bottom
|pushpin_map_caption    =Location within Bolivia
<!-- Location ------------------>
|subdivision_type       = Country
|subdivision_name       ={{flag|Bolivia}}
|subdivision_type1      = [[Departments of Bolivia|Department]]
|subdivision_name1      = [[Cochabamba Department]]
|subdivision_type2      = [[Provinces of Bolivia|Province]]
|subdivision_name2      = [[Punata Province]]
<!-- Smaller parts (e.g. boroughs of a city) and seat of government -->
|seat_type              = Seat
|seat                   = [[Tacachi]]
<!-- Politics ----------------->
|government_footnotes   =
|government_type        = 
|leader_title           = Mayor
|leader_name            = Jhonny Ireneo Alvarez Terrazas (2007)
|leader_title1          =President<!-- for places with, say, both a mayor and a city manager -->
|leader_name1           =Julieta Zurita Claure
|leader_title2          = 
|leader_name2           = 
|leader_title3          =
|leader_name3           =
|leader_title4          =
|leader_name4           =
|established_title      = Foundation<!-- Settled -->
|established_date       = 
|established_title2     =  <!-- Incorporated (town) -->
|established_date2      = 
|established_title3     =  <!-- Incorporated (city) -->
|established_date3      =
<!-- Area    --------------------->
|area_magnitude         = 
|unit_pref                =Imperial <!--Enter: Imperial, if Imperial (metric) is desired-->
|area_footnotes           =
|area_total_km2           =<!-- ALL fields dealing with a measurements are subject to automatic unit conversion-->
|area_land_km2            = <!--See table @ Template:Infobox Settlement for details on automatic unit conversion-->
|area_water_km2           =
|area_total_sq_mi         =
|area_land_sq_mi          =
|area_water_sq_mi         =
|area_water_percent       =
|area_urban_km2           =
|area_urban_sq_mi         =
|area_metro_km2           =
|area_metro_sq_mi         =
|area_blank1_title        =
|area_blank1_km2          =
|area_blank1_sq_mi        =
<!-- Population   ----------------------->
|population_as_of               = 2001
|population_footnotes           =
|population_note                =
|population_total               = 1076
|population_density_km2         =
|population_density_sq_mi       =
|population_metro               =
|population_density_metro_km2   =
|population_density_metro_sq_mi =
|population_urban               =
|population_density_urban_km2   =
|population_density_urban_sq_mi =
|population_blank1_title        =Ethnicities
|population_blank1              =
|population_blank2_title        =Religions
|population_blank2              =
|population_density_blank1_km2 =   
|population_density_blank1_sq_mi =
<!-- General information  --------------->
|timezone               = BOT
|utc_offset             = -4
|timezone_DST           = 
|utc_offset_DST         = 
|coordinates            = {{coord|17|38|S|65|47|W|display=inline}}
|elevation_footnotes    =  <!--for references: use <ref> </ref> tags-->
|elevation_m            = 3000
|elevation_ft           =
<!-- Area/postal codes & others -------->
|postal_code_type       =  <!-- enter ZIP code, Postcode, Post code, Postal code... -->
|postal_code            =
|area_code              =
|blank_name             =
|blank_info             =
|blank1_name            =
|blank1_info            =
|website                = 
|footnotes              = 
}}",,29,,NA,El elefante dormido.JPG,Municipality,NA,NA,NA,NA,Bolivia,bottom,Location within Bolivia,Country,Bolivia,Department,Cochabamba Department,Mayor,Jhonny Ireneo Alvarez Terrazas (2007),Foundation,NA,NA,1076,2001,NA,NA,NA,3000,NA,BOT,NA,NA,NA,NA,Tacachi Municipality,NA,NA,NA,NA,NA,"Mount K'ili K'ili in Tacachi Municipality seen from Arani as ""sleeping elephant""",NA,NA,NA,NA,NA,NA,NA,NA,NA,NA,NA,NA,NA,NA,NA,NA,Province,Punata Province,Seat,Tacachi,NA,NA,President,Julieta Zurita Claure,NA,NA,NA,NA,NA,NA,NA,NA,NA,NA,NA,Imperial,NA,NA,NA,NA,NA,NA,NA,NA,NA,NA,NA,NA,NA,NA,NA,NA,NA,NA,NA,NA,NA,Ethnicities,NA,Religions,NA,NA,NA,-4,NA,NA,NA,NA,NA,NA,NA,NA,NA,NA,NA,NA,NA,NA,NA,NA,NA,NA,NA,NA,NA,NA,NA,NA,NA,NA,NA,NA,NA,NA,NA,NA,NA,NA,NA,NA,NA,NA,NA,NA,NA,NA,NA,NA,NA,NA,NA
0,Tacopaya Municipality,Category:Municipalities of Cochabamba Department,24862737,7096,Q200994,https://en.wikipedia.org/wiki/Tacopaya_Municipality,7092,1,9,2001,"{{Infobox settlement
<!--See the Table at Infobox Settlement for all fields and descriptions of usage-->
<!-- Basic info  ---------------->
|official_name          = Tacopaya Municipality
|other_name             =
|native_name            = 
|nickname               = 
|settlement_type        = Municipality 
|motto                  =
<!-- images and maps  ----------->
|image_skyline          =
|imagesize              = 
|image_caption          =  
|image_flag             = 
|flag_size              =
|image_seal             = 
|seal_size              =
|image_shield           = 
|shield_size            =
|image_blank_emblem     =
|blank_emblem_type      =
|blank_emblem_size      =
|image_map              = 
|mapsize                = 
|map_caption            = 
|image_map1             = 
|mapsize1               = 
|map_caption1           = 
|image_dot_map          =
|pushpin_map            =Bolivia<!-- the name of a location map as per http://en.wikipedia.org/wiki/Template:Location_map -->
|pushpin_label_position =bottom
|pushpin_map_caption    =Location within Bolivia
<!-- Location ------------------>
|subdivision_type       = Country
|subdivision_name       ={{flag|Bolivia}}
|subdivision_type1      = [[Departments of Bolivia|Department]]
|subdivision_name1      = [[Cochabamba Department]]
|subdivision_type2      = [[Provinces of Bolivia|Province]]
|subdivision_name2      = [[Arque Province]]
|subdivision_type4      = [[Cantons of Bolivia|Cantons]]
|subdivision_name4      = 2
<!-- Smaller parts (e.g. boroughs of a city) and seat of government -->
|seat_type              = Seat
|seat                   = [[Tacopaya]]
<!-- Politics ----------------->
|government_footnotes   =
|government_type        = 
|leader_title           = Mayor
|leader_name            = Ramon Quispe Mamani (2007)
|leader_title1          =President<!-- for places with, say, both a mayor and a city manager -->
|leader_name1           =Bacilo Ugarte Medrano (2007)
|leader_title2          = 
|leader_name2           = 
|leader_title3          =
|leader_name3           =
|leader_title4          =
|leader_name4           =
|established_title      = Foundation<!-- Settled -->
|established_date       = 
|established_title2     =  <!-- Incorporated (town) -->
|established_date2      = 
|established_title3     =  <!-- Incorporated (city) -->
|established_date3      =
<!-- Area    --------------------->
|area_magnitude         = 
|unit_pref                =Imperial <!--Enter: Imperial, if Imperial (metric) is desired-->
|area_footnotes           =
|area_total_km2           =565<!-- ALL fields dealing with a measurements are subject to automatic unit conversion-->
|area_land_km2            = <!--See table @ Template:Infobox Settlement for details on automatic unit conversion-->
|area_water_km2           =
|area_total_sq_mi         =
|area_land_sq_mi          =
|area_water_sq_mi         =
|area_water_percent       =
|area_urban_km2           =
|area_urban_sq_mi         =
|area_metro_km2           =
|area_metro_sq_mi         =
|area_blank1_title        =
|area_blank1_km2          =
|area_blank1_sq_mi        =
<!-- Population   ----------------------->
|population_as_of               = 2001
|population_footnotes           =
|population_note                =
|population_total               = 11,658
|population_density_km2         =
|population_density_sq_mi       =
|population_metro               =
|population_density_metro_km2   =
|population_density_metro_sq_mi =
|population_urban               =
|population_density_urban_km2   =
|population_density_urban_sq_mi =
|population_blank1_title        =Ethnicities
|population_blank1              =
|population_blank2_title        =Religions
|population_blank2              =
|population_density_blank1_km2 =   
|population_density_blank1_sq_mi =
<!-- General information  --------------->
|timezone               = BOT
|utc_offset             = -4
|timezone_DST           = 
|utc_offset_DST         = 
|coordinates            = {{coord|17|49|S|66|39|W|display=inline}}
|elevation_footnotes    =  <!--for references: use <ref> </ref> tags-->
|elevation_m            =4000
|elevation_ft           =
<!-- Area/postal codes & others -------->
|postal_code_type       =  <!-- enter ZIP code, Postcode, Post code, Postal code... -->
|postal_code            =
|area_code              =
|blank_name             =
|blank_info             =
|blank1_name            =
|blank1_info            =
|website                = 
|footnotes              = 
}}",,30,,NA,NA,Municipality,NA,NA,NA,NA,Bolivia,bottom,Location within Bolivia,Country,Bolivia,Department,Cochabamba Department,Mayor,Ramon Quispe Mamani (2007),Foundation,NA,NA,"11,658",2001,NA,565,NA,4000,NA,BOT,NA,NA,NA,NA,Tacopaya Municipality,NA,NA,NA,NA,NA,NA,NA,NA,NA,NA,NA,NA,NA,NA,NA,NA,NA,NA,NA,NA,NA,NA,Province,Arque Province,Seat,Tacopaya,NA,NA,President,Bacilo Ugarte Medrano (2007),NA,NA,NA,NA,NA,NA,NA,NA,NA,NA,NA,Imperial,NA,NA,NA,NA,NA,NA,NA,NA,NA,NA,NA,NA,NA,NA,NA,NA,NA,NA,NA,NA,NA,Ethnicities,NA,Religions,NA,NA,NA,-4,NA,NA,NA,NA,NA,NA,NA,NA,NA,NA,NA,NA,NA,NA,NA,NA,NA,Cantons,2,NA,NA,NA,NA,NA,NA,NA,NA,NA,NA,NA,NA,NA,NA,NA,NA,NA,NA,NA,NA,NA,NA,NA,NA,NA,NA,NA,NA
0,Tarata Municipality,Category:Municipalities of Cochabamba Department,20758444,7248,Q659801,https://en.wikipedia.org/wiki/Tarata_Municipality,7242,0,4,2001,"{{Infobox settlement
<!--See the Table at Infobox Settlement for all fields and descriptions of usage-->
<!-- Basic info  ---------------->
|official_name          = Tarata Municipality
|other_name             =
|native_name            = 
|nickname               = 
|settlement_type        = Municipality 
|motto                  =
<!-- images and maps  ----------->
|image_skyline          = Templo San José de Tarata.jpg
|imagesize              = 250px
|image_caption          = ''San José'' church in [[Tarata, Cochabamba|Tarata]]
|image_flag             = 
|flag_size              =
|image_seal             = 
|seal_size              =
|image_shield           = 
|shield_size            =
|image_blank_emblem     =
|blank_emblem_type      =
|blank_emblem_size      =
|image_map              = 
|mapsize                = 
|map_caption            = 
|image_map1             = 
|mapsize1               = 
|map_caption1           = 
|image_dot_map          =
|dot_mapsize            =
|dot_map_caption        =
|dot_x =  |dot_y =
|pushpin_map            = Bolivia<!-- the name of a location map as per http://en.wikipedia.org/wiki/Template:Location_map -->
|pushpin_label_position =bottom
|pushpin_map_caption    =Location of the Tarata Municipality within Bolivia
<!-- Location ------------------>
|subdivision_type       = Country
|subdivision_name       = [[Image:Flag of Bolivia.svg|25px]] [[Bolivia]]
|subdivision_type1      = [[Departments of Bolivia|Department]]
|subdivision_name1      = [[Cochabamba Department]]
|subdivision_type2      = [[Provinces of Bolivia|Province]]
|subdivision_name2      = [[Esteban Arce Province]]
<!-- Smaller parts (e.g. boroughs of a city) and seat of government -->
|seat_type              = Seat
|seat                   = [[Tarata, Cochabamba|Tarata]]
<!-- Politics ----------------->
|government_footnotes   =
|government_type        = 
|leader_title           = Mayor
|leader_name            = Pedro Hipolito Corrales (2008)
|leader_title1          =President<!-- for places with, say, both a mayor and a city manager -->
|leader_name1           = Benjamin Zurita Meneses (2008) 
|leader_title2          = 
|leader_name2           = 
|leader_title3          =
|leader_name3           =
|leader_title4          =
|leader_name4           =
|established_title      =  <!-- Settled -->
|established_date       = 
|established_title2     =  <!-- Incorporated (town) -->
|established_date2      = 
|established_title3     =  <!-- Incorporated (city) -->
|established_date3      =
<!-- Area    --------------------->
|area_magnitude         = 
|unit_pref                =Imperial <!--Enter: Imperial, if Imperial (metric) is desired-->
|area_footnotes           =
|area_total_km2           = 335<!-- ALL fields dealing with a measurements are subject to automatic unit conversion-->
|area_land_km2            = <!--See table @ Template:Infobox Settlement for details on automatic unit conversion-->
|area_water_km2           =
|area_total_sq_mi         =
|area_land_sq_mi          =
|area_water_sq_mi         =
|area_water_percent       =
|area_urban_km2           =
|area_urban_sq_mi         =
|area_metro_km2           =
|area_metro_sq_mi         =
|area_blank1_title        =
|area_blank1_km2          =
|area_blank1_sq_mi        =
<!-- Population   ----------------------->
|population_as_of               = 2001
|population_footnotes           =
|population_note                =
|population_total               =8715
|population_density_km2         =26.1
|population_density_sq_mi       =
|population_metro               =
|population_density_metro_km2   =
|population_density_metro_sq_mi =
|population_urban               =
|population_density_urban_km2   =
|population_density_urban_sq_mi =
|population_blank1_title        =Ethnicities
|population_blank1              =
|population_blank2_title        =Religions
|population_blank2              =
|population_density_blank1_km2 =   
|population_density_blank1_sq_mi =
<!-- General information  --------------->
|timezone               = BOT
|utc_offset             = -4
|timezone_DST           = 
|utc_offset_DST         = 
|coordinates            = {{coord|17|41|0|S|66|3|0|W|region:BO|display=inline,title}}
|elevation_footnotes    =  <!--for references: use <ref> </ref> tags-->
|elevation_m            =2600
|elevation_ft           =
<!-- Area/postal codes & others -------->
|postal_code_type       =  <!-- enter ZIP code, Postcode, Post code, Postal code... -->
|postal_code            =
|area_code              =
|blank_name             =
|blank_info             =
|blank1_name            =
|blank1_info            =
|website                = 
|footnotes              = 
}}",,31,,NA,Templo San José de Tarata.jpg,Municipality,NA,NA,NA,NA,Bolivia,bottom,Location of the Tarata Municipality within Bolivia,Country,25px Bolivia,Department,Cochabamba Department,Mayor,Pedro Hipolito Corrales (2008),NA,NA,NA,8715,2001,NA,335,NA,2600,NA,BOT,NA,NA,NA,NA,Tarata Municipality,NA,NA,NA,NA,250px,''San José'' church in Tarata,NA,NA,NA,NA,NA,NA,NA,NA,NA,NA,NA,NA,NA,NA,NA,NA,Province,Esteban Arce Province,Seat,Tarata,NA,NA,President,Benjamin Zurita Meneses (2008),NA,NA,NA,NA,NA,NA,NA,NA,NA,NA,NA,Imperial,NA,NA,NA,NA,NA,NA,NA,NA,NA,NA,NA,NA,NA,NA,26.1,NA,NA,NA,NA,NA,NA,Ethnicities,NA,Religions,NA,NA,NA,-4,NA,NA,NA,NA,NA,NA,NA,NA,NA,NA,NA,NA,NA,NA,NA,NA,NA,NA,NA,NA,NA,NA,NA,NA,NA,NA,NA,NA,NA,NA,NA,NA,NA,NA,NA,NA,NA,NA,NA,NA,NA,NA,NA,NA,NA,NA,NA
0,Tiquipaya Municipality,Category:Municipalities of Cochabamba Department,24862727,5736,Q303590,https://en.wikipedia.org/wiki/Tiquipaya_Municipality,5736,1,2,2012,"{{Infobox settlement
<!--See the Table at Infobox Settlement for all fields and descriptions of usage-->
<!-- Basic info  ---------------->
|official_name          = Tiquipaya Municipality
|other_name             =
|native_name            = 
|nickname               = 
|settlement_type        = Municipality 
|motto                  =
<!-- images and maps  ----------->
|image_skyline          =Univalle02.jpg
|imagesize              = 
|image_caption          =  ''Universidad del Valle'', Tiquipaya
|image_flag             = 
|flag_size              = 250px
|image_seal             = 
|seal_size              =
|image_shield           = 
|shield_size            =
|image_blank_emblem     =
|blank_emblem_type      =
|blank_emblem_size      =
|image_map              = 
|mapsize                = 
|map_caption            = 
|image_map1             = 
|mapsize1               = 
|map_caption1           = 
|image_dot_map          =
|dot_mapsize            =
|dot_map_caption        =
|dot_x =  |dot_y =
|pushpin_map            =Bolivia<!-- the name of a location map as per http://en.wikipedia.org/wiki/Template:Location_map -->
|pushpin_label_position =bottom
|pushpin_map_caption    =Location within Bolivia
<!-- Location ------------------>
|subdivision_type       = Country
|subdivision_name       ={{flag|Bolivia}}
|subdivision_type1      = [[Departments of Bolivia|Department]]
|subdivision_name1      = [[Cochabamba Department]]
|subdivision_type2      = [[Provinces of Bolivia|Province]]
|subdivision_name2      = [[Quillacollo Province]]
<!-- Smaller parts (e.g. boroughs of a city) and seat of government -->
|seat_type              = Seat
|seat                   = [[Tiquipaya]]
<!-- Politics ----------------->
|government_footnotes   =
|government_type        = 
|leader_title           = Mayor
|leader_name            = Antonio Rios Quintaya (2007)
|leader_title1          =President<!-- for places with, say, both a mayor and a city manager -->
|leader_name1           =Armando Iporre Reynolds (2007)
|leader_title2          = 
|leader_name2           = 
|leader_title3          =
|leader_name3           =
|leader_title4          =
|leader_name4           =
|established_title      = Foundation<!-- Settled -->
|established_date       = 
|established_title2     =  <!-- Incorporated (town) -->
|established_date2      = 
|established_title3     =  <!-- Incorporated (city) -->
|established_date3      =
<!-- Area    --------------------->
|area_magnitude         = 
|unit_pref                =Imperial <!--Enter: Imperial, if Imperial (metric) is desired-->
|area_footnotes           =
|area_total_km2           =<!-- ALL fields dealing with a measurements are subject to automatic unit conversion-->
|area_land_km2            = <!--See table @ Template:Infobox Settlement for details on automatic unit conversion-->
|area_water_km2           =
|area_total_sq_mi         =
|area_land_sq_mi          =
|area_water_sq_mi         =
|area_water_percent       =
|area_urban_km2           =
|area_urban_sq_mi         =
|area_metro_km2           =
|area_metro_sq_mi         =
|area_blank1_title        =
|area_blank1_km2          =
|area_blank1_sq_mi        =
<!-- Population   ----------------------->
|population_as_of               = 2012
|population_footnotes           =
|population_note                =
|population_total               = 53904
|population_density_km2         =
|population_density_sq_mi       =
|population_metro               =
|population_density_metro_km2   =
|population_density_metro_sq_mi =
|population_urban               =
|population_density_urban_km2   =
|population_density_urban_sq_mi =
|population_blank1_title        =Ethnicities
|population_blank1              =[[Quechua people|Quechuas]]
|population_blank2_title        =Religions
|population_blank2              =
|population_density_blank1_km2 =   
|population_density_blank1_sq_mi =
<!-- General information  --------------->
|timezone               = BOT
|utc_offset             = -4
|timezone_DST           = 
|utc_offset_DST         = 
|coordinates            = {{coord|17|12|S|66|13|W|display=inline}}
|elevation_footnotes    =  <!--for references: use <ref> </ref> tags-->
|elevation_m            =
|elevation_ft           =
<!-- Area/postal codes & others -------->
|postal_code_type       =  <!-- enter ZIP code, Postcode, Post code, Postal code... -->
|postal_code            =
|area_code              =
|blank_name             =
|blank_info             =
|blank1_name            =
|blank1_info            =
|website                = 
|footnotes              = 
}}",,30,,NA,Univalle02.jpg,Municipality,NA,NA,NA,NA,Bolivia,bottom,Location within Bolivia,Country,Bolivia,Department,Cochabamba Department,Mayor,Antonio Rios Quintaya (2007),Foundation,NA,NA,53904,2012,NA,NA,NA,NA,NA,BOT,NA,NA,NA,NA,Tiquipaya Municipality,NA,NA,NA,NA,NA,"''Universidad del Valle'', Tiquipaya",250px,NA,NA,NA,NA,NA,NA,NA,NA,NA,NA,NA,NA,NA,NA,NA,Province,Quillacollo Province,Seat,Tiquipaya,NA,NA,President,Armando Iporre Reynolds (2007),NA,NA,NA,NA,NA,NA,NA,NA,NA,NA,NA,Imperial,NA,NA,NA,NA,NA,NA,NA,NA,NA,NA,NA,NA,NA,NA,NA,NA,NA,NA,NA,NA,NA,Ethnicities,Quechuas,Religions,NA,NA,NA,-4,NA,NA,NA,NA,NA,NA,NA,NA,NA,NA,NA,NA,NA,NA,NA,NA,NA,NA,NA,NA,NA,NA,NA,NA,NA,NA,NA,NA,NA,NA,NA,NA,NA,NA,NA,NA,NA,NA,NA,NA,NA,NA,NA,NA,NA,NA,NA
0,Tiraque Municipality,Category:Municipalities of Cochabamba Department,21657229,6199,Q1516831,https://en.wikipedia.org/wiki/Tiraque_Municipality,6198,0,2,2001,"{{Infobox settlement
<!--See the Table at Infobox Settlement for all fields and descriptions of usage-->
<!-- Basic info  ---------------->
|official_name          = Tiraque Municipality
|other_name             =
|native_name            = 
|nickname               = 
|settlement_type        = Municipality 
|motto                  =
<!-- images and maps  ----------->
|image_skyline          =
|imagesize              = 
|image_caption          =  
|image_flag             = 
|flag_size              =
|image_seal             = 
|seal_size              =
|image_shield           = 
|shield_size            =
|image_blank_emblem     =
|blank_emblem_type      =
|blank_emblem_size      =
|image_map              = 
|mapsize                = 
|map_caption            = 
|image_map1             = 
|mapsize1               = 
|map_caption1           = 
|image_dot_map          =
|dot_mapsize            =
|dot_map_caption        =
|dot_x =  |dot_y =
|pushpin_map            =Bolivia<!-- the name of a location map as per http://en.wikipedia.org/wiki/Template:Location_map -->
|pushpin_label_position =bottom
|pushpin_map_caption    =Location within Bolivia
<!-- Location ------------------>
|subdivision_type       = Country
|subdivision_name       ={{flag|Bolivia}}
|subdivision_type1      = [[Departments of Bolivia|Department]]
|subdivision_name1      = [[Cochabamba Department]]
|subdivision_type2      = [[Provinces of Bolivia|Province]]
|subdivision_name2      = [[Tiraque Province]]
<!-- Smaller parts (e.g. boroughs of a city) and seat of government -->
|seat_type              = Seat
|seat                   = [[Tiraque]]
<!-- Politics ----------------->
|government_footnotes   =
|government_type        = 
|leader_title           = Mayor
|leader_name            = Fidel Felix Salazar Bustamante (2008)
|leader_title1          =President<!-- for places with, say, both a mayor and a city manager -->
|leader_name1           =Gabriel Inturias Ríos (2007)
|leader_title2          = 
|leader_name2           = 
|leader_title3          =
|leader_name3           =
|leader_title4          =
|leader_name4           =
|established_title      = Foundation<!-- Settled -->
|established_date       = 
|established_title2     =  <!-- Incorporated (town) -->
|established_date2      = 
|established_title3     =  <!-- Incorporated (city) -->
|established_date3      =
<!-- Area    --------------------->
|area_magnitude         = 
|unit_pref                =Imperial <!--Enter: Imperial, if Imperial (metric) is desired-->
|area_footnotes           =
|area_total_km2           =<!-- ALL fields dealing with a measurements are subject to automatic unit conversion-->
|area_land_km2            = <!--See table @ Template:Infobox Settlement for details on automatic unit conversion-->
|area_water_km2           =
|area_total_sq_mi         =
|area_land_sq_mi          =
|area_water_sq_mi         =
|area_water_percent       =
|area_urban_km2           =
|area_urban_sq_mi         =
|area_metro_km2           =
|area_metro_sq_mi         =
|area_blank1_title        =
|area_blank1_km2          =
|area_blank1_sq_mi        =
<!-- Population   ----------------------->
|population_as_of               = 2001
|population_footnotes           =
|population_note                =
|population_total               = 35017
|population_density_km2         =
|population_density_sq_mi       =
|population_metro               =
|population_density_metro_km2   =
|population_density_metro_sq_mi =
|population_urban               =
|population_density_urban_km2   =
|population_density_urban_sq_mi =
|population_blank1_title        =Ethnicities
|population_blank1              =[[Quechua people|Quechuas]]
|population_blank2_title        =Religions
|population_blank2              =
|population_density_blank1_km2 =   
|population_density_blank1_sq_mi =
<!-- General information  --------------->
|timezone               = BOT
|utc_offset             = -4
|timezone_DST           = 
|utc_offset_DST         = 
|coordinates            = {{coord|17|26|S|65|39|W|display=inline}}
|elevation_footnotes    =  <!--for references: use <ref> </ref> tags-->
|elevation_m            =
|elevation_ft           =
<!-- Area/postal codes & others -------->
|postal_code_type       =  <!-- enter ZIP code, Postcode, Post code, Postal code... -->
|postal_code            =
|area_code              =
|blank_name             =
|blank_info             =
|blank1_name            =
|blank1_info            =
|website                = 
|footnotes              = 
}}",,27,,NA,NA,Municipality,NA,NA,NA,NA,Bolivia,bottom,Location within Bolivia,Country,Bolivia,Department,Cochabamba Department,Mayor,Fidel Felix Salazar Bustamante (2008),Foundation,NA,NA,35017,2001,NA,NA,NA,NA,NA,BOT,NA,NA,NA,NA,Tiraque Municipality,NA,NA,NA,NA,NA,NA,NA,NA,NA,NA,NA,NA,NA,NA,NA,NA,NA,NA,NA,NA,NA,NA,Province,Tiraque Province,Seat,Tiraque,NA,NA,President,Gabriel Inturias Ríos (2007),NA,NA,NA,NA,NA,NA,NA,NA,NA,NA,NA,Imperial,NA,NA,NA,NA,NA,NA,NA,NA,NA,NA,NA,NA,NA,NA,NA,NA,NA,NA,NA,NA,NA,Ethnicities,Quechuas,Religions,NA,NA,NA,-4,NA,NA,NA,NA,NA,NA,NA,NA,NA,NA,NA,NA,NA,NA,NA,NA,NA,NA,NA,NA,NA,NA,NA,NA,NA,NA,NA,NA,NA,NA,NA,NA,NA,NA,NA,NA,NA,NA,NA,NA,NA,NA,NA,NA,NA,NA,NA
0,Toco Municipality,Category:Municipalities of Cochabamba Department,24862729,5255,Q1272109,https://en.wikipedia.org/wiki/Toco_Municipality,5224,0,1,2001,"{{Infobox settlement
<!--See the Table at Infobox Settlement for all fields and descriptions of usage-->
<!-- Basic info  ---------------->
|official_name          = Toco Municipality
|other_name             =
|native_name            = 
|nickname               = 
|settlement_type        = Municipality 
|motto                  =
<!-- images and maps  ----------->
|image_skyline          =
|imagesize              = 
|image_caption          =  
|image_flag             = 
|flag_size              =
|image_seal             = 
|seal_size              =
|image_shield           = 
|shield_size            =
|image_blank_emblem     =
|blank_emblem_type      =
|blank_emblem_size      =
|image_map              = 
|mapsize                = 
|map_caption            = 
|image_map1             = 
|mapsize1               = 
|map_caption1           = 
|image_dot_map          =
|dot_mapsize            =
|dot_map_caption        =
|dot_x =  |dot_y =
|pushpin_map            =Bolivia<!-- the name of a location map as per http://en.wikipedia.org/wiki/Template:Location_map -->
|pushpin_label_position =bottom
|pushpin_map_caption    =Location within Bolivia
<!-- Location ------------------>
|subdivision_type       = Country
|subdivision_name       ={{flag|Bolivia}}
|subdivision_type1      = [[Departments of Bolivia|Department]]
|subdivision_name1      = [[Cochabamba Department]]
|subdivision_type2      = [[Provinces of Bolivia|Province]]
|subdivision_name2      = [[Germán Jordán Province]]
<!-- Smaller parts (e.g. boroughs of a city) and seat of government -->
|seat_type              = Seat
|seat                   = [[Toco, Cochabamba|Toco]]
<!-- Politics ----------------->
|government_footnotes   =
|government_type        = 
|leader_title           = Mayor
|leader_name            = Guillermo Rios Ovando (2007)
|leader_title1          =President<!-- for places with, say, both a mayor and a city manager -->
|leader_name1           =Rogelio Fernández Luján (2007)
|leader_title2          = 
|leader_name2           = 
|leader_title3          =
|leader_name3           =
|leader_title4          =
|leader_name4           =
|established_title      = Foundation<!-- Settled -->
|established_date       = 
|established_title2     =  <!-- Incorporated (town) -->
|established_date2      = 
|established_title3     =  <!-- Incorporated (city) -->
|established_date3      =
<!-- Area    --------------------->
|area_magnitude         = 
|unit_pref                =Imperial <!--Enter: Imperial, if Imperial (metric) is desired-->
|area_footnotes           =
|area_total_km2           =<!-- ALL fields dealing with a measurements are subject to automatic unit conversion-->
|area_land_km2            = <!--See table @ Template:Infobox Settlement for details on automatic unit conversion-->
|area_water_km2           =
|area_total_sq_mi         =
|area_land_sq_mi          =
|area_water_sq_mi         =
|area_water_percent       =
|area_urban_km2           =
|area_urban_sq_mi         =
|area_metro_km2           =
|area_metro_sq_mi         =
|area_blank1_title        =
|area_blank1_km2          =
|area_blank1_sq_mi        =
<!-- Population   ----------------------->
|population_as_of               = 2001
|population_footnotes           =
|population_note                =
|population_total               = 6,705
|population_density_km2         =
|population_density_sq_mi       =
|population_metro               =
|population_density_metro_km2   =
|population_density_metro_sq_mi =
|population_urban               =
|population_density_urban_km2   =
|population_density_urban_sq_mi =
|population_blank1_title        =Ethnicities
|population_blank1              =[[Quechua people|Quechuas]]
|population_blank2_title        =Religions
|population_blank2              =
|population_density_blank1_km2 =   
|population_density_blank1_sq_mi =
<!-- General information  --------------->
|timezone               = BOT
|utc_offset             = -4
|timezone_DST           = 
|utc_offset_DST         = 
|coordinates            = {{coord|17|40|S|65|55|W|display=inline}}
|elevation_footnotes    =  <!--for references: use <ref> </ref> tags-->
|elevation_m            =
|elevation_ft           =
<!-- Area/postal codes & others -------->
|postal_code_type       =  <!-- enter ZIP code, Postcode, Post code, Postal code... -->
|postal_code            =
|area_code              =
|blank_name             =
|blank_info             =
|blank1_name            =
|blank1_info            =
|website                = 
|footnotes              = 
}}",,27,,NA,NA,Municipality,NA,NA,NA,NA,Bolivia,bottom,Location within Bolivia,Country,Bolivia,Department,Cochabamba Department,Mayor,Guillermo Rios Ovando (2007),Foundation,NA,NA,"6,705",2001,NA,NA,NA,NA,NA,BOT,NA,NA,NA,NA,Toco Municipality,NA,NA,NA,NA,NA,NA,NA,NA,NA,NA,NA,NA,NA,NA,NA,NA,NA,NA,NA,NA,NA,NA,Province,Germán Jordán Province,Seat,Toco,NA,NA,President,Rogelio Fernández Luján (2007),NA,NA,NA,NA,NA,NA,NA,NA,NA,NA,NA,Imperial,NA,NA,NA,NA,NA,NA,NA,NA,NA,NA,NA,NA,NA,NA,NA,NA,NA,NA,NA,NA,NA,Ethnicities,Quechuas,Religions,NA,NA,NA,-4,NA,NA,NA,NA,NA,NA,NA,NA,NA,NA,NA,NA,NA,NA,NA,NA,NA,NA,NA,NA,NA,NA,NA,NA,NA,NA,NA,NA,NA,NA,NA,NA,NA,NA,NA,NA,NA,NA,NA,NA,NA,NA,NA,NA,NA,NA,NA
0,Tolata Municipality,Category:Municipalities of Cochabamba Department,24862739,5680,Q1816574,https://en.wikipedia.org/wiki/Tolata_Municipality,5649,0,3,2001,"{{Infobox settlement
<!--See the Table at Infobox Settlement for all fields and descriptions of usage-->
<!-- Basic info  ---------------->
|official_name          = Tolata Municipality
|other_name             =
|native_name            = 
|nickname               = 
|settlement_type        = Municipality 
|motto                  =
<!-- images and maps  ----------->
|image_skyline          =
|imagesize              = 
|image_caption          =  
|image_flag             = 
|flag_size              =
|image_seal             = 
|seal_size              =
|image_shield           = 
|shield_size            =
|image_blank_emblem     =
|blank_emblem_type      =
|blank_emblem_size      =
|image_map              = 
|mapsize                = 
|map_caption            = 
|image_map1             = 
|mapsize1               = 
|map_caption1           = 
|image_dot_map          =
|dot_mapsize            =
|dot_map_caption        =
|dot_x =  |dot_y =
|pushpin_map            =Bolivia<!-- the name of a location map as per http://en.wikipedia.org/wiki/Template:Location_map -->
|pushpin_label_position =bottom
|pushpin_map_caption    =Location within Bolivia
<!-- Location ------------------>
|subdivision_type       = Country
|subdivision_name       ={{flag|Bolivia}}
|subdivision_type1      = [[Departments of Bolivia|Department]]
|subdivision_name1      = [[Cochabamba Department]]
|subdivision_type2      = [[Provinces of Bolivia|Province]]
|subdivision_name2      = [[Germán Jordán Province]]
<!-- Smaller parts (e.g. boroughs of a city) and seat of government -->
|seat_type              = Seat
|seat                   = [[Tolata, Cochabamba|Tolata]]
<!-- Politics ----------------->
|government_footnotes   =
|government_type        = 
|leader_title           = Mayor
|leader_name            = 
|leader_title1          =President<!-- for places with, say, both a mayor and a city manager -->
|leader_name1           =
|leader_title2          = 
|leader_name2           = 
|leader_title3          =
|leader_name3           =
|leader_title4          =
|leader_name4           =
|established_title      = Foundation<!-- Settled -->
|established_date       = 
|established_title2     =  <!-- Incorporated (town) -->
|established_date2      = 
|established_title3     =  <!-- Incorporated (city) -->
|established_date3      =
<!-- Area    --------------------->
|area_magnitude         = 
|unit_pref                =Imperial <!--Enter: Imperial, if Imperial (metric) is desired-->
|area_footnotes           =
|area_total_km2           =<!-- ALL fields dealing with a measurements are subject to automatic unit conversion-->
|area_land_km2            = <!--See table @ Template:Infobox Settlement for details on automatic unit conversion-->
|area_water_km2           =
|area_total_sq_mi         =
|area_land_sq_mi          =
|area_water_sq_mi         =
|area_water_percent       =
|area_urban_km2           =
|area_urban_sq_mi         =
|area_metro_km2           =
|area_metro_sq_mi         =
|area_blank1_title        =
|area_blank1_km2          =
|area_blank1_sq_mi        =
<!-- Population   ----------------------->
|population_as_of               = 2001
|population_footnotes           =
|population_note                =
|population_total               = 5,316
|population_density_km2         =
|population_density_sq_mi       =
|population_metro               =
|population_density_metro_km2   =
|population_density_metro_sq_mi =
|population_urban               =
|population_density_urban_km2   =
|population_density_urban_sq_mi =
|population_blank1_title        =Ethnicities
|population_blank1              =
|population_blank2_title        =Religions
|population_blank2              =
|population_density_blank1_km2 =   
|population_density_blank1_sq_mi =
<!-- General information  --------------->
|timezone               = BOT
|utc_offset             = -4
|timezone_DST           = 
|utc_offset_DST         = 
|coordinates            = {{coord|17|32|S|66|0|W|display=inline}}
|elevation_footnotes    =  <!--for references: use <ref> </ref> tags-->
|elevation_m            =
|elevation_ft           =
<!-- Area/postal codes & others -------->
|postal_code_type       =  <!-- enter ZIP code, Postcode, Post code, Postal code... -->
|postal_code            =
|area_code              =
|blank_name             =
|blank_info             =
|blank1_name            =
|blank1_info            =
|website                = 
|footnotes              = 
}}",,24,,NA,NA,Municipality,NA,NA,NA,NA,Bolivia,bottom,Location within Bolivia,Country,Bolivia,Department,Cochabamba Department,Mayor,NA,Foundation,NA,NA,"5,316",2001,NA,NA,NA,NA,NA,BOT,NA,NA,NA,NA,Tolata Municipality,NA,NA,NA,NA,NA,NA,NA,NA,NA,NA,NA,NA,NA,NA,NA,NA,NA,NA,NA,NA,NA,NA,Province,Germán Jordán Province,Seat,Tolata,NA,NA,President,NA,NA,NA,NA,NA,NA,NA,NA,NA,NA,NA,NA,Imperial,NA,NA,NA,NA,NA,NA,NA,NA,NA,NA,NA,NA,NA,NA,NA,NA,NA,NA,NA,NA,NA,Ethnicities,NA,Religions,NA,NA,NA,-4,NA,NA,NA,NA,NA,NA,NA,NA,NA,NA,NA,NA,NA,NA,NA,NA,NA,NA,NA,NA,NA,NA,NA,NA,NA,NA,NA,NA,NA,NA,NA,NA,NA,NA,NA,NA,NA,NA,NA,NA,NA,NA,NA,NA,NA,NA,NA
0,Totora Municipality,Category:Municipalities of Cochabamba Department,24862735,6589,Q508944,https://en.wikipedia.org/wiki/Totora_Municipality,6586,0,3,2001,"{{Infobox settlement
<!--See the Table at Infobox Settlement for all fields and descriptions of usage-->
<!-- Basic info  ---------------->
|official_name          = Totora 
|image_alt = See caption
|other_name             =
|native_name            = T'utura
|nickname               = 
|settlement_type        = Municipality 
|motto                  =
<!-- images and maps  ----------->
|image_skyline          =Totora,_Cochabamba_Skyline.jpg
|imagesize              = 
|image_caption          =  View of Totora
|image_flag             = 
|flag_size              =
|image_seal             = 
|seal_size              =
|image_shield           = 
|shield_size            =
|image_blank_emblem     =
|blank_emblem_type      =
|blank_emblem_size      =
|image_map              = 
|mapsize                = 
|map_caption            = 
|image_map1             = 
|mapsize1               = 
|map_caption1           = 
|image_dot_map          =
|dot_mapsize            =
|dot_map_caption        =
|dot_x =  |dot_y =
|pushpin_map            =Bolivia<!-- the name of a location map as per http://en.wikipedia.org/wiki/Template:Location_map -->
|pushpin_label_position =bottom
|pushpin_map_caption    =Location within Bolivia
<!-- Location ------------------>
|subdivision_type       = Country
|subdivision_name       ={{flag|Bolivia}}
|subdivision_type1      = [[Departments of Bolivia|Department]]
|subdivision_name1      = [[Cochabamba Department]]
|subdivision_type2      = [[Provinces of Bolivia|Province]]
|subdivision_name2      = [[Carrasco Province (Bolivia)|Carrasco Province]]
<!-- Smaller parts (e.g. boroughs of a city) and seat of government -->
|seat_type              = Seat
|seat                   = [[Totora, Cochabamba|Totora]]
<!-- Politics ----------------->
|government_footnotes   =
|government_type        = 
|leader_title           = Mayor
|leader_name            = Nicolas Rosas Jaldin
|leader_title1          =President<!-- for places with, say, both a mayor and a city manager -->
|leader_name1           =Gabriel Zurita
|leader_title2          = 
|leader_name2           = 
|leader_title3          =
|leader_name3           =
|leader_title4          =
|leader_name4           =
|established_title      = Foundation<!-- Settled -->
|established_date       = 
|established_title2     =  <!-- Incorporated (town) -->
|established_date2      = 
|established_title3     =  <!-- Incorporated (city) -->
|established_date3      =
<!-- Area    --------------------->
|area_magnitude         = 
|unit_pref                =Imperial <!--Enter: Imperial, if Imperial (metric) is desired-->
|area_footnotes           =
|area_total_km2           =<!-- ALL fields dealing with a measurements are subject to automatic unit conversion-->
|area_land_km2            = <!--See table @ Template:Infobox Settlement for details on automatic unit conversion-->
|area_water_km2           =
|area_total_sq_mi         =
|area_land_sq_mi          =
|area_water_sq_mi         =
|area_water_percent       =
|area_urban_km2           =
|area_urban_sq_mi         =
|area_metro_km2           =
|area_metro_sq_mi         =
|area_blank1_title        =
|area_blank1_km2          =
|area_blank1_sq_mi        =
<!-- Population   ----------------------->
|population_as_of               = 2001
|population_footnotes           =
|population_note                =
|population_total               = 12,961
|population_density_km2         =
|population_density_sq_mi       =
|population_metro               =
|population_density_metro_km2   =
|population_density_metro_sq_mi =
|population_urban               =
|population_density_urban_km2   =
|population_density_urban_sq_mi =
|population_blank1_title        =Ethnicities
|population_blank1              =[[Quechua people|Quechua]]
|population_blank2_title        =Religions
|population_blank2              =
|population_density_blank1_km2 =   
|population_density_blank1_sq_mi =
<!-- General information  --------------->
|timezone               = BOT
|utc_offset             = -4
|timezone_DST           = 
|utc_offset_DST         = 
|coordinates            = {{coord|17|42|S|65|11|W|display=inline}}
|elevation_footnotes    =  <!--for references: use <ref> </ref> tags-->
|elevation_m            = 2800
|elevation_ft           =
<!-- Area/postal codes & others -------->
|postal_code_type       =  <!-- enter ZIP code, Postcode, Post code, Postal code... -->
|postal_code            =
|area_code              =
|blank_name             =
|blank_info             =
|blank1_name            =
|blank1_info            =
|website                = 
|footnotes              = 
}}",,32,,NA,"Totora,_Cochabamba_Skyline.jpg",Municipality,NA,NA,NA,NA,Bolivia,bottom,Location within Bolivia,Country,Bolivia,Department,Cochabamba Department,Mayor,Nicolas Rosas Jaldin,Foundation,NA,NA,"12,961",2001,NA,NA,NA,2800,NA,BOT,NA,NA,NA,NA,Totora,NA,T'utura,NA,NA,NA,View of Totora,NA,NA,NA,NA,NA,NA,NA,NA,NA,NA,NA,NA,NA,NA,NA,NA,Province,Carrasco Province,Seat,Totora,NA,NA,President,Gabriel Zurita,NA,NA,NA,NA,NA,NA,NA,NA,NA,NA,NA,Imperial,NA,NA,NA,NA,NA,NA,NA,NA,NA,NA,NA,NA,NA,NA,NA,NA,NA,NA,NA,NA,NA,Ethnicities,Quechua,Religions,NA,NA,NA,-4,NA,NA,NA,NA,NA,NA,NA,NA,NA,NA,NA,NA,NA,See caption,NA,NA,NA,NA,NA,NA,NA,NA,NA,NA,NA,NA,NA,NA,NA,NA,NA,NA,NA,NA,NA,NA,NA,NA,NA,NA,NA,NA,NA,NA,NA,NA,NA
0,Vacas Municipality,Category:Municipalities of Cochabamba Department,20758197,23205,Q1817895,https://en.wikipedia.org/wiki/Vacas_Municipality,23141,6,19,2001,"{{Infobox settlement
<!--See the Table at Infobox Settlement for all fields and descriptions of usage-->
<!-- Basic info  ---------------->
|official_name          = Vacas 
|other_name             =
|native_name            = Wak'as
|nickname               = 
|settlement_type        = Municipality 
|motto                  =
<!-- images and maps  ----------->
|image_skyline          = Una vista de Vacas y sus lagunas.JPG
|imagesize              = 250px
|image_caption          = [[Vacas (Cochabamba)|Vacas]] with its lakes Pilawit'u on the left and Qullpaqucha in the center
|image_flag             = 
|flag_size              =
|image_seal             = 
|seal_size              =
|image_shield           = 
|shield_size            =
|image_blank_emblem     =
|blank_emblem_type      =
|blank_emblem_size      =
|image_map              = 
|mapsize                = 
|map_caption            = 
|image_map1             = 
|mapsize1               = 
|map_caption1           = 
|image_dot_map          =
|pushpin_map            = Bolivia<!-- the name of a location map as per http://en.wikipedia.org/wiki/Template:Location_map -->
|pushpin_label_position =bottom
|pushpin_map_caption    =Location of the Quillacollo Municipality within Bolivia
<!-- Location ------------------>
|subdivision_type       = Country
|subdivision_name       = [[Image:Flag of Bolivia.svg|25px]] [[Bolivia]]
|subdivision_type1      = [[Departments of Bolivia|Department]]
|subdivision_name1      = [[Cochabamba Department]]
|subdivision_type2      = [[Provinces of Bolivia|Province]]
|subdivision_name2      = [[Arani Province]]
|subdivision_type4      = [[Cantons of Bolivia|Cantons]]
|subdivision_name4      = 1
<!-- Smaller parts (e.g. boroughs of a city) and seat of government -->
|seat_type              = Seat
|seat                   = [[Vacas (Cochabamba)|Vacas]]
<!-- Politics ----------------->
|government_footnotes   =
|government_type        = 
|leader_title           = Mayor
|leader_name            = Teófilo Vásquez Santos (2010)
|leader_title1          =President<!-- for places with, say, both a mayor and a city manager -->
|leader_name1           = 
|leader_title2          = 
|leader_name2           = 
|leader_title3          =
|leader_name3           =
|leader_title4          =
|leader_name4           =
|established_title      = Foundation<!-- Settled -->
|established_date       = 1986
|established_title2     =  <!-- Incorporated (town) -->
|established_date2      = 
|established_title3     =  <!-- Incorporated (city) -->
|established_date3      =
<!-- Area    --------------------->
|area_magnitude         = 
|unit_pref                = Imperial <!--Enter: Imperial, if Imperial (metric) is desired-->
|area_footnotes           =
|area_total_km2           = 334<!-- ALL fields dealing with a measurements are subject to automatic unit conversion-->
|area_land_km2            = <!--See table @ Template:Infobox Settlement for details on automatic unit conversion-->
|area_water_km2           =
|area_total_sq_mi         =
|area_land_sq_mi          =
|area_water_sq_mi         =
|area_water_percent       =
|area_urban_km2           =
|area_urban_sq_mi         =
|area_metro_km2           =
|area_metro_sq_mi         =
|area_blank1_title        =
|area_blank1_km2          =
|area_blank1_sq_mi        =
<!-- Population   ----------------------->
|population_as_of               = 2001
|population_footnotes           =
|population_note                =
|population_total               =12511
|population_density_km2         =44
|population_density_sq_mi       =
|population_metro               =
|population_density_metro_km2   =
|population_density_metro_sq_mi =
|population_urban               =
|population_density_urban_km2   =
|population_density_urban_sq_mi =
|population_blank1_title        =Ethnicities
|population_blank1              =[[Quechua people|Quechua]]
|population_blank2_title        =Religions
|population_blank2              =
|population_density_blank1_km2 =   
|population_density_blank1_sq_mi =
<!-- General information  --------------->
|timezone               = BOT
|utc_offset             = -4
|timezone_DST           = 
|utc_offset_DST         = 
|coordinates            = {{coord|17|36|0|S|65|36|0|W|region:BO|display=inline,title}}
|elevation_footnotes    =  <!--for references: use <ref> </ref> tags-->
|elevation_m            = 3,400  - 4,420 
|elevation_ft           =
<!-- Area/postal codes & others -------->
|postal_code_type       =  <!-- enter ZIP code, Postcode, Post code, Postal code... -->
|postal_code            =
|area_code              =  30502
|blank_name             =
|blank_info             =
|blank1_name            =
|blank1_info            =
|website                = 
|footnotes              = 
}}",,37,,NA,Una vista de Vacas y sus lagunas.JPG,Municipality,NA,NA,NA,NA,Bolivia,bottom,Location of the Quillacollo Municipality within Bolivia,Country,25px Bolivia,Department,Cochabamba Department,Mayor,Teófilo Vásquez Santos (2010),Foundation,1986,NA,12511,2001,NA,334,NA,"3,400 - 4,420",NA,BOT,NA,NA,NA,NA,Vacas,NA,Wak'as,NA,NA,250px,Vacas with its lakes Pilawit'u on the left and Qullpaqucha in the center,NA,NA,NA,NA,NA,NA,NA,NA,NA,NA,NA,NA,NA,NA,NA,NA,Province,Arani Province,Seat,Vacas,NA,NA,President,NA,NA,NA,NA,NA,NA,NA,NA,NA,NA,NA,NA,Imperial,NA,NA,NA,NA,NA,NA,NA,NA,NA,NA,NA,NA,NA,NA,44,NA,NA,NA,NA,NA,NA,Ethnicities,Quechua,Religions,NA,NA,NA,-4,NA,NA,NA,NA,NA,NA,NA,30502,NA,NA,NA,NA,NA,NA,NA,NA,NA,Cantons,1,NA,NA,NA,NA,NA,NA,NA,NA,NA,NA,NA,NA,NA,NA,NA,NA,NA,NA,NA,NA,NA,NA,NA,NA,NA,NA,NA,NA
0,Vila Vila Municipality,Category:Municipalities of Cochabamba Department,24862736,6065,Q1814595,https://en.wikipedia.org/wiki/Vila_Vila_Municipality,6032,0,2,2001,"{{Infobox settlement
<!--See the Table at Infobox Settlement for all fields and descriptions of usage-->
<!-- Basic info  ---------------->
|official_name          = Vila Vila
|other_name             =
|native_name            = Wila Wila
|nickname               = 
|settlement_type        = Municipality 
|motto                  =
<!-- images and maps  ----------->
|image_skyline          =Sivingani Station.JPG
|imagesize              = 
|image_caption          = Train station in Sivingani, Vila Vila Canton
|image_flag             = 
|flag_size              =
|image_seal             = 
|seal_size              =
|image_shield           = 
|shield_size            =
|image_blank_emblem     =
|blank_emblem_type      =
|blank_emblem_size      =
|image_map              = 
|mapsize                = 
|map_caption            = 
|image_map1             = 
|mapsize1               = 
|map_caption1           = 
|image_dot_map          =
|dot_mapsize            =
|dot_map_caption        =
|dot_x =  |dot_y =
|pushpin_map            =Bolivia<!-- the name of a location map as per http://en.wikipedia.org/wiki/Template:Location_map -->
|pushpin_label_position =bottom
|pushpin_map_caption    =Location within Bolivia
<!-- Location ------------------>
|subdivision_type       = Country
|subdivision_name       ={{flag|Bolivia}}
|subdivision_type1      = [[Departments of Bolivia|Department]]
|subdivision_name1      = [[Cochabamba Department]]
|subdivision_type2      = [[Provinces of Bolivia|Province]]
|subdivision_name2      = [[Mizque Province]]
<!-- Smaller parts (e.g. boroughs of a city) and seat of government -->
|seat_type              = Seat
|seat                   = [[Vila Vila]]
<!-- Politics ----------------->
|government_footnotes   =
|government_type        = 
|leader_title           = Mayor
|leader_name            = Juan Siles Pozo
|leader_title1          =President<!-- for places with, say, both a mayor and a city manager -->
|leader_name1           =Teófilo Blanco Meneces
|leader_title2          = 
|leader_name2           = 
|leader_title3          =
|leader_name3           =
|leader_title4          =
|leader_name4           =
|established_title      = Foundation<!-- Settled -->
|established_date       = 
|established_title2     =  <!-- Incorporated (town) -->
|established_date2      = 
|established_title3     =  <!-- Incorporated (city) -->
|established_date3      =
<!-- Area    --------------------->
|area_magnitude         = 
|unit_pref                =Imperial <!--Enter: Imperial, if Imperial (metric) is desired-->
|area_footnotes           =
|area_total_km2           =<!-- ALL fields dealing with a measurements are subject to automatic unit conversion-->
|area_land_km2            = <!--See table @ Template:Infobox Settlement for details on automatic unit conversion-->
|area_water_km2           =
|area_total_sq_mi         =
|area_land_sq_mi          =
|area_water_sq_mi         =
|area_water_percent       =
|area_urban_km2           =
|area_urban_sq_mi         =
|area_metro_km2           =
|area_metro_sq_mi         =
|area_blank1_title        =
|area_blank1_km2          =
|area_blank1_sq_mi        =
<!-- Population   ----------------------->
|population_as_of               = 2001
|population_footnotes           =
|population_note                =
|population_total               = 4,591
|population_density_km2         =
|population_density_sq_mi       =
|population_metro               =
|population_density_metro_km2   =
|population_density_metro_sq_mi =
|population_urban               =
|population_density_urban_km2   =
|population_density_urban_sq_mi =
|population_blank1_title        =Ethnicities
|population_blank1              =[[Quechua people|Quechua]]
|population_blank2_title        =Religions
|population_blank2              =
|population_density_blank1_km2 =   
|population_density_blank1_sq_mi =
<!-- General information  --------------->
|timezone               = BOT
|utc_offset             = -4
|timezone_DST           = 
|utc_offset_DST         = 
|coordinates            = {{coord|17|58|S|65|31|W|display=inline}}
|elevation_footnotes    =  <!--for references: use <ref> </ref> tags-->
|elevation_m            =
|elevation_ft           =
<!-- Area/postal codes & others -------->
|postal_code_type       =  <!-- enter ZIP code, Postcode, Post code, Postal code... -->
|postal_code            =
|area_code              =
|blank_name             =
|blank_info             =
|blank1_name            =
|blank1_info            =
|website                = 
|footnotes              = 
}}",,30,,NA,Sivingani Station.JPG,Municipality,NA,NA,NA,NA,Bolivia,bottom,Location within Bolivia,Country,Bolivia,Department,Cochabamba Department,Mayor,Juan Siles Pozo,Foundation,NA,NA,"4,591",2001,NA,NA,NA,NA,NA,BOT,NA,NA,NA,NA,Vila Vila,NA,Wila Wila,NA,NA,NA,"Train station in Sivingani, Vila Vila Canton",NA,NA,NA,NA,NA,NA,NA,NA,NA,NA,NA,NA,NA,NA,NA,NA,Province,Mizque Province,Seat,Vila Vila,NA,NA,President,Teófilo Blanco Meneces,NA,NA,NA,NA,NA,NA,NA,NA,NA,NA,NA,Imperial,NA,NA,NA,NA,NA,NA,NA,NA,NA,NA,NA,NA,NA,NA,NA,NA,NA,NA,NA,NA,NA,Ethnicities,Quechua,Religions,NA,NA,NA,-4,NA,NA,NA,NA,NA,NA,NA,NA,NA,NA,NA,NA,NA,NA,NA,NA,NA,NA,NA,NA,NA,NA,NA,NA,NA,NA,NA,NA,NA,NA,NA,NA,NA,NA,NA,NA,NA,NA,NA,NA,NA,NA,NA,NA,NA,NA,NA
0,Villa Rivero Municipality,Category:Municipalities of Cochabamba Department,24862743,6481,Q1521162,https://en.wikipedia.org/wiki/Villa_Rivero_Municipality,6477,0,2,2001,"{{Infobox settlement
<!--See the Table at Infobox Settlement for all fields and descriptions of usage-->
<!-- Basic info  ---------------->
|official_name          = Villa Rivero Municipality 
|other_name             =
|native_name            = 
|nickname               = 
|settlement_type        = Municipality 
|motto                  =
<!-- images and maps  ----------->
|image_skyline          =
|imagesize              = 180px
|image_caption          = Colonial balcony and tower of the church of Villa Rivero
|image_flag             = 
|flag_size              =
|image_seal             = 
|seal_size              =
|image_shield           = 
|shield_size            =
|image_blank_emblem     =
|blank_emblem_type      =
|blank_emblem_size      =
|image_map              = 
|mapsize                = 
|map_caption            = 
|image_map1             = 
|mapsize1               = 
|map_caption1           = 
|image_dot_map          =
|dot_mapsize            =
|dot_map_caption        =
|dot_x =  |dot_y =
|pushpin_map            =Bolivia<!-- the name of a location map as per http://en.wikipedia.org/wiki/Template:Location_map -->
|pushpin_label_position =bottom
|pushpin_map_caption    =Location within Bolivia
<!-- Location ------------------>
|subdivision_type       = Country
|subdivision_name       ={{flag|Bolivia}}
|subdivision_type1      = [[Departments of Bolivia|Department]]
|subdivision_name1      = [[Cochabamba Department]]
|subdivision_type2      = [[Provinces of Bolivia|Province]]
|subdivision_name2      = [[Punata Province]]
<!-- Smaller parts (e.g. boroughs of a city) and seat of government -->
|seat_type              = Seat
|seat                   = [[Villa Rivero]]
<!-- Politics ----------------->
|government_footnotes   =
|government_type        = 
|leader_title           = Mayor
|leader_name            = Freddy Lara Guillén (2007)
|leader_title1          =President<!-- for places with, say, both a mayor and a city manager -->
|leader_name1           = Freddy Lara Guillén (2005)
|leader_title2          = 
|leader_name2           = 
|leader_title3          =
|leader_name3           =
|leader_title4          =
|leader_name4           =
|established_title      = Foundation<!-- Settled -->
|established_date       = 
|established_title2     =  <!-- Incorporated (town) -->
|established_date2      = 
|established_title3     =  <!-- Incorporated (city) -->
|established_date3      =
<!-- Area    --------------------->
|area_magnitude         = 
|unit_pref                =Imperial <!--Enter: Imperial, if Imperial (metric) is desired-->
|area_footnotes           =
|area_total_km2           =<!-- ALL fields dealing with a measurements are subject to automatic unit conversion-->
|area_land_km2            = <!--See table @ Template:Infobox Settlement for details on automatic unit conversion-->
|area_water_km2           =
|area_total_sq_mi         =
|area_land_sq_mi          =
|area_water_sq_mi         =
|area_water_percent       =
|area_urban_km2           =
|area_urban_sq_mi         =
|area_metro_km2           =
|area_metro_sq_mi         =
|area_blank1_title        =
|area_blank1_km2          =
|area_blank1_sq_mi        =
<!-- Population   ----------------------->
|population_as_of               = 2001
|population_footnotes           =
|population_note                =
|population_total               = 5,857
|population_density_km2         =
|population_density_sq_mi       =
|population_metro               =
|population_density_metro_km2   =
|population_density_metro_sq_mi =
|population_urban               =
|population_density_urban_km2   =
|population_density_urban_sq_mi =
|population_blank1_title        =Ethnicities
|population_blank1              =
|population_blank2_title        =Religions
|population_blank2              =
|population_density_blank1_km2 =   
|population_density_blank1_sq_mi =
<!-- General information  --------------->
|timezone               = BOT
|utc_offset             = -4
|timezone_DST           = 
|utc_offset_DST         = 
|coordinates            = {{coord|17|39|S|65|40|W|display=inline}}
|elevation_footnotes    =  <!--for references: use <ref> </ref> tags-->
|elevation_m            =
|elevation_ft           =
<!-- Area/postal codes & others -------->
|postal_code_type       =  <!-- enter ZIP code, Postcode, Post code, Postal code... -->
|postal_code            =
|area_code              =
|blank_name             =
|blank_info             =
|blank1_name            =
|blank1_info            =
|website                = 
|footnotes              = 
}}",,28,,NA,NA,Municipality,NA,NA,NA,NA,Bolivia,bottom,Location within Bolivia,Country,Bolivia,Department,Cochabamba Department,Mayor,Freddy Lara Guillén (2007),Foundation,NA,NA,"5,857",2001,NA,NA,NA,NA,NA,BOT,NA,NA,NA,NA,Villa Rivero Municipality,NA,NA,NA,NA,180px,Colonial balcony and tower of the church of Villa Rivero,NA,NA,NA,NA,NA,NA,NA,NA,NA,NA,NA,NA,NA,NA,NA,NA,Province,Punata Province,Seat,Villa Rivero,NA,NA,President,Freddy Lara Guillén (2005),NA,NA,NA,NA,NA,NA,NA,NA,NA,NA,NA,Imperial,NA,NA,NA,NA,NA,NA,NA,NA,NA,NA,NA,NA,NA,NA,NA,NA,NA,NA,NA,NA,NA,Ethnicities,NA,Religions,NA,NA,NA,-4,NA,NA,NA,NA,NA,NA,NA,NA,NA,NA,NA,NA,NA,NA,NA,NA,NA,NA,NA,NA,NA,NA,NA,NA,NA,NA,NA,NA,NA,NA,NA,NA,NA,NA,NA,NA,NA,NA,NA,NA,NA,NA,NA,NA,NA,NA,NA
0,Villa Tunari Municipality,Category:Municipalities of Cochabamba Department,24862744,5707,Q1232232,https://en.wikipedia.org/wiki/Villa_Tunari_Municipality,5680,0,1,2012,"{{Infobox settlement
<!--See the Table at Infobox Settlement for all fields and descriptions of usage-->
<!-- Basic info  ---------------->
|official_name          = Villa Tunari Municipality
|other_name             =
|native_name            = 
|nickname               = 
|settlement_type        = Municipality 
|motto                  =
<!-- images and maps  ----------->
|image_skyline          = Villa tunari.JPG
|imagesize              = 
|image_caption          = Villa Tunari
|image_flag             = 
|flag_size              =
|image_seal             = 
|seal_size              =
|image_shield           = 
|shield_size            =
|image_blank_emblem     =
|blank_emblem_type      =
|blank_emblem_size      =
|image_map              = Bolivia Villa Tunari Municipio Locator.png
|mapsize                = 
|map_caption            = 
|image_map1             = 
|mapsize1               = 
|map_caption1           = 
|image_dot_map          =
|dot_mapsize            =
|dot_map_caption        =
|dot_x =  |dot_y =
|pushpin_map            =<!-- the name of a location map as per http://en.wikipedia.org/wiki/Template:Location_map -->
|pushpin_label_position =
|pushpin_map_caption    =
<!-- Location ------------------>
|subdivision_type       = Country
|subdivision_name       ={{flag|Bolivia}}
|subdivision_type1      = [[Departments of Bolivia|Department]]
|subdivision_name1      = [[Cochabamba Department]]
|subdivision_type2      = [[Provinces of Bolivia|Province]]
|subdivision_name2      = [[Chapare Province]]
<!-- Smaller parts (e.g. boroughs of a city) and seat of government -->
|seat_type              = Seat
|seat                   = [[Villa Tunari]]
<!-- Politics ----------------->
|government_footnotes   =
|government_type        = 
|leader_title           = Mayor
|leader_name            = 
|leader_title1          =President<!-- for places with, say, both a mayor and a city manager -->
|leader_name1           =
|leader_title2          = 
|leader_name2           = 
|leader_title3          =
|leader_name3           =
|leader_title4          =
|leader_name4           =
|established_title      = Foundation<!-- Settled -->
|established_date       = 
|established_title2     = Recognized (municipal section)
|established_date2      = 4 June 1970
|established_title3     =  <!-- Incorporated (city) -->
|established_date3      =
<!-- Area    --------------------->
|area_magnitude         = 
|unit_pref                =Imperial <!--Enter: Imperial, if Imperial (metric) is desired-->
|area_footnotes           =
|area_total_km2           =<!-- ALL fields dealing with a measurements are subject to automatic unit conversion-->
|area_land_km2            = <!--See table @ Template:Infobox Settlement for details on automatic unit conversion-->
|area_water_km2           =
|area_total_sq_mi         =
|area_land_sq_mi          =
|area_water_sq_mi         =
|area_water_percent       =
|area_urban_km2           =
|area_urban_sq_mi         =
|area_metro_km2           =
|area_metro_sq_mi         =
|area_blank1_title        =
|area_blank1_km2          =
|area_blank1_sq_mi        =
<!-- Population   ----------------------->
|population_as_of               = 2012
|population_footnotes           =
|population_note                =
|population_total               = 71,146
|population_density_km2         =
|population_density_sq_mi       =
|population_metro               =
|population_density_metro_km2   =
|population_density_metro_sq_mi =
|population_urban               =
|population_density_urban_km2   =
|population_density_urban_sq_mi =
|population_blank1_title        =Ethnicities
|population_blank1              =[[Quechua people|Quechuas]]
|population_blank2_title        =Religions
|population_blank2              =
|population_density_blank1_km2 =   
|population_density_blank1_sq_mi =
<!-- General information  --------------->
|timezone               = BOT
|utc_offset             = -4
|timezone_DST           = 
|utc_offset_DST         = 
|coordinates            = {{coord|16|50|S|65|40|W|display=inline}}
|elevation_footnotes    =  <!--for references: use <ref> </ref> tags-->
|elevation_m            =
|elevation_ft           =
<!-- Area/postal codes & others -------->
|postal_code_type       =  <!-- enter ZIP code, Postcode, Post code, Postal code... -->
|postal_code            =
|area_code              =
|blank_name             =
|blank_info             =
|blank1_name            =
|blank1_info            =
|website                = 
|footnotes              = 
}}",,27,,NA,Villa tunari.JPG,Municipality,NA,NA,Bolivia Villa Tunari Municipio Locator.png,NA,NA,NA,NA,Country,Bolivia,Department,Cochabamba Department,Mayor,NA,Foundation,NA,NA,"71,146",2012,NA,NA,NA,NA,NA,BOT,NA,NA,NA,NA,Villa Tunari Municipality,NA,NA,NA,NA,NA,Villa Tunari,NA,NA,NA,NA,NA,NA,NA,NA,NA,NA,NA,NA,NA,NA,NA,NA,Province,Chapare Province,Seat,Villa Tunari,NA,NA,President,NA,NA,NA,NA,NA,NA,NA,Recognized (municipal section),4 June 1970,NA,NA,NA,Imperial,NA,NA,NA,NA,NA,NA,NA,NA,NA,NA,NA,NA,NA,NA,NA,NA,NA,NA,NA,NA,NA,Ethnicities,Quechuas,Religions,NA,NA,NA,-4,NA,NA,NA,NA,NA,NA,NA,NA,NA,NA,NA,NA,NA,NA,NA,NA,NA,NA,NA,NA,NA,NA,NA,NA,NA,NA,NA,NA,NA,NA,NA,NA,NA,NA,NA,NA,NA,NA,NA,NA,NA,NA,NA,NA,NA,NA,NA
0,Vinto Municipality,Category:Municipalities of Cochabamba Department,24862745,6067,Q1521087,https://en.wikipedia.org/wiki/Vinto_Municipality,6064,1,8,2001,"{{Infobox settlement
<!--See the Table at Infobox Settlement for all fields and descriptions of usage-->
<!-- Basic info  ---------------->
|official_name          = Vinto 
|other_name             =
|native_name            = Wint'u
|nickname               = 
|settlement_type        = Municipality 
|motto                  =
<!-- images and maps  ----------->
|image_skyline          =
|imagesize              = 
|image_caption          =  
|image_flag             = 
|flag_size              =
|image_seal             = 
|seal_size              =
|image_shield           = 
|shield_size            =
|image_blank_emblem     =
|blank_emblem_type      =
|blank_emblem_size      =
|image_map              = 
|mapsize                = 
|map_caption            = 
|image_map1             = 
|mapsize1               = 
|map_caption1           = 
|image_dot_map          =
|pushpin_map            =Bolivia<!-- the name of a location map as per http://en.wikipedia.org/wiki/Template:Location_map -->
|pushpin_label_position =bottom
|pushpin_map_caption    =Location within Bolivia
<!-- Location ------------------>
|subdivision_type       = Country
|subdivision_name       ={{flag|Bolivia}}
|subdivision_type1      = [[Departments of Bolivia|Department]]
|subdivision_name1      = [[Cochabamba Department]]
|subdivision_type2      = [[Provinces of Bolivia|Province]]
|subdivision_name2      = [[Quillacollo Province]]
<!-- Smaller parts (e.g. boroughs of a city) and seat of government -->
|seat_type              = Seat
|seat                   = [[Vinto]]
<!-- Politics ----------------->
|government_footnotes   =
|government_type        = 
|leader_title           = Mayor
|leader_name            = Pacifico Otalora Encinas (2007)
|leader_title1          =President<!-- for places with, say, both a mayor and a city manager -->
|leader_name1           =Carlos García Canedo (2007)
|leader_title2          = 
|leader_name2           = 
|leader_title3          =
|leader_name3           =
|leader_title4          =
|leader_name4           =
|established_title      = Foundation<!-- Settled -->
|established_date       = 
|established_title2     =  <!-- Incorporated (town) -->
|established_date2      = 
|established_title3     =  <!-- Incorporated (city) -->
|established_date3      =
<!-- Area    --------------------->
|area_magnitude         = 
|unit_pref                =Imperial <!--Enter: Imperial, if Imperial (metric) is desired-->
|area_footnotes           =
|area_total_km2           =<!-- ALL fields dealing with a measurements are subject to automatic unit conversion-->
|area_land_km2            = <!--See table @ Template:Infobox Settlement for details on automatic unit conversion-->
|area_water_km2           =
|area_total_sq_mi         =
|area_land_sq_mi          =
|area_water_sq_mi         =
|area_water_percent       =
|area_urban_km2           =
|area_urban_sq_mi         =
|area_metro_km2           =
|area_metro_sq_mi         =
|area_blank1_title        =
|area_blank1_km2          =
|area_blank1_sq_mi        =
<!-- Population   ----------------------->
|population_as_of               = 2001
|population_footnotes           =
|population_note                =
|population_total               = 31,489
|population_density_km2         =
|population_density_sq_mi       =
|population_metro               =
|population_density_metro_km2   =
|population_density_metro_sq_mi =
|population_urban               =
|population_density_urban_km2   =
|population_density_urban_sq_mi =
|population_blank1_title        =Ethnicities
|population_blank1              =
|population_blank2_title        =Religions
|population_blank2              =
|population_density_blank1_km2 =   
|population_density_blank1_sq_mi =
<!-- General information  --------------->
|timezone               = BOT
|utc_offset             = -4
|timezone_DST           = 
|utc_offset_DST         = 
|coordinates            = {{coord|17|22|S|66|22|W|display=inline}}
|elevation_footnotes    =  <!--for references: use <ref> </ref> tags-->
|elevation_m            =
|elevation_ft           =
<!-- Area/postal codes & others -------->
|postal_code_type       =  <!-- enter ZIP code, Postcode, Post code, Postal code... -->
|postal_code            =
|area_code              =
|blank_name             =
|blank_info             =
|blank1_name            =
|blank1_info            =
|website                = 
|footnotes              = 
}}",,27,,NA,NA,Municipality,NA,NA,NA,NA,Bolivia,bottom,Location within Bolivia,Country,Bolivia,Department,Cochabamba Department,Mayor,Pacifico Otalora Encinas (2007),Foundation,NA,NA,"31,489",2001,NA,NA,NA,NA,NA,BOT,NA,NA,NA,NA,Vinto,NA,Wint'u,NA,NA,NA,NA,NA,NA,NA,NA,NA,NA,NA,NA,NA,NA,NA,NA,NA,NA,NA,NA,Province,Quillacollo Province,Seat,Vinto,NA,NA,President,Carlos García Canedo (2007),NA,NA,NA,NA,NA,NA,NA,NA,NA,NA,NA,Imperial,NA,NA,NA,NA,NA,NA,NA,NA,NA,NA,NA,NA,NA,NA,NA,NA,NA,NA,NA,NA,NA,Ethnicities,NA,Religions,NA,NA,NA,-4,NA,NA,NA,NA,NA,NA,NA,NA,NA,NA,NA,NA,NA,NA,NA,NA,NA,NA,NA,NA,NA,NA,NA,NA,NA,NA,NA,NA,NA,NA,NA,NA,NA,NA,NA,NA,NA,NA,NA,NA,NA,NA,NA,NA,NA,NA,NA
0,Achacachi Municipality,Category:Municipalities of La Paz Department (Bolivia),23466073,6639,Q1819965,https://en.wikipedia.org/wiki/Achacachi_Municipality,6634,0,2,2001,"{{Infobox settlement
<!-- See Template:Infobox settlement for additional fields and descriptions -->
<!-- Basic info  ---------------->
|official_name          = Achacachi Municipality
|other_name             =
|native_name            = 
|nickname               = 
|settlement_type        = Municipality 
|motto                  =
<!-- images and maps  ----------->
|image_skyline          = Titicacabolivia.JPG
|imagesize              = 250px
|image_caption          =  Lake [[Wiñaymarka]], the southern part of [[Lake Titicaca]]
|image_flag             = 
|flag_size              =
|image_seal             = 
|seal_size              =
|image_shield           = 
|shield_size            =
|image_blank_emblem     =
|blank_emblem_type      =
|blank_emblem_size      =
|image_map              = 
|mapsize                = 
|map_caption            = 
|image_map1             = 
|mapsize1               = 
|map_caption1           = 
|image_dot_map          =
|dot_mapsize            =
|dot_map_caption        =
|dot_x =  |dot_y =
|pushpin_map            = Bolivia<!-- the name of a location map as per http://en.wikipedia.org/wiki/Template:Location_map -->
|pushpin_label_position =bottom
|pushpin_map_caption    =Location of the Achacachi  Municipality within Bolivia
<!-- Location ------------------>
|subdivision_type       = Country
|subdivision_name       = [[Image:Flag of Bolivia.svg|25px]] [[Bolivia]]
|subdivision_type1      = [[Departments of Bolivia|Department]]
|subdivision_name1      = [[La Paz Department (Bolivia)|La Paz Department]]
|subdivision_type2      = [[Provinces of Bolivia|Province]]
|subdivision_name2      = [[Omasuyos Province]]
<!-- Smaller parts (e.g. boroughs of a city) and seat of government -->
|seat_type              = Seat
|seat                   = [[Achacachi]] 
<!-- Politics ----------------->
|government_footnotes   =
|government_type        = 
|leader_title           = Mayor
|leader_name            = Constancio Gutierrez 
|leader_title1          =President<!-- for places with, say, both a mayor and a city manager -->
|leader_name1           = Bernabé Paucara Bautista  (2007)
|leader_title2          = 
|leader_name2           = 
|leader_title3          =
|leader_name3           =
|leader_title4          =
|leader_name4           =
|established_title      = Foundation<!-- Settled -->
|established_date       = 
|established_title2     =  <!-- Incorporated (town) -->
|established_date2      = 
|established_title3     =  <!-- Incorporated (city) -->
|established_date3      =
<!-- Area    --------------------->
|area_magnitude         = 
|unit_pref                =Imperial <!--Enter: Imperial, if Imperial (metric) is desired-->
|area_footnotes           =
|area_total_km2           = 1072 <!-- ALL fields dealing with a measurements are subject to automatic unit conversion-->
|area_land_km2            = <!--See table @ Template:Infobox Settlement for details on automatic unit conversion-->
|area_water_km2           =
|area_total_sq_mi         =
|area_land_sq_mi          =
|area_water_sq_mi         =
|area_water_percent       =
|area_urban_km2           =
|area_urban_sq_mi         =
|area_metro_km2           =
|area_metro_sq_mi         =
|area_blank1_title        =
|area_blank1_km2          =
|area_blank1_sq_mi        =
<!-- Population   ----------------------->
|population_as_of               = 2001
|population_footnotes           =
|population_note                =
|population_total               = 70503
|population_density_km2         =
|population_density_sq_mi       =
|population_metro               =
|population_density_metro_km2   =
|population_density_metro_sq_mi =
|population_urban               =
|population_density_urban_km2   =
|population_density_urban_sq_mi =
|population_blank1_title        =Ethnicities
|population_blank1              =[[Aymara people|Aymara]]
|population_blank2_title        =Religions
|population_blank2              =
|population_density_blank1_km2 =   
|population_density_blank1_sq_mi =
<!-- General information  --------------->
|timezone               = BOT
|utc_offset             = -4
|timezone_DST           = 
|utc_offset_DST         = 
|coordinates            = {{coord|16|5|0|S|68|40|0|W|region:BO|display=inline,title}}
|elevation_footnotes    =  <!--for references: use <ref> </ref> tags-->
|elevation_m            =3823
|elevation_ft           =
<!-- Area/postal codes & others -------->
|postal_code_type       =  <!-- enter ZIP code, Postcode, Post code, Postal code... -->
|postal_code            =
|area_code              =
|blank_name             =
|blank_info             =
|blank1_name            =
|blank1_info            =
|website                = http://www.achacachi.gob.bo/index.php
|footnotes              = 
}}",,33,,NA,Titicacabolivia.JPG,Municipality,NA,NA,NA,NA,Bolivia,bottom,Location of the Achacachi Municipality within Bolivia,Country,25px Bolivia,Department,La Paz Department,Mayor,Constancio Gutierrez,Foundation,NA,NA,70503,2001,NA,1072,NA,3823,NA,BOT,http://www.achacachi.gob.bo/index.php,NA,NA,NA,Achacachi Municipality,NA,NA,NA,NA,250px,"Lake Wiñaymarka, the southern part of Lake Titicaca",NA,NA,NA,NA,NA,NA,NA,NA,NA,NA,NA,NA,NA,NA,NA,NA,Province,Omasuyos Province,Seat,Achacachi,NA,NA,President,Bernabé Paucara Bautista (2007),NA,NA,NA,NA,NA,NA,NA,NA,NA,NA,NA,Imperial,NA,NA,NA,NA,NA,NA,NA,NA,NA,NA,NA,NA,NA,NA,NA,NA,NA,NA,NA,NA,NA,Ethnicities,Aymara,Religions,NA,NA,NA,-4,NA,NA,NA,NA,NA,NA,NA,NA,NA,NA,NA,NA,NA,NA,NA,NA,NA,NA,NA,NA,NA,NA,NA,NA,NA,NA,NA,NA,NA,NA,NA,NA,NA,NA,NA,NA,NA,NA,NA,NA,NA,NA,NA,NA,NA,NA,NA
0,Achocalla Municipality,Category:Municipalities of La Paz Department (Bolivia),23465342,5559,Q1552057,https://en.wikipedia.org/wiki/Achocalla_Municipality,5534,0,1,2001,"{{Infobox settlement
<!-- See Template:Infobox settlement for additional fields and descriptions -->
<!-- Basic info  ---------------->
|official_name          = Achocalla Municipality
|other_name             =
|native_name            = 
|nickname               = 
|settlement_type        = Municipality 
|motto                  =
<!-- images and maps  ----------->
|image_skyline          = Achocalla hacia Río de la Paz.jpg
|imagesize              = 250px
|image_caption          =  Achocalla / Achuqalla
|image_flag             = 
|flag_size              =
|image_seal             = 
|seal_size              =
|image_shield           = 
|shield_size            =
|image_blank_emblem     =
|blank_emblem_type      =
|blank_emblem_size      =
|image_map              = 
|mapsize                = 
|map_caption            = 
|image_map1             = 
|mapsize1               = 
|map_caption1           = 
|image_dot_map          =
|dot_mapsize            =
|dot_map_caption        =
|dot_x =  |dot_y =
|pushpin_map            = Bolivia<!-- the name of a location map as per http://en.wikipedia.org/wiki/Template:Location_map -->
|pushpin_label_position =bottom
|pushpin_map_caption    =Location of the Achocalla Municipality within Bolivia
<!-- Location ------------------>
|subdivision_type       = Country
|subdivision_name       = [[Image:Flag of Bolivia.svg|25px]] [[Bolivia]]
|subdivision_type1      = [[Departments of Bolivia|Department]]
|subdivision_name1      = [[La Paz Department (Bolivia)|La Paz Department]]
|subdivision_type2      = [[Provinces of Bolivia|Province]]
|subdivision_name2      = [[Pedro Domingo Murillo Province]]
<!-- Smaller parts (e.g. boroughs of a city) and seat of government -->
|seat_type              = Seat
|seat                   = [[Achocalla]] 
<!-- Politics ----------------->
|government_footnotes   =
|government_type        = 
|leader_title           = Mayor
|leader_name            = René Pérez Alejo (2007)
|leader_title1          =President<!-- for places with, say, both a mayor and a city manager -->
|leader_name1           = Max Carlos Torrez Mamani  (2007)
|leader_title2          = 
|leader_name2           = 
|leader_title3          =
|leader_name3           =
|leader_title4          =
|leader_name4           =
|established_title      = Foundation<!-- Settled -->
|established_date       = 
|established_title2     =  <!-- Incorporated (town) -->
|established_date2      = 
|established_title3     =  <!-- Incorporated (city) -->
|established_date3      =
<!-- Area    --------------------->
|area_magnitude         = 
|unit_pref                =Imperial <!--Enter: Imperial, if Imperial (metric) is desired-->
|area_footnotes           =
|area_total_km2           = 193 <!-- ALL fields dealing with a measurements are subject to automatic unit conversion-->
|area_land_km2            = <!--See table @ Template:Infobox Settlement for details on automatic unit conversion-->
|area_water_km2           =
|area_total_sq_mi         =
|area_land_sq_mi          =
|area_water_sq_mi         =
|area_water_percent       =
|area_urban_km2           =
|area_urban_sq_mi         =
|area_metro_km2           =
|area_metro_sq_mi         =
|area_blank1_title        =
|area_blank1_km2          =
|area_blank1_sq_mi        =
<!-- Population   ----------------------->
|population_as_of               = 2001
|population_footnotes           =
|population_note                =
|population_total               = 15110 
|population_density_km2         =
|population_density_sq_mi       =
|population_metro               =
|population_density_metro_km2   =
|population_density_metro_sq_mi =
|population_urban               =
|population_density_urban_km2   =
|population_density_urban_sq_mi =
|population_blank1_title        =Ethnicities
|population_blank1              =
|population_blank2_title        =Religions
|population_blank2              =
|population_density_blank1_km2 =   
|population_density_blank1_sq_mi =
<!-- General information  --------------->
|timezone               = BOT
|utc_offset             = -4
|timezone_DST           = 
|utc_offset_DST         = 
|coordinates            = {{coord|16|36|0|S|68|9|0|W|region:BO|display=inline,title}}
|elevation_footnotes    =  <!--for references: use <ref> </ref> tags-->
|elevation_m            =3600
|elevation_ft           =
<!-- Area/postal codes & others -------->
|postal_code_type       =  <!-- enter ZIP code, Postcode, Post code, Postal code... -->
|postal_code            =
|area_code              =
|blank_name             =
|blank_info             =
|blank1_name            =
|blank1_info            =
|website                = 
|footnotes              = 
}}",,31,,NA,Achocalla hacia Río de la Paz.jpg,Municipality,NA,NA,NA,NA,Bolivia,bottom,Location of the Achocalla Municipality within Bolivia,Country,25px Bolivia,Department,La Paz Department,Mayor,René Pérez Alejo (2007),Foundation,NA,NA,15110,2001,NA,193,NA,3600,NA,BOT,NA,NA,NA,NA,Achocalla Municipality,NA,NA,NA,NA,250px,Achocalla / Achuqalla,NA,NA,NA,NA,NA,NA,NA,NA,NA,NA,NA,NA,NA,NA,NA,NA,Province,Pedro Domingo Murillo Province,Seat,Achocalla,NA,NA,President,Max Carlos Torrez Mamani (2007),NA,NA,NA,NA,NA,NA,NA,NA,NA,NA,NA,Imperial,NA,NA,NA,NA,NA,NA,NA,NA,NA,NA,NA,NA,NA,NA,NA,NA,NA,NA,NA,NA,NA,Ethnicities,NA,Religions,NA,NA,NA,-4,NA,NA,NA,NA,NA,NA,NA,NA,NA,NA,NA,NA,NA,NA,NA,NA,NA,NA,NA,NA,NA,NA,NA,NA,NA,NA,NA,NA,NA,NA,NA,NA,NA,NA,NA,NA,NA,NA,NA,NA,NA,NA,NA,NA,NA,NA,NA
0,Alto Beni Municipality,Category:Municipalities of La Paz Department (Bolivia),28859013,5536,Q1952850,https://en.wikipedia.org/wiki/Alto_Beni_Municipality,5501,1,2,,"{{Infobox settlement
<!-- See Template:Infobox settlement for additional fields and descriptions -->
<!-- Basic info  ---------------->
|official_name          = Alto Beni Municipality 
|other_name             =
|native_name            = 
|nickname               = 
|settlement_type        = Municipality 
|motto                  =
<!-- images and maps  ----------->
|image_skyline          = 
|imagesize              = 
|image_caption          = 
|image_flag             = 
|flag_size              =
|image_seal             = 
|seal_size              =
|image_shield           = 
|shield_size            =
|image_blank_emblem     =
|blank_emblem_type      =
|blank_emblem_size      =
|image_map              = 
|mapsize                = 
|map_caption            = 
|image_map1             = 
|mapsize1               = 
|map_caption1           = 
|image_dot_map          =
|dot_mapsize            =
|dot_map_caption        =
|dot_x =  |dot_y =
|pushpin_map            = Bolivia<!-- the name of a location map as per http://en.wikipedia.org/wiki/Template:Location_map -->
|pushpin_label_position =bottom
|pushpin_map_caption    =Location of the Alto Beni Municipality within Bolivia
<!-- Location ------------------>
|subdivision_type       = Country
|subdivision_name       = [[Image:Flag of Bolivia.svg|25px]] [[Bolivia]]
|subdivision_type1      = [[Departments of Bolivia|Department]]
|subdivision_name1      = [[La Paz Department (Bolivia)|La Paz Department]]
|subdivision_type2      = [[Provinces of Bolivia|Province]]
|subdivision_name2      = [[Caranavi Province]]
<!-- Smaller parts (e.g. boroughs of a city) and seat of government -->
|seat_type              = Seat
|seat                   = [[Caserío Nueve]] 
<!-- Politics ----------------->
|government_footnotes   =
|government_type        = 
|leader_title           = Mayor
|leader_name            = Joaquín Benito Mamani ([[Movement for Socialism – Political Instrument for the Sovereignty of the Peoples|MAS-IPSP]]; 2010)
|leader_title1          = <!-- for places with, say, both a mayor and a city manager -->
|leader_name1           = 
|leader_title2          = 
|leader_name2           = 
|leader_title3          =
|leader_name3           =
|leader_title4          =
|leader_name4           =
|established_title      = Foundation<!-- Settled -->
|established_date       = 
|established_title2     =  Incorporated (municipality)
|established_date2      = 23 December 2009
|established_title3     =  <!-- Incorporated (city) -->
|established_date3      =
<!-- Area    --------------------->
|area_magnitude         = 
|unit_pref                =Imperial <!--Enter: Imperial, if Imperial (metric) is desired-->
|area_footnotes           =
|area_total_km2           =  <!-- ALL fields dealing with a measurements are subject to automatic unit conversion-->
|area_land_km2            = <!--See table @ Template:Infobox Settlement for details on automatic unit conversion-->
|area_water_km2           =
|area_total_sq_mi         =
|area_land_sq_mi          =
|area_water_sq_mi         =
|area_water_percent       =
|area_urban_km2           =
|area_urban_sq_mi         =
|area_metro_km2           =
|area_metro_sq_mi         =
|area_blank1_title        =
|area_blank1_km2          =
|area_blank1_sq_mi        =
<!-- Population   ----------------------->
|population_as_of               = 
|population_footnotes           =
|population_note                =
|population_total               = 
|population_density_km2         =
|population_density_sq_mi       =
|population_metro               =
|population_density_metro_km2   =
|population_density_metro_sq_mi =
|population_urban               =
|population_density_urban_km2   =
|population_density_urban_sq_mi =
|population_blank1_title        =Ethnicities
|population_blank1              =
|population_blank2_title        =Religions
|population_blank2              =
|population_density_blank1_km2 =   
|population_density_blank1_sq_mi =
<!-- General information  --------------->
|timezone               = BOT
|utc_offset             = -4
|timezone_DST           = 
|utc_offset_DST         = 
|coordinates            = {{coord|15|48|0|S|67|12|0|W|region:BO|display=inline,title}}
|elevation_footnotes    =  <!--for references: use <ref> </ref> tags-->
|elevation_m            =
|elevation_ft           =
<!-- Area/postal codes & others -------->
|postal_code_type       =  <!-- enter ZIP code, Postcode, Post code, Postal code... -->
|postal_code            =
|area_code              =
|blank_name             =
|blank_info             =
|blank1_name            =
|blank1_info            =
|website                = 
|footnotes              = 
}}",,24,,NA,NA,Municipality,NA,NA,NA,NA,Bolivia,bottom,Location of the Alto Beni Municipality within Bolivia,Country,25px Bolivia,Department,La Paz Department,Mayor,Joaquín Benito Mamani (MAS-IPSP; 2010),Foundation,NA,NA,NA,NA,NA,NA,NA,NA,NA,BOT,NA,NA,NA,NA,Alto Beni Municipality,NA,NA,NA,NA,NA,NA,NA,NA,NA,NA,NA,NA,NA,NA,NA,NA,NA,NA,NA,NA,NA,NA,Province,Caranavi Province,Seat,Caserío Nueve,NA,NA,NA,NA,NA,NA,NA,NA,NA,NA,Incorporated (municipality),23 December 2009,NA,NA,NA,Imperial,NA,NA,NA,NA,NA,NA,NA,NA,NA,NA,NA,NA,NA,NA,NA,NA,NA,NA,NA,NA,NA,Ethnicities,NA,Religions,NA,NA,NA,-4,NA,NA,NA,NA,NA,NA,NA,NA,NA,NA,NA,NA,NA,NA,NA,NA,NA,NA,NA,NA,NA,NA,NA,NA,NA,NA,NA,NA,NA,NA,NA,NA,NA,NA,NA,NA,NA,NA,NA,NA,NA,NA,NA,NA,NA,NA,NA
0,Ancoraimes Municipality,Category:Municipalities of La Paz Department (Bolivia),23466163,6769,Q224511,https://en.wikipedia.org/wiki/Ancoraimes_Municipality,6765,1,10,2001,"{{Infobox settlement
<!-- See Template:Infobox settlement for additional fields and descriptions -->
<!-- Basic info  ---------------->
|official_name          = Ancoraimes 
|other_name             =
|native_name            = Janq'u Laymi
|nickname               = 
|settlement_type        = Municipality 
|motto                  =
<!-- images and maps  ----------->
|image_skyline          = Bolivia 1 Livelihoods 17 (10726218584).jpg
|imagesize              = 250px
|image_caption          = Children play outside school in the community of Maquilaya, Ancoraimes Municipality.
|image_flag             = 
|flag_size              =
|image_seal             = 
|seal_size              =
|image_shield           = 
|shield_size            =
|image_blank_emblem     =
|blank_emblem_type      =
|blank_emblem_size      =
|image_map              = 
|mapsize                = 
|map_caption            = 
|image_map1             = 
|mapsize1               = 
|map_caption1           = 
|image_dot_map          =
|pushpin_map            = Bolivia<!-- the name of a location map as per http://en.wikipedia.org/wiki/Template:Location_map -->
|pushpin_label_position =bottom
|pushpin_map_caption    =Location of the Ancoraimes Municipality within Bolivia
<!-- Location ------------------>
|subdivision_type       = Country
|subdivision_name       = [[Image:Flag of Bolivia.svg|25px]] [[Bolivia]]
|subdivision_type1      = [[Departments of Bolivia|Department]]
|subdivision_name1      = [[La Paz Department (Bolivia)|La Paz Department]]
|subdivision_type2      = [[Provinces of Bolivia|Province]]
|subdivision_name2      = [[Omasuyos Province]]
<!-- Smaller parts (e.g. boroughs of a city) and seat of government -->
|seat_type              = Seat
|seat                   = [[Ancoraimes]] 
<!-- Politics ----------------->
|government_footnotes   =
|government_type        = 
|leader_title           = Mayor
|leader_name            = Froilan Mamani Mayta (2007)
|leader_title1          =President<!-- for places with, say, both a mayor and a city manager -->
|leader_name1           = Genaro Quispe Poma (2007)
|leader_title2          = 
|leader_name2           = 
|leader_title3          =
|leader_name3           =
|leader_title4          =
|leader_name4           =
|established_title      = Foundation<!-- Settled -->
|established_date       = 
|established_title2     =  <!-- Incorporated (town) -->
|established_date2      = 
|established_title3     =  <!-- Incorporated (city) -->
|established_date3      =
<!-- Area    --------------------->
|area_magnitude         = 
|unit_pref                =Imperial <!--Enter: Imperial, if Imperial (metric) is desired-->
|area_footnotes           =
|area_total_km2           = 324 <!-- ALL fields dealing with a measurements are subject to automatic unit conversion-->
|area_land_km2            = <!--See table @ Template:Infobox Settlement for details on automatic unit conversion-->
|area_water_km2           =
|area_total_sq_mi         =
|area_land_sq_mi          =
|area_water_sq_mi         =
|area_water_percent       =
|area_urban_km2           =
|area_urban_sq_mi         =
|area_metro_km2           =
|area_metro_sq_mi         =
|area_blank1_title        =
|area_blank1_km2          =
|area_blank1_sq_mi        =
<!-- Population   ----------------------->
|population_as_of               = 2001
|population_footnotes           =
|population_note                =
|population_total               = 15199 
|population_density_km2         =
|population_density_sq_mi       =
|population_metro               =
|population_density_metro_km2   =
|population_density_metro_sq_mi =
|population_urban               =
|population_density_urban_km2   =
|population_density_urban_sq_mi =
|population_blank1_title        =Ethnicities
|population_blank1              =
|population_blank2_title        =Religions
|population_blank2              =
|population_density_blank1_km2 =   
|population_density_blank1_sq_mi =
<!-- General information  --------------->
|timezone               = BOT
|utc_offset             = -4
|timezone_DST           = 
|utc_offset_DST         = 
|coordinates            = {{coord|15|50|0|S|68|50|0|W|region:BO|display=inline,title}}
|elevation_footnotes    =  <!--for references: use <ref> </ref> tags-->
|elevation_m            =3900
|elevation_ft           =
<!-- Area/postal codes & others -------->
|postal_code_type       =  <!-- enter ZIP code, Postcode, Post code, Postal code... -->
|postal_code            =
|area_code              =
|blank_name             =
|blank_info             =
|blank1_name            =
|blank1_info            =
|website                = 
|footnotes              = 
}}",,32,,NA,Bolivia 1 Livelihoods 17 (10726218584).jpg,Municipality,NA,NA,NA,NA,Bolivia,bottom,Location of the Ancoraimes Municipality within Bolivia,Country,25px Bolivia,Department,La Paz Department,Mayor,Froilan Mamani Mayta (2007),Foundation,NA,NA,15199,2001,NA,324,NA,3900,NA,BOT,NA,NA,NA,NA,Ancoraimes,NA,Janq'u Laymi,NA,NA,250px,"Children play outside school in the community of Maquilaya, Ancoraimes Municipality.",NA,NA,NA,NA,NA,NA,NA,NA,NA,NA,NA,NA,NA,NA,NA,NA,Province,Omasuyos Province,Seat,Ancoraimes,NA,NA,President,Genaro Quispe Poma (2007),NA,NA,NA,NA,NA,NA,NA,NA,NA,NA,NA,Imperial,NA,NA,NA,NA,NA,NA,NA,NA,NA,NA,NA,NA,NA,NA,NA,NA,NA,NA,NA,NA,NA,Ethnicities,NA,Religions,NA,NA,NA,-4,NA,NA,NA,NA,NA,NA,NA,NA,NA,NA,NA,NA,NA,NA,NA,NA,NA,NA,NA,NA,NA,NA,NA,NA,NA,NA,NA,NA,NA,NA,NA,NA,NA,NA,NA,NA,NA,NA,NA,NA,NA,NA,NA,NA,NA,NA,NA
0,Apolo Municipality,Category:Municipalities of La Paz Department (Bolivia),23467404,7956,Q1544572,https://en.wikipedia.org/wiki/Apolo_Municipality,7923,0,3,2001,"{{Infobox settlement
<!--See the Table at Infobox Settlement for all fields and descriptions of usage-->
<!-- Basic info  ---------------->
|official_name          = Apolo Municipality
|other_name             =
|native_name            = 
|nickname               = 
|settlement_type        = Municipality 
|motto                  =
<!-- images and maps  ----------->
|image_skyline          = 
|imagesize              = 250px
|image_caption          =  
|image_flag             = 
|flag_size              =
|image_seal             = 
|seal_size              =
|image_shield           = 
|shield_size            =
|image_blank_emblem     =
|blank_emblem_type      =
|blank_emblem_size      =
|image_map              = 
|mapsize                = 
|map_caption            = 
|image_map1             = 
|mapsize1               = 
|map_caption1           = 
|image_dot_map          =
|dot_mapsize            =
|dot_map_caption        =
|dot_x =  |dot_y =
|pushpin_map            = Bolivia<!-- the name of a location map as per http://en.wikipedia.org/wiki/Template:Location_map -->
|pushpin_label_position =bottom
|pushpin_map_caption    =Location of the Apolo Municipality within Bolivia
<!-- Location ------------------>
|subdivision_type       = Country
|subdivision_name       = [[Image:Flag of Bolivia.svg|25px]] [[Bolivia]]
|subdivision_type1      = [[Departments of Bolivia|Department]]
|subdivision_name1      = [[La Paz Department (Bolivia)|La Paz Department]]
|subdivision_type2      = [[Provinces of Bolivia|Province]]
|subdivision_name2      = [[Franz Tamayo Province]]
<!-- Smaller parts (e.g. boroughs of a city) and seat of government -->
|seat_type              = Seat
|seat                   = [[Apolo, La Paz|Apolo]] 
<!-- Politics ----------------->
|government_footnotes   =
|government_type        = 
|leader_title           = Mayor
|leader_name            = Alejandro Huanca Gemio (2007)
|leader_title1          =President<!-- for places with, say, both a mayor and a city manager -->
|leader_name1           = Felix Oblitas Garcia (2007)
|leader_title2          = 
|leader_name2           = 
|leader_title3          =
|leader_name3           =
|leader_title4          =
|leader_name4           =
|established_title      = Foundation<!-- Settled -->
|established_date       = 
|established_title2     =  <!-- Incorporated (town) -->
|established_date2      = 
|established_title3     =  <!-- Incorporated (city) -->
|established_date3      =
<!-- Area    --------------------->
|area_magnitude         = 
|unit_pref                =Imperial <!--Enter: Imperial, if Imperial (metric) is desired-->
|area_footnotes           =
|area_total_km2           = 13781 <!-- ALL fields dealing with a measurements are subject to automatic unit conversion-->
|area_land_km2            = <!--See table @ Template:Infobox Settlement for details on automatic unit conversion-->
|area_water_km2           =
|area_total_sq_mi         =
|area_land_sq_mi          =
|area_water_sq_mi         =
|area_water_percent       =
|area_urban_km2           =
|area_urban_sq_mi         =
|area_metro_km2           =
|area_metro_sq_mi         =
|area_blank1_title        =
|area_blank1_km2          =
|area_blank1_sq_mi        =
<!-- Population   ----------------------->
|population_as_of               = 2001
|population_footnotes           =
|population_note                =
|population_total               = 13271 
|population_density_km2         =
|population_density_sq_mi       =
|population_metro               =
|population_density_metro_km2   =
|population_density_metro_sq_mi =
|population_urban               =
|population_density_urban_km2   =
|population_density_urban_sq_mi =
|population_blank1_title        =Ethnicities
|population_blank1              =[[Quechua people|Quechua]]
|population_blank2_title        =Religions
|population_blank2              =
|population_density_blank1_km2 =   
|population_density_blank1_sq_mi =
<!-- General information  --------------->
|timezone               = BOT
|utc_offset             = -4
|timezone_DST           = 
|utc_offset_DST         = 
|coordinates            = {{coord|14|30|0|S|68|15|0|W|region:BO|display=inline,title}}
|elevation_footnotes    =  <!--for references: use <ref> </ref> tags-->
|elevation_m            =1400
|elevation_ft           =
<!-- Area/postal codes & others -------->
|postal_code_type       =  <!-- enter ZIP code, Postcode, Post code, Postal code... -->
|postal_code            =
|area_code              =
|blank_name             =
|blank_info             =
|blank1_name            =
|blank1_info            =
|website                = 
|footnotes              = 
}}",,30,,NA,NA,Municipality,NA,NA,NA,NA,Bolivia,bottom,Location of the Apolo Municipality within Bolivia,Country,25px Bolivia,Department,La Paz Department,Mayor,Alejandro Huanca Gemio (2007),Foundation,NA,NA,13271,2001,NA,13781,NA,1400,NA,BOT,NA,NA,NA,NA,Apolo Municipality,NA,NA,NA,NA,250px,NA,NA,NA,NA,NA,NA,NA,NA,NA,NA,NA,NA,NA,NA,NA,NA,NA,Province,Franz Tamayo Province,Seat,Apolo,NA,NA,President,Felix Oblitas Garcia (2007),NA,NA,NA,NA,NA,NA,NA,NA,NA,NA,NA,Imperial,NA,NA,NA,NA,NA,NA,NA,NA,NA,NA,NA,NA,NA,NA,NA,NA,NA,NA,NA,NA,NA,Ethnicities,Quechua,Religions,NA,NA,NA,-4,NA,NA,NA,NA,NA,NA,NA,NA,NA,NA,NA,NA,NA,NA,NA,NA,NA,NA,NA,NA,NA,NA,NA,NA,NA,NA,NA,NA,NA,NA,NA,NA,NA,NA,NA,NA,NA,NA,NA,NA,NA,NA,NA,NA,NA,NA,NA
0,Aucapata Municipality,Category:Municipalities of La Paz Department (Bolivia),21296109,6698,Q287053,https://en.wikipedia.org/wiki/Aucapata_Municipality,6692,2,3,2001,"{{Infobox settlement
<!--See the Table at Infobox Settlement for all fields and descriptions of usage-->
<!-- Basic info  ---------------->
|official_name          = Aucapata
|other_name             =
|native_name            = Awqapata
|nickname               = 
|settlement_type        = Municipality 
|motto                  =
<!-- images and maps  ----------->
|image_skyline          = Ruinas de una vivienda de la ciudadela de Iskanwaya.jpg
|imagesize              = 250px
|image_caption          = Ruins at the archaeological site of [[Iskanwaya]] in the Aucapata Municipality
|image_flag             = 
|flag_size              =
|image_seal             = 
|seal_size              =
|image_shield           = 
|shield_size            =
|image_blank_emblem     =
|blank_emblem_type      =
|blank_emblem_size      =
|image_map              = 
|mapsize                = 
|map_caption            = 
|image_map1             = 
|mapsize1               = 
|map_caption1           = 
|image_dot_map          =
|dot_mapsize            =
|dot_map_caption        =
|dot_x =  |dot_y =
|pushpin_map            = Bolivia<!-- the name of a location map as per http://en.wikipedia.org/wiki/Template:Location_map -->
|pushpin_label_position =bottom
|pushpin_map_caption    =Location of the Aucapata Municipality within Bolivia
<!-- Location ------------------>
|subdivision_type       = Country
|subdivision_name       = [[Image:Flag of Bolivia.svg|25px]] [[Bolivia]]
|subdivision_type1      = [[Departments of Bolivia|Department]]
|subdivision_name1      = [[La Paz Department (Bolivia)|La Paz Department]]
|subdivision_type2      = [[Provinces of Bolivia|Province]]
|subdivision_name2      = [[Muñecas Province]]
<!-- Smaller parts (e.g. boroughs of a city) and seat of government -->
|seat_type              = Seat
|seat                   = [[Aucapata]] 
<!-- Politics ----------------->
|government_footnotes   =
|government_type        = 
|leader_title           = Mayor
|leader_name            = 
|leader_title1          =President<!-- for places with, say, both a mayor and a city manager -->
|leader_name1           = 
|leader_title2          = 
|leader_name2           = 
|leader_title3          =
|leader_name3           =
|leader_title4          =
|leader_name4           =
|established_title      = Foundation<!-- Settled -->
|established_date       = 
|established_title2     =  <!-- Incorporated (town) -->
|established_date2      = 
|established_title3     =  <!-- Incorporated (city) -->
|established_date3      =
<!-- Area    --------------------->
|area_magnitude         = 
|unit_pref                =Imperial <!--Enter: Imperial, if Imperial (metric) is desired-->
|area_footnotes           =
|area_total_km2           =  <!-- ALL fields dealing with a measurements are subject to automatic unit conversion-->
|area_land_km2            = <!--See table @ Template:Infobox Settlement for details on automatic unit conversion-->
|area_water_km2           =
|area_total_sq_mi         =
|area_land_sq_mi          =
|area_water_sq_mi         =
|area_water_percent       =
|area_urban_km2           =
|area_urban_sq_mi         =
|area_metro_km2           =
|area_metro_sq_mi         =
|area_blank1_title        =
|area_blank1_km2          =
|area_blank1_sq_mi        =
<!-- Population   ----------------------->
|population_as_of               = 2001
|population_footnotes           =
|population_note                =
|population_total               = 4.146<ref>{{cite web|url=http://www.ine.gob.bo/comunitaria/comunitariaVer.aspx?Depto=02&Prov=05&Seccion=03 |title=Censo de población y vivienda - 2001 |author=<!--Staff writer(s); no by-line.--> |publisher=ine.gob.bo |access-date=Jun 23, 2014 |url-status=dead |archive-url=https://web.archive.org/web/20160310204822/http://www.ine.gob.bo/comunitaria/comunitariaVer.aspx?Depto=02&Prov=05&Seccion=03 |archive-date=2016-03-10 }}</ref>  
|population_density_km2         =
|population_density_sq_mi       =
|population_metro               =
|population_density_metro_km2   =
|population_density_metro_sq_mi =
|population_urban               =
|population_density_urban_km2   =
|population_density_urban_sq_mi =
|population_blank1_title        =Ethnicities
|population_blank1              =
|population_blank2_title        =Religions
|population_blank2              =
|population_density_blank1_km2 =   
|population_density_blank1_sq_mi =
<!-- General information  --------------->
|timezone               = BOT
|utc_offset             = -4
|timezone_DST           = 
|utc_offset_DST         = 
|coordinates            = {{coord|15|25|0|S|68|40|0|W|region:BO|display=inline,title}}
|elevation_footnotes    =  <!--for references: use <ref> </ref> tags-->
|elevation_m            =
|elevation_ft           =
<!-- Area/postal codes & others -------->
|postal_code_type       =  <!-- enter ZIP code, Postcode, Post code, Postal code... -->
|postal_code            =
|area_code              =
|blank_name             =
|blank_info             =
|blank1_name            =
|blank1_info            =
|website                = 
|footnotes              = 
}}",,28,,NA,Ruinas de una vivienda de la ciudadela de Iskanwaya.jpg,Municipality,NA,NA,NA,NA,Bolivia,bottom,Location of the Aucapata Municipality within Bolivia,Country,25px Bolivia,Department,La Paz Department,Mayor,NA,Foundation,NA,NA,4.146,2001,NA,NA,NA,NA,NA,BOT,NA,NA,NA,NA,Aucapata,NA,Awqapata,NA,NA,250px,Ruins at the archaeological site of Iskanwaya in the Aucapata Municipality,NA,NA,NA,NA,NA,NA,NA,NA,NA,NA,NA,NA,NA,NA,NA,NA,Province,Muñecas Province,Seat,Aucapata,NA,NA,President,NA,NA,NA,NA,NA,NA,NA,NA,NA,NA,NA,NA,Imperial,NA,NA,NA,NA,NA,NA,NA,NA,NA,NA,NA,NA,NA,NA,NA,NA,NA,NA,NA,NA,NA,Ethnicities,NA,Religions,NA,NA,NA,-4,NA,NA,NA,NA,NA,NA,NA,NA,NA,NA,NA,NA,NA,NA,NA,NA,NA,NA,NA,NA,NA,NA,NA,NA,NA,NA,NA,NA,NA,NA,NA,NA,NA,NA,NA,NA,NA,NA,NA,NA,NA,NA,NA,NA,NA,NA,NA
0,Ayata Municipality,Category:Municipalities of La Paz Department (Bolivia),23467312,5339,Q1544657,https://en.wikipedia.org/wiki/Ayata_Municipality,5335,0,1,2001,"{{Infobox settlement
<!--See the Table at Infobox Settlement for all fields and descriptions of usage-->
<!-- Basic info  ---------------->
|official_name          = Ayata Municipality
|other_name             =
|native_name            = 
|nickname               = 
|settlement_type        = Municipality 
|motto                  =
<!-- images and maps  ----------->
|image_skyline          = 
|imagesize              = 250px
|image_caption          =  
|image_flag             = 
|flag_size              =
|image_seal             = 
|seal_size              =
|image_shield           = 
|shield_size            =
|image_blank_emblem     =
|blank_emblem_type      =
|blank_emblem_size      =
|image_map              = 
|mapsize                = 
|map_caption            = 
|image_map1             = 
|mapsize1               = 
|map_caption1           = 
|image_dot_map          =
|dot_mapsize            =
|dot_map_caption        =
|dot_x =  |dot_y =
|pushpin_map            = Bolivia<!-- the name of a location map as per http://en.wikipedia.org/wiki/Template:Location_map -->
|pushpin_label_position =bottom
|pushpin_map_caption    =Location of the Ayata Municipality within Bolivia
<!-- Location ------------------>
|subdivision_type       = Country
|subdivision_name       = [[Image:Flag of Bolivia.svg|25px]] [[Bolivia]]
|subdivision_type1      = [[Departments of Bolivia|Department]]
|subdivision_name1      = [[La Paz Department (Bolivia)|La Paz Department]]
|subdivision_type2      = [[Provinces of Bolivia|Province]]
|subdivision_name2      = [[Muñecas Province]]
<!-- Smaller parts (e.g. boroughs of a city) and seat of government -->
|seat_type              = Seat
|seat                   = [[Ayata]] 
<!-- Politics ----------------->
|government_footnotes   =
|government_type        = 
|leader_title           = Mayor
|leader_name            = Julian Jala Flores (2007)
|leader_title1          =President<!-- for places with, say, both a mayor and a city manager -->
|leader_name1           = Donato Fuentes Calderon (2007)
|leader_title2          = 
|leader_name2           = 
|leader_title3          =
|leader_name3           =
|leader_title4          =
|leader_name4           =
|established_title      = Foundation<!-- Settled -->
|established_date       = 
|established_title2     =  <!-- Incorporated (town) -->
|established_date2      = 
|established_title3     =  <!-- Incorporated (city) -->
|established_date3      =
<!-- Area    --------------------->
|area_magnitude         = 
|unit_pref                =Imperial <!--Enter: Imperial, if Imperial (metric) is desired-->
|area_footnotes           =
|area_total_km2           = 661 <!-- ALL fields dealing with a measurements are subject to automatic unit conversion-->
|area_land_km2            = <!--See table @ Template:Infobox Settlement for details on automatic unit conversion-->
|area_water_km2           =
|area_total_sq_mi         =
|area_land_sq_mi          =
|area_water_sq_mi         =
|area_water_percent       =
|area_urban_km2           =
|area_urban_sq_mi         =
|area_metro_km2           =
|area_metro_sq_mi         =
|area_blank1_title        =
|area_blank1_km2          =
|area_blank1_sq_mi        =
<!-- Population   ----------------------->
|population_as_of               = 2001
|population_footnotes           =
|population_note                =
|population_total               = 8143 
|population_density_km2         =
|population_density_sq_mi       =
|population_metro               =
|population_density_metro_km2   =
|population_density_metro_sq_mi =
|population_urban               =
|population_density_urban_km2   =
|population_density_urban_sq_mi =
|population_blank1_title        =Ethnicities
|population_blank1              =
|population_blank2_title        =Religions
|population_blank2              =
|population_density_blank1_km2 =   
|population_density_blank1_sq_mi =
<!-- General information  --------------->
|timezone               = BOT
|utc_offset             = -4
|timezone_DST           = 
|utc_offset_DST         = 
|coordinates            = {{coord|15|15|0|S|68|45|0|W|region:BO|display=inline,title}}
|elevation_footnotes    =  <!--for references: use <ref> </ref> tags-->
|elevation_m            =4000
|elevation_ft           =
<!-- Area/postal codes & others -------->
|postal_code_type       =  <!-- enter ZIP code, Postcode, Post code, Postal code... -->
|postal_code            =
|area_code              =
|blank_name             =
|blank_info             =
|blank1_name            =
|blank1_info            =
|website                = 
|footnotes              = 
}}",,29,,NA,NA,Municipality,NA,NA,NA,NA,Bolivia,bottom,Location of the Ayata Municipality within Bolivia,Country,25px Bolivia,Department,La Paz Department,Mayor,Julian Jala Flores (2007),Foundation,NA,NA,8143,2001,NA,661,NA,4000,NA,BOT,NA,NA,NA,NA,Ayata Municipality,NA,NA,NA,NA,250px,NA,NA,NA,NA,NA,NA,NA,NA,NA,NA,NA,NA,NA,NA,NA,NA,NA,Province,Muñecas Province,Seat,Ayata,NA,NA,President,Donato Fuentes Calderon (2007),NA,NA,NA,NA,NA,NA,NA,NA,NA,NA,NA,Imperial,NA,NA,NA,NA,NA,NA,NA,NA,NA,NA,NA,NA,NA,NA,NA,NA,NA,NA,NA,NA,NA,Ethnicities,NA,Religions,NA,NA,NA,-4,NA,NA,NA,NA,NA,NA,NA,NA,NA,NA,NA,NA,NA,NA,NA,NA,NA,NA,NA,NA,NA,NA,NA,NA,NA,NA,NA,NA,NA,NA,NA,NA,NA,NA,NA,NA,NA,NA,NA,NA,NA,NA,NA,NA,NA,NA,NA
0,Ayo Ayo Municipality,Category:Municipalities of La Paz Department (Bolivia),24861575,4976,Q490965,https://en.wikipedia.org/wiki/Ayo_Ayo_Municipality,4975,0,1,2001,"{{Infobox settlement
<!-- See Template:Infobox settlement for additional fields and descriptions -->
<!-- Basic info  ---------------->
|official_name          = Ayo Ayo Municipality
|other_name             =
|native_name            = 
|nickname               = 
|settlement_type        = Municipality 
|motto                  =
<!-- images and maps  ----------->
|image_skyline          =
|imagesize              = 
|image_caption          =  
|image_flag             = 
|flag_size              =
|image_seal             = 
|seal_size              =
|image_shield           = 
|shield_size            =
|image_blank_emblem     =
|blank_emblem_type      =
|blank_emblem_size      =
|image_map              = 
|mapsize                = 
|map_caption            = 
|image_map1             = 
|mapsize1               = 
|map_caption1           = 
|image_dot_map          =
|dot_mapsize            =
|dot_map_caption        =
|dot_x =  |dot_y =
|pushpin_map            =Bolivia<!-- the name of a location map as per http://en.wikipedia.org/wiki/Template:Location_map -->
|pushpin_label_position =bottom
|pushpin_map_caption    =Location within Bolivia
<!-- Location ------------------>
|subdivision_type       = Country
|subdivision_name       ={{flag|Bolivia}}
|subdivision_type1      = [[Departments of Bolivia|Department]]
|subdivision_name1      = [[La Paz Department (Bolivia)|La Paz Department]]
|subdivision_type2      = [[Provinces of Bolivia|Province]]
|subdivision_name2      = [[Aroma Province]]
<!-- Smaller parts (e.g. boroughs of a city) and seat of government -->
|seat_type              = Seat
|seat                   = [[Ayo Ayo]] 
<!-- Politics ----------------->
|government_footnotes   =
|government_type        = 
|leader_title           = Mayor
|leader_name            = 
|leader_title1          =President<!-- for places with, say, both a mayor and a city manager -->
|leader_name1           =
|leader_title2          = 
|leader_name2           = 
|leader_title3          =
|leader_name3           =
|leader_title4          =
|leader_name4           =
|established_title      = Foundation<!-- Settled -->
|established_date       = 
|established_title2     =  <!-- Incorporated (town) -->
|established_date2      = 
|established_title3     =  <!-- Incorporated (city) -->
|established_date3      =
<!-- Area    --------------------->
|area_magnitude         = 
|unit_pref                =Imperial <!--Enter: Imperial, if Imperial (metric) is desired-->
|area_footnotes           =
|area_total_km2           =<!-- ALL fields dealing with a measurements are subject to automatic unit conversion-->
|area_land_km2            = <!--See table @ Template:Infobox Settlement for details on automatic unit conversion-->
|area_water_km2           =
|area_total_sq_mi         =
|area_land_sq_mi          =
|area_water_sq_mi         =
|area_water_percent       =
|area_urban_km2           =
|area_urban_sq_mi         =
|area_metro_km2           =
|area_metro_sq_mi         =
|area_blank1_title        =
|area_blank1_km2          =
|area_blank1_sq_mi        =
<!-- Population   ----------------------->
|population_as_of               = 2001
|population_footnotes           =
|population_note                =
|population_total               = 6981
|population_density_km2         =
|population_density_sq_mi       =
|population_metro               =
|population_density_metro_km2   =
|population_density_metro_sq_mi =
|population_urban               =
|population_density_urban_km2   =
|population_density_urban_sq_mi =
|population_blank1_title        =Ethnicities
|population_blank1              =
|population_blank2_title        =Religions
|population_blank2              =
|population_density_blank1_km2 =   
|population_density_blank1_sq_mi =
<!-- General information  --------------->
|timezone               = BOT
|utc_offset             = -4
|timezone_DST           = 
|utc_offset_DST         = 
|coordinates            = {{coord|17|5|S|68|0|W|display=inline}}
|elevation_footnotes    =  <!--for references: use <ref> </ref> tags-->
|elevation_m            =
|elevation_ft           =
<!-- Area/postal codes & others -------->
|postal_code_type       =  <!-- enter ZIP code, Postcode, Post code, Postal code... -->
|postal_code            =
|area_code              =
|blank_name             =
|blank_info             =
|blank1_name            =
|blank1_info            =
|website                = 
|footnotes              = 
}}",,24,,NA,NA,Municipality,NA,NA,NA,NA,Bolivia,bottom,Location within Bolivia,Country,Bolivia,Department,La Paz Department,Mayor,NA,Foundation,NA,NA,6981,2001,NA,NA,NA,NA,NA,BOT,NA,NA,NA,NA,Ayo Ayo Municipality,NA,NA,NA,NA,NA,NA,NA,NA,NA,NA,NA,NA,NA,NA,NA,NA,NA,NA,NA,NA,NA,NA,Province,Aroma Province,Seat,Ayo Ayo,NA,NA,President,NA,NA,NA,NA,NA,NA,NA,NA,NA,NA,NA,NA,Imperial,NA,NA,NA,NA,NA,NA,NA,NA,NA,NA,NA,NA,NA,NA,NA,NA,NA,NA,NA,NA,NA,Ethnicities,NA,Religions,NA,NA,NA,-4,NA,NA,NA,NA,NA,NA,NA,NA,NA,NA,NA,NA,NA,NA,NA,NA,NA,NA,NA,NA,NA,NA,NA,NA,NA,NA,NA,NA,NA,NA,NA,NA,NA,NA,NA,NA,NA,NA,NA,NA,NA,NA,NA,NA,NA,NA,NA
0,Batallas Municipality,Category:Municipalities of La Paz Department (Bolivia),21295978,6922,Q631626,https://en.wikipedia.org/wiki/Batallas_Municipality,6915,0,3,2001,"{{Infobox settlement
<!--See the Table at Infobox Settlement for all fields and descriptions of usage-->
<!-- Basic info  ---------------->
|official_name          = Batallas 
|other_name             =
|native_name            = 
|nickname               = 
|settlement_type        = Municipality 
|motto                  =
<!-- images and maps  ----------->
|image_skyline          =
|imagesize              = 
|image_caption          = 
|image_flag             = 
|flag_size              =
|image_seal             = 
|seal_size              =
|image_shield           = 
|shield_size            =
|image_blank_emblem     =
|blank_emblem_type      =
|blank_emblem_size      =
|image_map              = 
|mapsize                = 
|map_caption            = 
|image_map1             = 
|mapsize1               = 
|map_caption1           = 
|image_dot_map          =
|dot_mapsize            =
|dot_map_caption        =
|dot_x =  |dot_y =
|pushpin_map            =<!-- the name of a location map as per http://en.wikipedia.org/wiki/Template:Location_map -->
|pushpin_label_position =bottom
|pushpin_map_caption    =Location within Bolivia
<!-- Location ------------------>
|subdivision_type       = Country
|subdivision_name       ={{flag|Bolivia}}
|subdivision_type1      = [[Departments of Bolivia|Department]]
|subdivision_name1      = [[La Paz Department (Bolivia)|La Paz Department]]
|subdivision_type2      = [[Provinces of Bolivia|Province]]
|subdivision_name2      = [[Los Andes Province (Bolivia)|Los Andes Province]]
<!-- Smaller parts (e.g. boroughs of a city) and seat of government -->
|seat_type              = Seat
|seat                   = [[Batallas]] 
<!-- Politics ----------------->
|government_footnotes   =
|government_type        = 
|leader_title           = Mayor
|leader_name            = 
|leader_title1          =President<!-- for places with, say, both a mayor and a city manager -->
|leader_name1           =
|leader_title2          = 
|leader_name2           = 
|leader_title3          =
|leader_name3           =
|leader_title4          =
|leader_name4           =
|established_title      = Foundation<!-- Settled -->
|established_date       = 
|established_title2     =  <!-- Incorporated (town) -->
|established_date2      = 
|established_title3     =  <!-- Incorporated (city) -->
|established_date3      =
<!-- Area    --------------------->
|area_magnitude         = 
|unit_pref                =Imperial <!--Enter: Imperial, if Imperial (metric) is desired-->
|area_footnotes           =
|area_total_km2           =<!-- ALL fields dealing with a measurements are subject to automatic unit conversion-->
|area_land_km2            = <!--See table @ Template:Infobox Settlement for details on automatic unit conversion-->
|area_water_km2           =
|area_total_sq_mi         =
|area_land_sq_mi          =
|area_water_sq_mi         =
|area_water_percent       =
|area_urban_km2           =
|area_urban_sq_mi         =
|area_metro_km2           =
|area_metro_sq_mi         =
|area_blank1_title        =
|area_blank1_km2          =
|area_blank1_sq_mi        =
<!-- Population   ----------------------->
|population_as_of               = 2001
|population_footnotes           =
|population_note                =
|population_total               = 18.693<ref> Instituto Nacional de Estadística (INE) 2001</ref>
|population_density_km2         =
|population_density_sq_mi       =
|population_metro               =
|population_density_metro_km2   =
|population_density_metro_sq_mi =
|population_urban               =
|population_density_urban_km2   =
|population_density_urban_sq_mi =
|population_blank1_title        =Ethnicities
|population_blank1              =[[Aymara people|Aymara]]
|population_blank2_title        =Religions
|population_blank2              =
|population_density_blank1_km2 =   
|population_density_blank1_sq_mi =
<!-- General information  --------------->
|timezone               = BOT
|utc_offset             = -4
|timezone_DST           = 
|utc_offset_DST         = 
|coordinates            = {{coord|16|15|S|68|25|W|display=inline}}
|elevation_footnotes    =  <!--for references: use <ref> </ref> tags-->
|elevation_m            =
|elevation_ft           =
<!-- Area/postal codes & others -------->
|postal_code_type       =  <!-- enter ZIP code, Postcode, Post code, Postal code... -->
|postal_code            =
|area_code              =
|blank_name             =
|blank_info             =
|blank1_name            =
|blank1_info            =
|website                = 
|footnotes              = 
}}",,24,,NA,NA,Municipality,NA,NA,NA,NA,NA,bottom,Location within Bolivia,Country,Bolivia,Department,La Paz Department,Mayor,NA,Foundation,NA,NA,18.693,2001,NA,NA,NA,NA,NA,BOT,NA,NA,NA,NA,Batallas,NA,NA,NA,NA,NA,NA,NA,NA,NA,NA,NA,NA,NA,NA,NA,NA,NA,NA,NA,NA,NA,NA,Province,Los Andes Province,Seat,Batallas,NA,NA,President,NA,NA,NA,NA,NA,NA,NA,NA,NA,NA,NA,NA,Imperial,NA,NA,NA,NA,NA,NA,NA,NA,NA,NA,NA,NA,NA,NA,NA,NA,NA,NA,NA,NA,NA,Ethnicities,Aymara,Religions,NA,NA,NA,-4,NA,NA,NA,NA,NA,NA,NA,NA,NA,NA,NA,NA,NA,NA,NA,NA,NA,NA,NA,NA,NA,NA,NA,NA,NA,NA,NA,NA,NA,NA,NA,NA,NA,NA,NA,NA,NA,NA,NA,NA,NA,NA,NA,NA,NA,NA,NA
0,Cairoma Municipality,Category:Municipalities of La Paz Department (Bolivia),24861579,6212,Q1552096,https://en.wikipedia.org/wiki/Cairoma_Municipality,6207,1,10,2001,"{{Infobox settlement
<!-- See Template:Infobox settlement for additional fields and descriptions -->
<!-- Basic info  ---------------->
|official_name          = Cairoma 
|other_name             =
|native_name            = K'ayruma
|nickname               = 
|settlement_type        = Municipality 
|motto                  =
<!-- images and maps  ----------->
|image_skyline          =
|imagesize              = 
|image_caption          =  
|image_flag             = 
|flag_size              =
|image_seal             = 
|seal_size              =
|image_shield           = 
|shield_size            =
|image_blank_emblem     =
|blank_emblem_type      =
|blank_emblem_size      =
|image_map              = 
|mapsize                = 
|map_caption            = 
|image_map1             = 
|mapsize1               = 
|map_caption1           = 
|image_dot_map          =
|pushpin_map            =<!-- the name of a location map as per http://en.wikipedia.org/wiki/Template:Location_map -->
|pushpin_label_position =bottom
|pushpin_map_caption    =Location within Bolivia
<!-- Location ------------------>
|subdivision_type       = Country
|subdivision_name       ={{flag|Bolivia}}
|subdivision_type1      = [[Departments of Bolivia|Department]]
|subdivision_name1      = [[La Paz Department (Bolivia)|La Paz Department]]
|subdivision_type2      = [[Provinces of Bolivia|Province]]
|subdivision_name2      = [[Loayza Province]]
<!-- Smaller parts (e.g. boroughs of a city) and seat of government -->
|seat_type              = Seat
|seat                   = [[Cairoma]] 
<!-- Politics ----------------->
|government_footnotes   =
|government_type        = 
|leader_title           = Mayor
|leader_name            = 
|leader_title1          =President<!-- for places with, say, both a mayor and a city manager -->
|leader_name1           =
|leader_title2          = 
|leader_name2           = 
|leader_title3          =
|leader_name3           =
|leader_title4          =
|leader_name4           =
|established_title      = Foundation<!-- Settled -->
|established_date       = 
|established_title2     =  <!-- Incorporated (town) -->
|established_date2      = 
|established_title3     =  <!-- Incorporated (city) -->
|established_date3      =
<!-- Area    --------------------->
|area_magnitude         = 
|unit_pref                =Imperial <!--Enter: Imperial, if Imperial (metric) is desired-->
|area_footnotes           =
|area_total_km2           =<!-- ALL fields dealing with a measurements are subject to automatic unit conversion-->
|area_land_km2            = <!--See table @ Template:Infobox Settlement for details on automatic unit conversion-->
|area_water_km2           =
|area_total_sq_mi         =
|area_land_sq_mi          =
|area_water_sq_mi         =
|area_water_percent       =
|area_urban_km2           =
|area_urban_sq_mi         =
|area_metro_km2           =
|area_metro_sq_mi         =
|area_blank1_title        =
|area_blank1_km2          =
|area_blank1_sq_mi        =
<!-- Population   ----------------------->
|population_as_of               = 2001
|population_footnotes           =
|population_note                =
|population_total               = 
|population_density_km2         =
|population_density_sq_mi       =
|population_metro               =
|population_density_metro_km2   =
|population_density_metro_sq_mi =
|population_urban               =
|population_density_urban_km2   =
|population_density_urban_sq_mi =
|population_blank1_title        =Ethnicities
|population_blank1              =
|population_blank2_title        =Religions
|population_blank2              =
|population_density_blank1_km2 =   
|population_density_blank1_sq_mi =
<!-- General information  --------------->
|timezone               = BOT
|utc_offset             = -4
|timezone_DST           = 
|utc_offset_DST         = 
|coordinates            = 
|elevation_footnotes    =  <!--for references: use <ref> </ref> tags-->
|elevation_m            =
|elevation_ft           =
<!-- Area/postal codes & others -------->
|postal_code_type       =  <!-- enter ZIP code, Postcode, Post code, Postal code... -->
|postal_code            =
|area_code              =
|blank_name             =
|blank_info             =
|blank1_name            =
|blank1_info            =
|website                = 
|footnotes              = 
}}",,22,,NA,NA,Municipality,NA,NA,NA,NA,NA,bottom,Location within Bolivia,Country,Bolivia,Department,La Paz Department,Mayor,NA,Foundation,NA,NA,NA,2001,NA,NA,NA,NA,NA,BOT,NA,NA,NA,NA,Cairoma,NA,K'ayruma,NA,NA,NA,NA,NA,NA,NA,NA,NA,NA,NA,NA,NA,NA,NA,NA,NA,NA,NA,NA,Province,Loayza Province,Seat,Cairoma,NA,NA,President,NA,NA,NA,NA,NA,NA,NA,NA,NA,NA,NA,NA,Imperial,NA,NA,NA,NA,NA,NA,NA,NA,NA,NA,NA,NA,NA,NA,NA,NA,NA,NA,NA,NA,NA,Ethnicities,NA,Religions,NA,NA,NA,-4,NA,NA,NA,NA,NA,NA,NA,NA,NA,NA,NA,NA,NA,NA,NA,NA,NA,NA,NA,NA,NA,NA,NA,NA,NA,NA,NA,NA,NA,NA,NA,NA,NA,NA,NA,NA,NA,NA,NA,NA,NA,NA,NA,NA,NA,NA,NA
0,Cajuata Municipality,Category:Municipalities of La Paz Department (Bolivia),24861583,5785,Q1544600,https://en.wikipedia.org/wiki/Cajuata_Municipality,5754,1,2,2001,"{{Infobox settlement
<!-- See Template:Infobox settlement for additional fields and descriptions -->
<!-- Basic info  ---------------->
|official_name          = Cajuata Municipality
|other_name             =
|native_name            = 
|nickname               = 
|settlement_type        = Municipality 
|motto                  =
<!-- images and maps  ----------->
|image_skyline          =
|imagesize              = 
|image_caption          =  
|image_flag             = 
|flag_size              =
|image_seal             = 
|seal_size              =
|image_shield           = 
|shield_size            =
|image_blank_emblem     =
|blank_emblem_type      =
|blank_emblem_size      =
|image_map              = 
|mapsize                = 
|map_caption            = 
|image_map1             = 
|mapsize1               = 
|map_caption1           = 
|image_dot_map          =
|dot_mapsize            =
|dot_map_caption        =
|dot_x =  |dot_y =
|pushpin_map            =<!-- the name of a location map as per http://en.wikipedia.org/wiki/Template:Location_map -->
|pushpin_label_position =bottom
|pushpin_map_caption    =Location within Bolivia
<!-- Location ------------------>
|subdivision_type       = Country
|subdivision_name       ={{flag|Bolivia}}
|subdivision_type1      = [[Departments of Bolivia|Department]]
|subdivision_name1      = [[La Paz Department (Bolivia)|La Paz Department]]
|subdivision_type2      = [[Provinces of Bolivia|Province]]
|subdivision_name2      = [[Inquisivi Province]]
<!-- Smaller parts (e.g. boroughs of a city) and seat of government -->
|seat_type              = Seat
|seat                   = [[Cajuata]] 
<!-- Politics ----------------->
|government_footnotes   =
|government_type        = 
|leader_title           = Mayor
|leader_name            = 
|leader_title1          =President<!-- for places with, say, both a mayor and a city manager -->
|leader_name1           =
|leader_title2          = 
|leader_name2           = 
|leader_title3          =
|leader_name3           =
|leader_title4          =
|leader_name4           =
|established_title      = Foundation<!-- Settled -->
|established_date       = 
|established_title2     =  <!-- Incorporated (town) -->
|established_date2      = 
|established_title3     =  <!-- Incorporated (city) -->
|established_date3      =
<!-- Area    --------------------->
|area_magnitude         = 
|unit_pref                =Imperial <!--Enter: Imperial, if Imperial (metric) is desired-->
|area_footnotes           =
|area_total_km2           =<!-- ALL fields dealing with a measurements are subject to automatic unit conversion-->
|area_land_km2            = <!--See table @ Template:Infobox Settlement for details on automatic unit conversion-->
|area_water_km2           =
|area_total_sq_mi         =
|area_land_sq_mi          =
|area_water_sq_mi         =
|area_water_percent       =
|area_urban_km2           =
|area_urban_sq_mi         =
|area_metro_km2           =
|area_metro_sq_mi         =
|area_blank1_title        =
|area_blank1_km2          =
|area_blank1_sq_mi        =
<!-- Population   ----------------------->
|population_as_of               = 2001
|population_footnotes           =
|population_note                =
|population_total               = 
|population_density_km2         =
|population_density_sq_mi       =
|population_metro               =
|population_density_metro_km2   =
|population_density_metro_sq_mi =
|population_urban               =
|population_density_urban_km2   =
|population_density_urban_sq_mi =
|population_blank1_title        =Ethnicities
|population_blank1              =
|population_blank2_title        =Religions
|population_blank2              =
|population_density_blank1_km2 =   
|population_density_blank1_sq_mi =
<!-- General information  --------------->
|timezone               = BOT
|utc_offset             = -4
|timezone_DST           = 
|utc_offset_DST         = 
|coordinates            = 
|elevation_footnotes    =  <!--for references: use <ref> </ref> tags-->
|elevation_m            =
|elevation_ft           =
<!-- Area/postal codes & others -------->
|postal_code_type       =  <!-- enter ZIP code, Postcode, Post code, Postal code... -->
|postal_code            =
|area_code              =
|blank_name             =
|blank_info             =
|blank1_name            =
|blank1_info            =
|website                = 
|footnotes              = 
}}",,21,,NA,NA,Municipality,NA,NA,NA,NA,NA,bottom,Location within Bolivia,Country,Bolivia,Department,La Paz Department,Mayor,NA,Foundation,NA,NA,NA,2001,NA,NA,NA,NA,NA,BOT,NA,NA,NA,NA,Cajuata Municipality,NA,NA,NA,NA,NA,NA,NA,NA,NA,NA,NA,NA,NA,NA,NA,NA,NA,NA,NA,NA,NA,NA,Province,Inquisivi Province,Seat,Cajuata,NA,NA,President,NA,NA,NA,NA,NA,NA,NA,NA,NA,NA,NA,NA,Imperial,NA,NA,NA,NA,NA,NA,NA,NA,NA,NA,NA,NA,NA,NA,NA,NA,NA,NA,NA,NA,NA,Ethnicities,NA,Religions,NA,NA,NA,-4,NA,NA,NA,NA,NA,NA,NA,NA,NA,NA,NA,NA,NA,NA,NA,NA,NA,NA,NA,NA,NA,NA,NA,NA,NA,NA,NA,NA,NA,NA,NA,NA,NA,NA,NA,NA,NA,NA,NA,NA,NA,NA,NA,NA,NA,NA,NA
0,Calacoto Municipality,Category:Municipalities of La Paz Department (Bolivia),23466423,8705,Q1409686,https://en.wikipedia.org/wiki/Calacoto_Municipality,8701,2,7,2001,"{{Infobox settlement
<!--See the Table at Infobox Settlement for all fields and descriptions of usage-->
<!-- Basic info  ---------------->
|official_name          = Calacoto 
|other_name             =
|native_name            = Qala Qutu
|nickname               = 
|settlement_type        = Municipality 
|motto                  =
<!-- images and maps  ----------->
|image_skyline          = 
|imagesize              = 250px
|image_caption          = The archaeological site of [[Jach'a Phasa]] in the north of the Calacoto Municipality
|image_flag             = 
|flag_size              =
|image_seal             = 
|seal_size              =
|image_shield           = 
|shield_size            =
|image_blank_emblem     =
|blank_emblem_type      =
|blank_emblem_size      =
|image_map              = 
|mapsize                = 
|map_caption            = 
|image_map1             = 
|mapsize1               = 
|map_caption1           = 
|image_dot_map          =
|dot_mapsize            =
|dot_map_caption        =
|dot_x =  |dot_y =
|pushpin_map            = Bolivia<!-- the name of a location map as per http://en.wikipedia.org/wiki/Template:Location_map -->
|pushpin_label_position =bottom
|pushpin_map_caption    =Location of the Calacoto Municipality within Bolivia
<!-- Location ------------------>
|subdivision_type       = Country
|subdivision_name       = [[Image:Flag of Bolivia.svg|25px]] [[Bolivia]]
|subdivision_type1      = [[Departments of Bolivia|Department]]
|subdivision_name1      = [[La Paz Department (Bolivia)|La Paz Department]]
|subdivision_type2      = [[Provinces of Bolivia|Province]]
|subdivision_name2      = [[Pacajes Province]]
<!-- Smaller parts (e.g. boroughs of a city) and seat of government -->
|seat_type              = Seat
|seat                   = [[Calacoto, Pacajes|Calacoto]] 
<!-- Politics ----------------->
|government_footnotes   =
|government_type        = 
|leader_title           = Mayor
|leader_name            = Jorge Pari Apaza (2007)
|leader_title1          =President<!-- for places with, say, both a mayor and a city manager -->
|leader_name1           = Rosendo Jaillita Alcon (2007)
|leader_title2          = 
|leader_name2           = 
|leader_title3          =
|leader_name3           =
|leader_title4          =
|leader_name4           =
|established_title      = Foundation<!-- Settled -->
|established_date       = 
|established_title2     =  <!-- Incorporated (town) -->
|established_date2      = 
|established_title3     =  <!-- Incorporated (city) -->
|established_date3      =
<!-- Area    --------------------->
|area_magnitude         = 
|unit_pref                =Imperial <!--Enter: Imperial, if Imperial (metric) is desired-->
|area_footnotes           =
|area_total_km2           = 3896 <!-- ALL fields dealing with a measurements are subject to automatic unit conversion-->
|area_land_km2            = <!--See table @ Template:Infobox Settlement for details on automatic unit conversion-->
|area_water_km2           =
|area_total_sq_mi         =
|area_land_sq_mi          =
|area_water_sq_mi         =
|area_water_percent       =
|area_urban_km2           =
|area_urban_sq_mi         =
|area_metro_km2           =
|area_metro_sq_mi         =
|area_blank1_title        =
|area_blank1_km2          =
|area_blank1_sq_mi        =
<!-- Population   ----------------------->
|population_as_of               = 2001
|population_footnotes           =
|population_note                =
|population_total               = 8818 
|population_density_km2         =
|population_density_sq_mi       =
|population_metro               =
|population_density_metro_km2   =
|population_density_metro_sq_mi =
|population_urban               =
|population_density_urban_km2   =
|population_density_urban_sq_mi =
|population_blank1_title        =Ethnicities
|population_blank1              =
|population_blank2_title        =Religions
|population_blank2              =
|population_density_blank1_km2 =   
|population_density_blank1_sq_mi =
<!-- General information  --------------->
|timezone               = BOT
|utc_offset             = -4
|timezone_DST           = 
|utc_offset_DST         = 
|coordinates            = {{coord|17|25|0|S|68|45|0|W|region:BO|display=inline,title}}
|elevation_footnotes    =  <!--for references: use <ref> </ref> tags-->
|elevation_m            =3900
|elevation_ft           =
<!-- Area/postal codes & others -------->
|postal_code_type       =  <!-- enter ZIP code, Postcode, Post code, Postal code... -->
|postal_code            =
|area_code              =
|blank_name             =
|blank_info             =
|blank1_name            =
|blank1_info            =
|website                = 
|footnotes              = 
}}",,31,,NA,NA,Municipality,NA,NA,NA,NA,Bolivia,bottom,Location of the Calacoto Municipality within Bolivia,Country,25px Bolivia,Department,La Paz Department,Mayor,Jorge Pari Apaza (2007),Foundation,NA,NA,8818,2001,NA,3896,NA,3900,NA,BOT,NA,NA,NA,NA,Calacoto,NA,Qala Qutu,NA,NA,250px,The archaeological site of Jach'a Phasa in the north of the Calacoto Municipality,NA,NA,NA,NA,NA,NA,NA,NA,NA,NA,NA,NA,NA,NA,NA,NA,Province,Pacajes Province,Seat,Calacoto,NA,NA,President,Rosendo Jaillita Alcon (2007),NA,NA,NA,NA,NA,NA,NA,NA,NA,NA,NA,Imperial,NA,NA,NA,NA,NA,NA,NA,NA,NA,NA,NA,NA,NA,NA,NA,NA,NA,NA,NA,NA,NA,Ethnicities,NA,Religions,NA,NA,NA,-4,NA,NA,NA,NA,NA,NA,NA,NA,NA,NA,NA,NA,NA,NA,NA,NA,NA,NA,NA,NA,NA,NA,NA,NA,NA,NA,NA,NA,NA,NA,NA,NA,NA,NA,NA,NA,NA,NA,NA,NA,NA,NA,NA,NA,NA,NA,NA
0,Calamarca Municipality,Category:Municipalities of La Paz Department (Bolivia),24861586,6657,Q490962,https://en.wikipedia.org/wiki/Calamarca_Municipality,6630,2,7,2012,"{{Infobox settlement
<!-- See Template:Infobox settlement for additional fields and descriptions -->
<!-- Basic info  ---------------->
|official_name          = Calamarca 
|other_name             =
|native_name            = Qala Marka
|nickname               = 
|settlement_type        = Municipality 
|motto                  =
<!-- images and maps  ----------->
|image_skyline          =Calamarca Municipio.jpg
|imagesize              = 
|image_caption          =  
|image_flag             = 
|flag_size              =
|image_seal             = 
|seal_size              =
|image_shield           = 
|shield_size            =
|image_blank_emblem     =
|blank_emblem_type      =
|blank_emblem_size      =
|image_map              = 
|mapsize                = 
|map_caption            = 
|image_map1             = 
|mapsize1               = 
|map_caption1           = 
|pushpin_map            =Bolivia<!-- the name of a location map as per http://en.wikipedia.org/wiki/Template:Location_map -->
|pushpin_label_position =bottom
|pushpin_map_caption    =Location within Bolivia
<!-- Location ------------------>
|subdivision_type       = Country
|subdivision_name       ={{flag|Bolivia}}
|subdivision_type1      = [[Departments of Bolivia|Department]]
|subdivision_name1      = [[La Paz Department (Bolivia)|La Paz Department]]
|subdivision_type2      = [[Provinces of Bolivia|Province]]
|subdivision_name2      = [[Aroma Province]]
<!-- Smaller parts (e.g. boroughs of a city) and seat of government -->
|seat_type              = Seat
|seat                   = [[Calamarca]] 
<!-- Politics ----------------->
|government_footnotes   =
|government_type        = 
|leader_title           = Mayor
|leader_name            = 
|leader_title1          =President<!-- for places with, say, both a mayor and a city manager -->
|leader_name1           =
|leader_title2          = 
|leader_name2           = 
|leader_title3          =
|leader_name3           =
|leader_title4          =
|leader_name4           =
|established_title      = Foundation<!-- Settled -->
|established_date       = 
|established_title2     =  <!-- Incorporated (town) -->
|established_date2      = 
|established_title3     =  <!-- Incorporated (city) -->
|established_date3      =
<!-- Area    --------------------->
|area_magnitude         = 
|unit_pref                =Imperial <!--Enter: Imperial, if Imperial (metric) is desired-->
|area_footnotes           =
|area_total_km2           =<!-- ALL fields dealing with a measurements are subject to automatic unit conversion-->
|area_land_km2            = <!--See table @ Template:Infobox Settlement for details on automatic unit conversion-->
|area_water_km2           =
|area_total_sq_mi         =
|area_land_sq_mi          =
|area_water_sq_mi         =
|area_water_percent       =
|area_urban_km2           =
|area_urban_sq_mi         =
|area_metro_km2           =
|area_metro_sq_mi         =
|area_blank1_title        =
|area_blank1_km2          =
|area_blank1_sq_mi        =
<!-- Population   ----------------------->
|population_as_of               = 2012
|population_footnotes           =<ref name=""gov"" />
|population_note                =
|population_total               = 14604
|population_density_km2         =
|population_density_sq_mi       =
|population_metro               =
|population_density_metro_km2   =
|population_density_metro_sq_mi =
|population_urban               =
|population_density_urban_km2   =
|population_density_urban_sq_mi =
|population_blank1_title        =Ethnicities
|population_blank1              =
|population_blank2_title        =Religions
|population_blank2              =
|population_density_blank1_km2 =   
|population_density_blank1_sq_mi =
<!-- General information  --------------->
|timezone               = BOT
|utc_offset             = -4
|timezone_DST           = 
|utc_offset_DST         = 
|coordinates            = {{coord|16|54|S|68|7|W|display=inline}}
|elevation_footnotes    =  <!--for references: use <ref> </ref> tags-->
|elevation_m            =
|elevation_ft           =
<!-- Area/postal codes & others -------->
|postal_code_type       =  <!-- enter ZIP code, Postcode, Post code, Postal code... -->
|postal_code            =
|area_code              =
|blank_name             =
|blank_info             =
|blank1_name            =
|blank1_info            =
|website                = 
|footnotes              = 
}}",,27,,NA,Calamarca Municipio.jpg,Municipality,NA,NA,NA,NA,Bolivia,bottom,Location within Bolivia,Country,Bolivia,Department,La Paz Department,Mayor,NA,Foundation,NA,NA,14604,2012,NA,NA,NA,NA,NA,BOT,NA,NA,NA,NA,Calamarca,NA,Qala Marka,NA,NA,NA,NA,NA,NA,NA,NA,NA,NA,NA,NA,NA,NA,NA,NA,NA,NA,NA,NA,Province,Aroma Province,Seat,Calamarca,NA,NA,President,NA,NA,NA,NA,NA,NA,NA,NA,NA,NA,NA,NA,Imperial,NA,NA,NA,NA,NA,NA,NA,NA,NA,NA,NA,NA,NA,NA,NA,NA,NA,NA,NA,NA,NA,Ethnicities,NA,Religions,NA,NA,NA,-4,NA,NA,NA,NA,NA,NA,NA,NA,NA,NA,NA,NA,NA,NA,NA,NA,NA,NA,NA,NA,NA,NA,NA,NA,NA,NA,NA,NA,NA,NA,NA,NA,NA,NA,NA,NA,NA,NA,NA,NA,NA,NA,NA,NA,NA,NA,NA
0,Caquiaviri Municipality,Category:Municipalities of La Paz Department (Bolivia),23466335,5569,Q917595,https://en.wikipedia.org/wiki/Caquiaviri_Municipality,5569,0,1,2001,"{{Infobox settlement
<!--See the Table at Infobox Settlement for all fields and descriptions of usage-->
<!-- Basic info  ---------------->
|official_name          = Caquiaviri Municipality
|other_name             =
|native_name            = 
|nickname               = 
|settlement_type        = Municipality 
|motto                  =
<!-- images and maps  ----------->
|image_skyline          = 
|imagesize              = 250px
|image_caption          =  
|image_flag             = 
|flag_size              =
|image_seal             = 
|seal_size              =
|image_shield           = 
|shield_size            =
|image_blank_emblem     =
|blank_emblem_type      =
|blank_emblem_size      =
|image_map              = 
|mapsize                = 
|map_caption            = 
|image_map1             = 
|mapsize1               = 
|map_caption1           = 
|image_dot_map          =
|dot_mapsize            =
|dot_map_caption        =
|dot_x =  |dot_y =
|pushpin_map            = Bolivia<!-- the name of a location map as per http://en.wikipedia.org/wiki/Template:Location_map -->
|pushpin_label_position =bottom
|pushpin_map_caption    =Location of the Caquiaviri Municipality within Bolivia
<!-- Location ------------------>
|subdivision_type       = Country
|subdivision_name       = [[Image:Flag of Bolivia.svg|25px]] [[Bolivia]]
|subdivision_type1      = [[Departments of Bolivia|Department]]
|subdivision_name1      = [[La Paz Department (Bolivia)|La Paz Department]]
|subdivision_type2      = [[Provinces of Bolivia|Province]]
|subdivision_name2      = [[Pacajes Province]]
<!-- Smaller parts (e.g. boroughs of a city) and seat of government -->
|seat_type              = Seat
|seat                   = [[Caquiaviri]] 
<!-- Politics ----------------->
|government_footnotes   =
|government_type        = 
|leader_title           = Mayor
|leader_name            = Benjamin Ayala Cussi (2007)
|leader_title1          =President<!-- for places with, say, both a mayor and a city manager -->
|leader_name1           = Walter Francisco Tarqui  (2007)
|leader_title2          = 
|leader_name2           = 
|leader_title3          =
|leader_name3           =
|leader_title4          =
|leader_name4           =
|established_title      = Foundation<!-- Settled -->
|established_date       = 
|established_title2     =  <!-- Incorporated (town) -->
|established_date2      = 
|established_title3     =  <!-- Incorporated (city) -->
|established_date3      =
<!-- Area    --------------------->
|area_magnitude         = 
|unit_pref                =Imperial <!--Enter: Imperial, if Imperial (metric) is desired-->
|area_footnotes           =
|area_total_km2           = 1560  <!-- ALL fields dealing with a measurements are subject to automatic unit conversion-->
|area_land_km2            = <!--See table @ Template:Infobox Settlement for details on automatic unit conversion-->
|area_water_km2           =
|area_total_sq_mi         =
|area_land_sq_mi          =
|area_water_sq_mi         =
|area_water_percent       =
|area_urban_km2           =
|area_urban_sq_mi         =
|area_metro_km2           =
|area_metro_sq_mi         =
|area_blank1_title        =
|area_blank1_km2          =
|area_blank1_sq_mi        =
<!-- Population   ----------------------->
|population_as_of               = 2001
|population_footnotes           =
|population_note                =
|population_total               = 11901 
|population_density_km2         =
|population_density_sq_mi       =
|population_metro               =
|population_density_metro_km2   =
|population_density_metro_sq_mi =
|population_urban               =
|population_density_urban_km2   =
|population_density_urban_sq_mi =
|population_blank1_title        =Ethnicities
|population_blank1              =
|population_blank2_title        =Religions
|population_blank2              =
|population_density_blank1_km2 =   
|population_density_blank1_sq_mi =
<!-- General information  --------------->
|timezone               = BOT
|utc_offset             = -4
|timezone_DST           = 
|utc_offset_DST         = 
|coordinates            = {{coord|17|00|0|S|68|45|0|W|region:BO|display=inline,title}}
|elevation_footnotes    =  <!--for references: use <ref> </ref> tags-->
|elevation_m            =4000
|elevation_ft           =
<!-- Area/postal codes & others -------->
|postal_code_type       =  <!-- enter ZIP code, Postcode, Post code, Postal code... -->
|postal_code            =
|area_code              =
|blank_name             =
|blank_info             =
|blank1_name            =
|blank1_info            =
|website                = 
|footnotes              = 
}}",,29,,NA,NA,Municipality,NA,NA,NA,NA,Bolivia,bottom,Location of the Caquiaviri Municipality within Bolivia,Country,25px Bolivia,Department,La Paz Department,Mayor,Benjamin Ayala Cussi (2007),Foundation,NA,NA,11901,2001,NA,1560,NA,4000,NA,BOT,NA,NA,NA,NA,Caquiaviri Municipality,NA,NA,NA,NA,250px,NA,NA,NA,NA,NA,NA,NA,NA,NA,NA,NA,NA,NA,NA,NA,NA,NA,Province,Pacajes Province,Seat,Caquiaviri,NA,NA,President,Walter Francisco Tarqui (2007),NA,NA,NA,NA,NA,NA,NA,NA,NA,NA,NA,Imperial,NA,NA,NA,NA,NA,NA,NA,NA,NA,NA,NA,NA,NA,NA,NA,NA,NA,NA,NA,NA,NA,Ethnicities,NA,Religions,NA,NA,NA,-4,NA,NA,NA,NA,NA,NA,NA,NA,NA,NA,NA,NA,NA,NA,NA,NA,NA,NA,NA,NA,NA,NA,NA,NA,NA,NA,NA,NA,NA,NA,NA,NA,NA,NA,NA,NA,NA,NA,NA,NA,NA,NA,NA,NA,NA,NA,NA
0,Caranavi Municipality,Category:Municipalities of La Paz Department (Bolivia),24861594,5587,Q916357,https://en.wikipedia.org/wiki/Caranavi_Municipality,5562,1,2,,"{{Infobox settlement
<!-- See Template:Infobox settlement for additional fields and descriptions -->
<!-- Basic info  ---------------->
|official_name          = Caranavi Municipality
|other_name             =
|native_name            = 
|nickname               = 
|settlement_type        = Municipality 
|motto                  =
<!-- images and maps  ----------->
|image_skyline          = Caranavi06-046.JPG
|imagesize              = 280px
|image_caption          = Main square in Caranavi
|image_flag             = 
|flag_size              =
|image_seal             = 
|seal_size              =
|image_shield           = 
|shield_size            =
|image_blank_emblem     =
|blank_emblem_type      =
|blank_emblem_size      =
|image_map              = 
|mapsize                = 
|map_caption            = 
|image_map1             = 
|mapsize1               = 
|map_caption1           = 
|image_dot_map          =
|dot_mapsize            =
|dot_map_caption        =
|dot_x =  |dot_y =
|pushpin_map            = Bolivia<!-- the name of a location map as per http://en.wikipedia.org/wiki/Template:Location_map -->
|pushpin_label_position =bottom
|pushpin_map_caption    =Location of the Caranavi Municipality within Bolivia
<!-- Location ------------------>
|subdivision_type       = Country
|subdivision_name       = [[Image:Flag of Bolivia.svg|25px]] [[Bolivia]]
|subdivision_type1      = [[Departments of Bolivia|Department]]
|subdivision_name1      = [[La Paz Department (Bolivia)|La Paz Department]]
|subdivision_type2      = [[Provinces of Bolivia|Province]]
|subdivision_name2      = [[Caranavi Province]]
<!-- Smaller parts (e.g. boroughs of a city) and seat of government -->
|seat_type              = Seat
|seat                   = [[Caranavi]] 
<!-- Politics ----------------->
|government_footnotes   =
|government_type        = 
|leader_title           = Mayor
|leader_name            = Teodocio Quilca Acarapi ([[Movement for Socialism – Political Instrument for the Sovereignty of the Peoples|MAS-IPSP]]; 2010)
|leader_title1          = <!-- for places with, say, both a mayor and a city manager -->
|leader_name1           = 
|leader_title2          = 
|leader_name2           = 
|leader_title3          =
|leader_name3           =
|leader_title4          =
|leader_name4           =
|established_title      = Foundation<!-- Settled -->
|established_date       = 
|established_title2     = Incorporated (municipality)
|established_date2      = 
|established_title3     =  <!-- Incorporated (city) -->
|established_date3      =
<!-- Area    --------------------->
|area_magnitude         = 
|unit_pref                =Imperial <!--Enter: Imperial, if Imperial (metric) is desired-->
|area_footnotes           =
|area_total_km2           =  <!-- ALL fields dealing with a measurements are subject to automatic unit conversion-->
|area_land_km2            = <!--See table @ Template:Infobox Settlement for details on automatic unit conversion-->
|area_water_km2           =
|area_total_sq_mi         =
|area_land_sq_mi          =
|area_water_sq_mi         =
|area_water_percent       =
|area_urban_km2           =
|area_urban_sq_mi         =
|area_metro_km2           =
|area_metro_sq_mi         =
|area_blank1_title        =
|area_blank1_km2          =
|area_blank1_sq_mi        =
<!-- Population   ----------------------->
|population_as_of               = 
|population_footnotes           =
|population_note                =
|population_total               = 
|population_density_km2         =
|population_density_sq_mi       =
|population_metro               =
|population_density_metro_km2   =
|population_density_metro_sq_mi =
|population_urban               =
|population_density_urban_km2   =
|population_density_urban_sq_mi =
|population_blank1_title        =Ethnicities
|population_blank1              =
|population_blank2_title        =Religions
|population_blank2              =
|population_density_blank1_km2 =   
|population_density_blank1_sq_mi =
<!-- General information  --------------->
|timezone               = 
|utc_offset             = 
|timezone_DST           = 
|utc_offset_DST         = 
|coordinates            = {{coord|15|49|S|67|33|W|region:BO|display=inline,title}}
|elevation_footnotes    =  <!--for references: use <ref> </ref> tags-->
|elevation_m            =
|elevation_ft           =
<!-- Area/postal codes & others -------->
|postal_code_type       =  <!-- enter ZIP code, Postcode, Post code, Postal code... -->
|postal_code            =
|area_code              =
|blank_name             =
|blank_info             =
|blank1_name            =
|blank1_info            =
|website                = 
|footnotes              = 
}}",,24,,NA,Caranavi06-046.JPG,Municipality,NA,NA,NA,NA,Bolivia,bottom,Location of the Caranavi Municipality within Bolivia,Country,25px Bolivia,Department,La Paz Department,Mayor,Teodocio Quilca Acarapi (MAS-IPSP; 2010),Foundation,NA,NA,NA,NA,NA,NA,NA,NA,NA,NA,NA,NA,NA,NA,Caranavi Municipality,NA,NA,NA,NA,280px,Main square in Caranavi,NA,NA,NA,NA,NA,NA,NA,NA,NA,NA,NA,NA,NA,NA,NA,NA,Province,Caranavi Province,Seat,Caranavi,NA,NA,NA,NA,NA,NA,NA,NA,NA,NA,Incorporated (municipality),NA,NA,NA,NA,Imperial,NA,NA,NA,NA,NA,NA,NA,NA,NA,NA,NA,NA,NA,NA,NA,NA,NA,NA,NA,NA,NA,Ethnicities,NA,Religions,NA,NA,NA,NA,NA,NA,NA,NA,NA,NA,NA,NA,NA,NA,NA,NA,NA,NA,NA,NA,NA,NA,NA,NA,NA,NA,NA,NA,NA,NA,NA,NA,NA,NA,NA,NA,NA,NA,NA,NA,NA,NA,NA,NA,NA,NA,NA,NA,NA,NA,NA
0,Catacora Municipality,Category:Municipalities of La Paz Department (Bolivia),24861600,5756,Q1501710,https://en.wikipedia.org/wiki/Catacora_Municipality,5748,0,3,2001,"{{Infobox settlement
<!-- See Template:Infobox settlement for additional fields and descriptions -->
<!-- Basic info  ---------------->
|official_name          = Catacora Municipality
|other_name             =
|native_name            = 
|nickname               = 
|settlement_type        = Municipality 
|motto                  =
<!-- images and maps  ----------->
|image_skyline          =
|imagesize              = 
|image_caption          =  
|image_flag             = 
|flag_size              =
|image_seal             = 
|seal_size              =
|image_shield           = 
|shield_size            =
|image_blank_emblem     =
|blank_emblem_type      =
|blank_emblem_size      =
|image_map              = 
|mapsize                = 
|map_caption            = 
|image_map1             = 
|mapsize1               = 
|map_caption1           = 
|image_dot_map          =
|dot_mapsize            =
|dot_map_caption        =
|dot_x =  |dot_y =
|pushpin_map            =<!-- the name of a location map as per http://en.wikipedia.org/wiki/Template:Location_map -->
|pushpin_label_position =bottom
|pushpin_map_caption    =Location within Bolivia
<!-- Location ------------------>
|subdivision_type       = Country
|subdivision_name       ={{flag|Bolivia}}
|subdivision_type1      = [[Departments of Bolivia|Department]]
|subdivision_name1      = [[La Paz Department (Bolivia)|La Paz Department]]
|subdivision_type2      = [[Provinces of Bolivia|Province]]
|subdivision_name2      = [[José Manuel Pando Province]]
<!-- Smaller parts (e.g. boroughs of a city) and seat of government -->
|seat_type              = Seat
|seat                   = [[Catacora]] 
<!-- Politics ----------------->
|government_footnotes   =
|government_type        = 
|leader_title           = Mayor
|leader_name            = 
|leader_title1          =President<!-- for places with, say, both a mayor and a city manager -->
|leader_name1           =
|leader_title2          = 
|leader_name2           = 
|leader_title3          =
|leader_name3           =
|leader_title4          =
|leader_name4           =
|established_title      = Foundation<!-- Settled -->
|established_date       = 
|established_title2     =  <!-- Incorporated (town) -->
|established_date2      = 
|established_title3     =  <!-- Incorporated (city) -->
|established_date3      =
<!-- Area    --------------------->
|area_magnitude         = 
|unit_pref                =Imperial <!--Enter: Imperial, if Imperial (metric) is desired-->
|area_footnotes           =
|area_total_km2           =<!-- ALL fields dealing with a measurements are subject to automatic unit conversion-->
|area_land_km2            = <!--See table @ Template:Infobox Settlement for details on automatic unit conversion-->
|area_water_km2           =
|area_total_sq_mi         =
|area_land_sq_mi          =
|area_water_sq_mi         =
|area_water_percent       =
|area_urban_km2           =
|area_urban_sq_mi         =
|area_metro_km2           =
|area_metro_sq_mi         =
|area_blank1_title        =
|area_blank1_km2          =
|area_blank1_sq_mi        =
<!-- Population   ----------------------->
|population_as_of               = 2001
|population_footnotes           =
|population_note                =
|population_total               = 
|population_density_km2         =
|population_density_sq_mi       =
|population_metro               =
|population_density_metro_km2   =
|population_density_metro_sq_mi =
|population_urban               =
|population_density_urban_km2   =
|population_density_urban_sq_mi =
|population_blank1_title        =Ethnicities
|population_blank1              =
|population_blank2_title        =Religions
|population_blank2              =
|population_density_blank1_km2 =   
|population_density_blank1_sq_mi =
<!-- General information  --------------->
|timezone               = BOT
|utc_offset             = -4
|timezone_DST           = 
|utc_offset_DST         = 
|coordinates            = 
|elevation_footnotes    =  <!--for references: use <ref> </ref> tags-->
|elevation_m            =
|elevation_ft           =
<!-- Area/postal codes & others -------->
|postal_code_type       =  <!-- enter ZIP code, Postcode, Post code, Postal code... -->
|postal_code            =
|area_code              =
|blank_name             =
|blank_info             =
|blank1_name            =
|blank1_info            =
|website                = 
|footnotes              = 
}}",,21,,NA,NA,Municipality,NA,NA,NA,NA,NA,bottom,Location within Bolivia,Country,Bolivia,Department,La Paz Department,Mayor,NA,Foundation,NA,NA,NA,2001,NA,NA,NA,NA,NA,BOT,NA,NA,NA,NA,Catacora Municipality,NA,NA,NA,NA,NA,NA,NA,NA,NA,NA,NA,NA,NA,NA,NA,NA,NA,NA,NA,NA,NA,NA,Province,José Manuel Pando Province,Seat,Catacora,NA,NA,President,NA,NA,NA,NA,NA,NA,NA,NA,NA,NA,NA,NA,Imperial,NA,NA,NA,NA,NA,NA,NA,NA,NA,NA,NA,NA,NA,NA,NA,NA,NA,NA,NA,NA,NA,Ethnicities,NA,Religions,NA,NA,NA,-4,NA,NA,NA,NA,NA,NA,NA,NA,NA,NA,NA,NA,NA,NA,NA,NA,NA,NA,NA,NA,NA,NA,NA,NA,NA,NA,NA,NA,NA,NA,NA,NA,NA,NA,NA,NA,NA,NA,NA,NA,NA,NA,NA,NA,NA,NA,NA
0,Chacarilla Municipality,Category:Municipalities of La Paz Department (Bolivia),24861601,5405,Q743427,https://en.wikipedia.org/wiki/Chacarilla_Municipality,5405,0,1,2010,"{{Infobox settlement
<!-- See Template:Infobox settlement for additional fields and descriptions -->
<!-- Basic info  ---------------->
|official_name          = Chacarilla Municipality
|other_name             =
|native_name            = 
|nickname               = 
|settlement_type        = Municipality 
|motto                  =
<!-- images and maps  ----------->
|image_skyline          =
|imagesize              = 
|image_caption          =  
|image_flag             = 
|flag_size              =
|image_seal             = 
|seal_size              =
|image_shield           = 
|shield_size            =
|image_blank_emblem     =
|blank_emblem_type      =
|blank_emblem_size      =
|image_map              = 
|mapsize                = 
|map_caption            = 
|image_map1             = 
|mapsize1               = 
|map_caption1           = 
|image_dot_map          =
|dot_mapsize            =
|dot_map_caption        =
|dot_x =  |dot_y =
|pushpin_map            =Bolivia<!-- the name of a location map as per http://en.wikipedia.org/wiki/Template:Location_map -->
|pushpin_label_position =bottom
|pushpin_map_caption    =Location within Bolivia
<!-- Location ------------------>
|subdivision_type       = Country
|subdivision_name       ={{flag|Bolivia}}
|subdivision_type1      = [[Departments of Bolivia|Department]]
|subdivision_name1      = [[La Paz Department (Bolivia)|La Paz Department]]
|subdivision_type2      = [[Provinces of Bolivia|Province]]
|subdivision_name2      = [[Gualberto Villarroel Province]]
<!-- Smaller parts (e.g. boroughs of a city) and seat of government -->
|seat_type              = Seat
|seat                   = [[Chacarilla Canton|Chacarilla]] 
<!-- Politics ----------------->
|government_footnotes   =
|government_type        = 
|leader_title           = Mayor
|leader_name            = 
|leader_title1          =President<!-- for places with, say, both a mayor and a city manager -->
|leader_name1           =
|leader_title2          = 
|leader_name2           = 
|leader_title3          =
|leader_name3           =
|leader_title4          =
|leader_name4           =
|established_title      = Foundation<!-- Settled -->
|established_date       = 
|established_title2     =  <!-- Incorporated (town) -->
|established_date2      = 
|established_title3     =  <!-- Incorporated (city) -->
|established_date3      =
<!-- Area    --------------------->
|area_magnitude         = 
|unit_pref                =Imperial <!--Enter: Imperial, if Imperial (metric) is desired-->
|area_footnotes           =
|area_total_km2           =354<!-- ALL fields dealing with a measurements are subject to automatic unit conversion-->
|area_land_km2            = <!--See table @ Template:Infobox Settlement for details on automatic unit conversion-->
|area_water_km2           =
|area_total_sq_mi         =
|area_land_sq_mi          =
|area_water_sq_mi         =
|area_water_percent       =
|area_urban_km2           =
|area_urban_sq_mi         =
|area_metro_km2           =
|area_metro_sq_mi         =
|area_blank1_title        =
|area_blank1_km2          =
|area_blank1_sq_mi        =
<!-- Population   ----------------------->
|population_as_of               = 2010
|population_footnotes           =
|population_note                =
|population_total               =1981
|population_density_km2         =auto
|population_density_sq_mi       =
|population_metro               =
|population_density_metro_km2   =
|population_density_metro_sq_mi =
|population_urban               =
|population_density_urban_km2   =
|population_density_urban_sq_mi =
|population_blank1_title        =Ethnicities
|population_blank1              =
|population_blank2_title        =Religions
|population_blank2              =
|population_density_blank1_km2 =   
|population_density_blank1_sq_mi =
<!-- General information  --------------->
|timezone               = 
|utc_offset             = 
|timezone_DST           = 
|utc_offset_DST         = 
|coordinates            = {{coord|17.5|S|68.1667|W|display=inline}}
|elevation_footnotes    =  <!--for references: use <ref> </ref> tags-->
|elevation_m            =3850
|elevation_ft           =
<!-- Area/postal codes & others -------->
|postal_code_type       =  <!-- enter ZIP code, Postcode, Post code, Postal code... -->
|postal_code            =
|area_code              =

|timezone1      = BOT

|utc_offset1	= -4
|blank_name             =
|blank_info             =
|blank1_name            =
|blank1_info            =
|website                = 
|footnotes              = 
}}",,27,,NA,NA,Municipality,NA,NA,NA,NA,Bolivia,bottom,Location within Bolivia,Country,Bolivia,Department,La Paz Department,Mayor,NA,Foundation,NA,NA,1981,2010,NA,354,NA,3850,NA,NA,NA,NA,NA,NA,Chacarilla Municipality,NA,NA,NA,NA,NA,NA,NA,NA,NA,NA,NA,NA,NA,NA,NA,NA,NA,NA,NA,NA,NA,NA,Province,Gualberto Villarroel Province,Seat,Chacarilla,NA,NA,President,NA,NA,NA,NA,NA,NA,NA,NA,NA,NA,NA,NA,Imperial,NA,NA,NA,NA,NA,NA,NA,NA,NA,NA,NA,NA,NA,NA,auto,NA,NA,NA,NA,NA,NA,Ethnicities,NA,Religions,NA,NA,NA,NA,NA,NA,NA,NA,NA,NA,NA,NA,NA,NA,NA,NA,NA,NA,NA,BOT,-4,NA,NA,NA,NA,NA,NA,NA,NA,NA,NA,NA,NA,NA,NA,NA,NA,NA,NA,NA,NA,NA,NA,NA,NA,NA,NA,NA,NA,NA,NA
0,Charaña Municipality,Category:Municipalities of La Paz Department (Bolivia),23466613,7623,Q428293,https://en.wikipedia.org/wiki/Charaña_Municipality,7580,1,7,2001,"{{Infobox settlement
<!--See the Table at Infobox Settlement for all fields and descriptions of usage-->
<!-- Basic info  ---------------->
|official_name          = Charaña Municipality
|other_name             =
|native_name            = 
|nickname               = 
|settlement_type        = Municipality 
|motto                  =
<!-- images and maps  ----------->
|image_skyline          = 
|imagesize              = 250px
|image_caption          =  
|image_flag             = 
|flag_size              =
|image_seal             = 
|seal_size              =
|image_shield           = 
|shield_size            =
|image_blank_emblem     =
|blank_emblem_type      =
|blank_emblem_size      =
|image_map              = 
|mapsize                = 
|map_caption            = 
|image_map1             = 
|mapsize1               = 
|map_caption1           = 
|image_dot_map          =
|dot_mapsize            =
|dot_map_caption        =
|dot_x =  |dot_y =
|pushpin_map            = Bolivia<!-- the name of a location map as per http://en.wikipedia.org/wiki/Template:Location_map -->
|pushpin_label_position =bottom
|pushpin_map_caption    =Location of the Charaña Municipality within Bolivia
<!-- Location ------------------>
|subdivision_type       = Country
|subdivision_name       = [[Image:Flag of Bolivia.svg|25px]] [[Bolivia]]
|subdivision_type1      = [[Departments of Bolivia|Department]]
|subdivision_name1      = [[La Paz Department (Bolivia)|La Paz Department]]
|subdivision_type2      = [[Provinces of Bolivia|Province]]
|subdivision_name2      = [[Pacajes Province]]
<!-- Smaller parts (e.g. boroughs of a city) and seat of government -->
|seat_type              = Seat
|seat                   = [[Charaña]] 
<!-- Politics ----------------->
|government_footnotes   =
|government_type        = 
|leader_title           = Mayor
|leader_name            = Victor Hugo Apaza Mamani (2007)
|leader_title1          =President<!-- for places with, say, both a mayor and a city manager -->
|leader_name1           = Eufracio Marca Cruz  (2007)
|leader_title2          = 
|leader_name2           = 
|leader_title3          =
|leader_name3           =
|leader_title4          =
|leader_name4           =
|established_title      = Foundation<!-- Settled -->
|established_date       = 
|established_title2     =  <!-- Incorporated (town) -->
|established_date2      = 
|established_title3     =  <!-- Incorporated (city) -->
|established_date3      =
<!-- Area    --------------------->
|area_magnitude         = 
|unit_pref                =Imperial <!--Enter: Imperial, if Imperial (metric) is desired-->
|area_footnotes           =
|area_total_km2           = 2876 <!-- ALL fields dealing with a measurements are subject to automatic unit conversion-->
|area_land_km2            = <!--See table @ Template:Infobox Settlement for details on automatic unit conversion-->
|area_water_km2           =
|area_total_sq_mi         =
|area_land_sq_mi          =
|area_water_sq_mi         =
|area_water_percent       =
|area_urban_km2           =
|area_urban_sq_mi         =
|area_metro_km2           =
|area_metro_sq_mi         =
|area_blank1_title        =
|area_blank1_km2          =
|area_blank1_sq_mi        =
<!-- Population   ----------------------->
|population_as_of               = 2001
|population_footnotes           =
|population_note                =
|population_total               = 2766 
|population_density_km2         =
|population_density_sq_mi       =
|population_metro               =
|population_density_metro_km2   =
|population_density_metro_sq_mi =
|population_urban               =
|population_density_urban_km2   =
|population_density_urban_sq_mi =
|population_blank1_title        =Ethnicities
|population_blank1              =
|population_blank2_title        =Religions
|population_blank2              =
|population_density_blank1_km2 =   
|population_density_blank1_sq_mi =
<!-- General information  --------------->
|timezone               = BOT
|utc_offset             = -4
|timezone_DST           = 
|utc_offset_DST         = 
|coordinates            = {{coord|17|35|0|S|69|10|0|W|region:BO|display=inline,title}}
|elevation_footnotes    =  <!--for references: use <ref> </ref> tags-->
|elevation_m            =4100
|elevation_ft           =
<!-- Area/postal codes & others -------->
|postal_code_type       =  <!-- enter ZIP code, Postcode, Post code, Postal code... -->
|postal_code            =
|area_code              =
|blank_name             =
|blank_info             =
|blank1_name            =
|blank1_info            =
|website                = 
|footnotes              = 
}}",,29,,NA,NA,Municipality,NA,NA,NA,NA,Bolivia,bottom,Location of the Charaña Municipality within Bolivia,Country,25px Bolivia,Department,La Paz Department,Mayor,Victor Hugo Apaza Mamani (2007),Foundation,NA,NA,2766,2001,NA,2876,NA,4100,NA,BOT,NA,NA,NA,NA,Charaña Municipality,NA,NA,NA,NA,250px,NA,NA,NA,NA,NA,NA,NA,NA,NA,NA,NA,NA,NA,NA,NA,NA,NA,Province,Pacajes Province,Seat,Charaña,NA,NA,President,Eufracio Marca Cruz (2007),NA,NA,NA,NA,NA,NA,NA,NA,NA,NA,NA,Imperial,NA,NA,NA,NA,NA,NA,NA,NA,NA,NA,NA,NA,NA,NA,NA,NA,NA,NA,NA,NA,NA,Ethnicities,NA,Religions,NA,NA,NA,-4,NA,NA,NA,NA,NA,NA,NA,NA,NA,NA,NA,NA,NA,NA,NA,NA,NA,NA,NA,NA,NA,NA,NA,NA,NA,NA,NA,NA,NA,NA,NA,NA,NA,NA,NA,NA,NA,NA,NA,NA,NA,NA,NA,NA,NA,NA,NA
0,Chulumani Municipality,Category:Municipalities of La Paz Department (Bolivia),24861621,5947,Q1552034,https://en.wikipedia.org/wiki/Chulumani_Municipality,5944,0,2,2001,"{{Infobox settlement
<!--See the Table at Infobox Settlement for all fields and descriptions of usage-->
<!-- Basic info  ---------------->
|official_name          = Chulumani Municipality
|other_name             =
|native_name            = 
|nickname               = 
|settlement_type        = Municipality 
|motto                  =
<!-- images and maps  ----------->
|image_skyline          =Plaza de Chulumani.jpg
|imagesize              = 
|image_caption          = Chulumani
|image_flag             = 
|flag_size              =
|image_seal             = 
|seal_size              =
|image_shield           = 
|shield_size            =
|image_blank_emblem     =
|blank_emblem_type      =
|blank_emblem_size      =
|image_map              = 
|mapsize                = 
|map_caption            = 
|image_map1             = 
|mapsize1               = 
|map_caption1           = 
|image_dot_map          =
|dot_mapsize            =
|dot_map_caption        =
|dot_x =  |dot_y =
|pushpin_map            =Bolivia<!-- the name of a location map as per http://en.wikipedia.org/wiki/Template:Location_map -->
|pushpin_label_position =bottom
|pushpin_map_caption    =Location within Bolivia
<!-- Location ------------------>
|subdivision_type       = Country
|subdivision_name       ={{flag|Bolivia}}
|subdivision_type1      = [[Departments of Bolivia|Department]]
|subdivision_name1      = [[La Paz Department (Bolivia)|La Paz Department]]
|subdivision_type2      = [[Provinces of Bolivia|Province]]
|subdivision_name2      = [[Sud Yungas Province]]
<!-- Smaller parts (e.g. boroughs of a city) and seat of government -->
|seat_type              = Seat
|seat                   = [[Chulumani]] 
<!-- Politics ----------------->
|government_footnotes   =
|government_type        = 
|leader_title           = Mayor
|leader_name            = Damaso Torrez Cuba (2007)
|leader_title1          =President<!-- for places with, say, both a mayor and a city manager -->
|leader_name1           =Francisco Quispe Cusi (2007)
|leader_title2          = 
|leader_name2           = 
|leader_title3          =
|leader_name3           =
|leader_title4          =
|leader_name4           =
|established_title      = Foundation<!-- Settled -->
|established_date       = 
|established_title2     =  <!-- Incorporated (town) -->
|established_date2      = 
|established_title3     =  <!-- Incorporated (city) -->
|established_date3      =
<!-- Area    --------------------->
|area_magnitude         = 
|unit_pref                =Imperial <!--Enter: Imperial, if Imperial (metric) is desired-->
|area_footnotes           =
|area_total_km2           =<!-- ALL fields dealing with a measurements are subject to automatic unit conversion-->
|area_land_km2            = <!--See table @ Template:Infobox Settlement for details on automatic unit conversion-->
|area_water_km2           =
|area_total_sq_mi         =
|area_land_sq_mi          =
|area_water_sq_mi         =
|area_water_percent       =
|area_urban_km2           =
|area_urban_sq_mi         =
|area_metro_km2           =
|area_metro_sq_mi         =
|area_blank1_title        =
|area_blank1_km2          =
|area_blank1_sq_mi        =
<!-- Population   ----------------------->
|population_as_of               = 2001
|population_footnotes           =
|population_note                =
|population_total               = 13,204
|population_density_km2         =
|population_density_sq_mi       =
|population_metro               =
|population_density_metro_km2   =
|population_density_metro_sq_mi =
|population_urban               =
|population_density_urban_km2   =
|population_density_urban_sq_mi =
|population_blank1_title        =Ethnicities
|population_blank1              =
|population_blank2_title        =Religions
|population_blank2              =
|population_density_blank1_km2 =   
|population_density_blank1_sq_mi =
<!-- General information  --------------->
|timezone               = BOT
|utc_offset             = -4
|timezone_DST           = 
|utc_offset_DST         = 
|coordinates            = {{coord|16|22|S|67|32|W|display=inline}}
|elevation_footnotes    =  <!--for references: use <ref> </ref> tags-->
|elevation_m            =1800 
|elevation_ft           =
<!-- Area/postal codes & others -------->
|postal_code_type       =  <!-- enter ZIP code, Postcode, Post code, Postal code... -->
|postal_code            =
|area_code              =
|blank_name             =
|blank_info             =
|blank1_name            =
|blank1_info            =
|website                = 
|footnotes              = 
}}",,29,,NA,Plaza de Chulumani.jpg,Municipality,NA,NA,NA,NA,Bolivia,bottom,Location within Bolivia,Country,Bolivia,Department,La Paz Department,Mayor,Damaso Torrez Cuba (2007),Foundation,NA,NA,"13,204",2001,NA,NA,NA,1800,NA,BOT,NA,NA,NA,NA,Chulumani Municipality,NA,NA,NA,NA,NA,Chulumani,NA,NA,NA,NA,NA,NA,NA,NA,NA,NA,NA,NA,NA,NA,NA,NA,Province,Sud Yungas Province,Seat,Chulumani,NA,NA,President,Francisco Quispe Cusi (2007),NA,NA,NA,NA,NA,NA,NA,NA,NA,NA,NA,Imperial,NA,NA,NA,NA,NA,NA,NA,NA,NA,NA,NA,NA,NA,NA,NA,NA,NA,NA,NA,NA,NA,Ethnicities,NA,Religions,NA,NA,NA,-4,NA,NA,NA,NA,NA,NA,NA,NA,NA,NA,NA,NA,NA,NA,NA,NA,NA,NA,NA,NA,NA,NA,NA,NA,NA,NA,NA,NA,NA,NA,NA,NA,NA,NA,NA,NA,NA,NA,NA,NA,NA,NA,NA,NA,NA,NA,NA
0,Chuma Municipality,Category:Municipalities of La Paz Department (Bolivia),23467258,5391,Q1552008,https://en.wikipedia.org/wiki/Chuma_Municipality,5387,0,1,2001,"{{Infobox settlement
<!--See the Table at Infobox Settlement for all fields and descriptions of usage-->
<!-- Basic info  ---------------->
|official_name          = Chuma Municipality
|other_name             =
|native_name            = 
|nickname               = 
|settlement_type        = Municipality 
|motto                  =
<!-- images and maps  ----------->
|image_skyline          = 
|imagesize              = 250px
|image_caption          =  
|image_flag             = 
|flag_size              =
|image_seal             = 
|seal_size              =
|image_shield           = 
|shield_size            =
|image_blank_emblem     =
|blank_emblem_type      =
|blank_emblem_size      =
|image_map              = 
|mapsize                = 
|map_caption            = 
|image_map1             = 
|mapsize1               = 
|map_caption1           = 
|image_dot_map          =
|dot_mapsize            =
|dot_map_caption        =
|dot_x =  |dot_y =
|pushpin_map            = Bolivia<!-- the name of a location map as per http://en.wikipedia.org/wiki/Template:Location_map -->
|pushpin_label_position =bottom
|pushpin_map_caption    =Location of the Chuma Municipality within Bolivia
<!-- Location ------------------>
|subdivision_type       = Country
|subdivision_name       = [[Image:Flag of Bolivia.svg|25px]] [[Bolivia]]
|subdivision_type1      = [[Departments of Bolivia|Department]]
|subdivision_name1      = [[La Paz Department (Bolivia)|La Paz Department]]
|subdivision_type2      = [[Provinces of Bolivia|Province]]
|subdivision_name2      = [[Muñecas Province]]
<!-- Smaller parts (e.g. boroughs of a city) and seat of government -->
|seat_type              = Seat
|seat                   = [[Chuma (La Paz)|Chuma]] 
<!-- Politics ----------------->
|government_footnotes   =
|government_type        = 
|leader_title           = Mayor
|leader_name            = Alejandro Avila Rada (2007)
|leader_title1          =President<!-- for places with, say, both a mayor and a city manager -->
|leader_name1           = Hugo Simon Mamani Laura (2007)
|leader_title2          = 
|leader_name2           = 
|leader_title3          =
|leader_name3           =
|leader_title4          =
|leader_name4           =
|established_title      = Foundation<!-- Settled -->
|established_date       = 
|established_title2     =  <!-- Incorporated (town) -->
|established_date2      = 
|established_title3     =  <!-- Incorporated (city) -->
|established_date3      =
<!-- Area    --------------------->
|area_magnitude         = 
|unit_pref                =Imperial <!--Enter: Imperial, if Imperial (metric) is desired-->
|area_footnotes           =
|area_total_km2           = 590 <!-- ALL fields dealing with a measurements are subject to automatic unit conversion-->
|area_land_km2            = <!--See table @ Template:Infobox Settlement for details on automatic unit conversion-->
|area_water_km2           =
|area_total_sq_mi         =
|area_land_sq_mi          =
|area_water_sq_mi         =
|area_water_percent       =
|area_urban_km2           =
|area_urban_sq_mi         =
|area_metro_km2           =
|area_metro_sq_mi         =
|area_blank1_title        =
|area_blank1_km2          =
|area_blank1_sq_mi        =
<!-- Population   ----------------------->
|population_as_of               = 2001
|population_footnotes           =
|population_note                =
|population_total               = 12874 
|population_density_km2         =
|population_density_sq_mi       =
|population_metro               =
|population_density_metro_km2   =
|population_density_metro_sq_mi =
|population_urban               =
|population_density_urban_km2   =
|population_density_urban_sq_mi =
|population_blank1_title        =Ethnicities
|population_blank1              =
|population_blank2_title        =Religions
|population_blank2              =
|population_density_blank1_km2 =   
|population_density_blank1_sq_mi =
<!-- General information  --------------->
|timezone               = BOT
|utc_offset             = -4
|timezone_DST           = 
|utc_offset_DST         = 
|coordinates            = {{coord|15|30|0|S|68|55|0|W|region:BO|display=inline,title}}
|elevation_footnotes    =  <!--for references: use <ref> </ref> tags-->
|elevation_m            =2500
|elevation_ft           =
<!-- Area/postal codes & others -------->
|postal_code_type       =  <!-- enter ZIP code, Postcode, Post code, Postal code... -->
|postal_code            =
|area_code              =
|blank_name             =
|blank_info             =
|blank1_name            =
|blank1_info            =
|website                = 
|footnotes              = 
}}",,29,,NA,NA,Municipality,NA,NA,NA,NA,Bolivia,bottom,Location of the Chuma Municipality within Bolivia,Country,25px Bolivia,Department,La Paz Department,Mayor,Alejandro Avila Rada (2007),Foundation,NA,NA,12874,2001,NA,590,NA,2500,NA,BOT,NA,NA,NA,NA,Chuma Municipality,NA,NA,NA,NA,250px,NA,NA,NA,NA,NA,NA,NA,NA,NA,NA,NA,NA,NA,NA,NA,NA,NA,Province,Muñecas Province,Seat,Chuma,NA,NA,President,Hugo Simon Mamani Laura (2007),NA,NA,NA,NA,NA,NA,NA,NA,NA,NA,NA,Imperial,NA,NA,NA,NA,NA,NA,NA,NA,NA,NA,NA,NA,NA,NA,NA,NA,NA,NA,NA,NA,NA,Ethnicities,NA,Religions,NA,NA,NA,-4,NA,NA,NA,NA,NA,NA,NA,NA,NA,NA,NA,NA,NA,NA,NA,NA,NA,NA,NA,NA,NA,NA,NA,NA,NA,NA,NA,NA,NA,NA,NA,NA,NA,NA,NA,NA,NA,NA,NA,NA,NA,NA,NA,NA,NA,NA,NA
0,Collana Municipality,Category:Municipalities of La Paz Department (Bolivia),24861624,5061,Q490945,https://en.wikipedia.org/wiki/Collana_Municipality,5060,0,1,2001,"{{Infobox settlement
<!--See the Table at Infobox Settlement for all fields and descriptions of usage-->
<!-- Basic info  ---------------->
|official_name          = Collana Municipality
|other_name             =
|native_name            = 
|nickname               = 
|settlement_type        = Municipality 
|motto                  =
<!-- images and maps  ----------->
|image_skyline          =P8040003_Illimani.JPG
|imagesize              = 
|image_caption          =  Collana skyline view
|image_flag             = 
|flag_size              =
|image_seal             = 
|seal_size              =
|image_shield           = 
|shield_size            =
|image_blank_emblem     =
|blank_emblem_type      =
|blank_emblem_size      =
|image_map              = 
|mapsize                = 
|map_caption            = 
|image_map1             = 
|mapsize1               = 
|map_caption1           = 
|image_dot_map          =
|dot_mapsize            =
|dot_map_caption        =
|dot_x =  |dot_y =
|pushpin_map            =Bolivia<!-- the name of a location map as per http://en.wikipedia.org/wiki/Template:Location_map -->
|pushpin_label_position =bottom
|pushpin_map_caption    =Location within Bolivia
<!-- Location ------------------>
|subdivision_type       = Country
|subdivision_name       ={{flag|Bolivia}}
|subdivision_type1      = [[Departments of Bolivia|Department]]
|subdivision_name1      = [[La Paz Department (Bolivia)|La Paz Department]]
|subdivision_type2      = [[Provinces of Bolivia|Province]]
|subdivision_name2      = [[Aroma Province]]
<!-- Smaller parts (e.g. boroughs of a city) and seat of government -->
|seat_type              = Seat
|seat                   = [[Collana]] 
<!-- Politics ----------------->
|government_footnotes   =
|government_type        = 
|leader_title           = Mayor
|leader_name            = 
|leader_title1          =President<!-- for places with, say, both a mayor and a city manager -->
|leader_name1           =
|leader_title2          = 
|leader_name2           = 
|leader_title3          =
|leader_name3           =
|leader_title4          =
|leader_name4           =
|established_title      = Foundation<!-- Settled -->
|established_date       = 
|established_title2     =  <!-- Incorporated (town) -->
|established_date2      = 
|established_title3     =  <!-- Incorporated (city) -->
|established_date3      =
<!-- Area    --------------------->
|area_magnitude         = 
|unit_pref                =Imperial <!--Enter: Imperial, if Imperial (metric) is desired-->
|area_footnotes           =
|area_total_km2           =<!-- ALL fields dealing with a measurements are subject to automatic unit conversion-->
|area_land_km2            = <!--See table @ Template:Infobox Settlement for details on automatic unit conversion-->
|area_water_km2           =
|area_total_sq_mi         =
|area_land_sq_mi          =
|area_water_sq_mi         =
|area_water_percent       =
|area_urban_km2           =
|area_urban_sq_mi         =
|area_metro_km2           =
|area_metro_sq_mi         =
|area_blank1_title        =
|area_blank1_km2          =
|area_blank1_sq_mi        =
<!-- Population   ----------------------->
|population_as_of               = 2001
|population_footnotes           =
|population_note                =
|population_total               = 2927
|population_density_km2         =
|population_density_sq_mi       =
|population_metro               =
|population_density_metro_km2   =
|population_density_metro_sq_mi =
|population_urban               =
|population_density_urban_km2   =
|population_density_urban_sq_mi =
|population_blank1_title        =Ethnicities
|population_blank1              =
|population_blank2_title        =Religions
|population_blank2              =
|population_density_blank1_km2 =   
|population_density_blank1_sq_mi =
<!-- General information  --------------->
|timezone               = BOT
|utc_offset             = -4
|timezone_DST           = 
|utc_offset_DST         = 
|coordinates            = {{coord|16|54|S|68|17|W|display=inline}}
|elevation_footnotes    =  <!--for references: use <ref> </ref> tags-->
|elevation_m            =
|elevation_ft           =
<!-- Area/postal codes & others -------->
|postal_code_type       =  <!-- enter ZIP code, Postcode, Post code, Postal code... -->
|postal_code            =
|area_code              =
|blank_name             =
|blank_info             =
|blank1_name            =
|blank1_info            =
|website                = 
|footnotes              = 
}}",,26,,NA,P8040003_Illimani.JPG,Municipality,NA,NA,NA,NA,Bolivia,bottom,Location within Bolivia,Country,Bolivia,Department,La Paz Department,Mayor,NA,Foundation,NA,NA,2927,2001,NA,NA,NA,NA,NA,BOT,NA,NA,NA,NA,Collana Municipality,NA,NA,NA,NA,NA,Collana skyline view,NA,NA,NA,NA,NA,NA,NA,NA,NA,NA,NA,NA,NA,NA,NA,NA,Province,Aroma Province,Seat,Collana,NA,NA,President,NA,NA,NA,NA,NA,NA,NA,NA,NA,NA,NA,NA,Imperial,NA,NA,NA,NA,NA,NA,NA,NA,NA,NA,NA,NA,NA,NA,NA,NA,NA,NA,NA,NA,NA,Ethnicities,NA,Religions,NA,NA,NA,-4,NA,NA,NA,NA,NA,NA,NA,NA,NA,NA,NA,NA,NA,NA,NA,NA,NA,NA,NA,NA,NA,NA,NA,NA,NA,NA,NA,NA,NA,NA,NA,NA,NA,NA,NA,NA,NA,NA,NA,NA,NA,NA,NA,NA,NA,NA,NA
0,Colquencha Municipality,Category:Municipalities of La Paz Department (Bolivia),24861628,5288,Q490983,https://en.wikipedia.org/wiki/Colquencha_Municipality,5287,1,2,2001,"{{Infobox settlement
<!--See the Table at Infobox Settlement for all fields and descriptions of usage-->
<!-- Basic info  ---------------->
|official_name          = Colquencha Municipality
|other_name             =
|native_name            = 
|nickname               = 
|settlement_type        = Municipality 
|motto                  =
<!-- images and maps  ----------->
|image_skyline          =
|imagesize              = 
|image_caption          =  
|image_flag             = 
|flag_size              =
|image_seal             = 
|seal_size              =
|image_shield           = 
|shield_size            =
|image_blank_emblem     =
|blank_emblem_type      =
|blank_emblem_size      =
|image_map              = 
|mapsize                = 
|map_caption            = 
|image_map1             = 
|mapsize1               = 
|map_caption1           = 
|image_dot_map          =
|dot_mapsize            =
|dot_map_caption        =
|dot_x =  |dot_y =
|pushpin_map            =Bolivia<!-- the name of a location map as per http://en.wikipedia.org/wiki/Template:Location_map -->
|pushpin_label_position =bottom
|pushpin_map_caption    =Location within Bolivia
<!-- Location ------------------>
|subdivision_type       = Country
|subdivision_name       ={{flag|Bolivia}}
|subdivision_type1      = [[Departments of Bolivia|Department]]
|subdivision_name1      = [[La Paz Department (Bolivia)|La Paz Department]]
|subdivision_type2      = [[Provinces of Bolivia|Province]]
|subdivision_name2      = [[Aroma Province]]
<!-- Smaller parts (e.g. boroughs of a city) and seat of government -->
|seat_type              = Seat
|seat                   = [[Colquencha]] 
<!-- Politics ----------------->
|government_footnotes   =
|government_type        = 
|leader_title           = Mayor
|leader_name            = 
|leader_title1          =President<!-- for places with, say, both a mayor and a city manager -->
|leader_name1           =
|leader_title2          = 
|leader_name2           = 
|leader_title3          =
|leader_name3           =
|leader_title4          =
|leader_name4           =
|established_title      = Foundation<!-- Settled -->
|established_date       = 
|established_title2     =  <!-- Incorporated (town) -->
|established_date2      = 
|established_title3     =  <!-- Incorporated (city) -->
|established_date3      =
<!-- Area    --------------------->
|area_magnitude         = 
|unit_pref                =Imperial <!--Enter: Imperial, if Imperial (metric) is desired-->
|area_footnotes           =
|area_total_km2           =<!-- ALL fields dealing with a measurements are subject to automatic unit conversion-->
|area_land_km2            = <!--See table @ Template:Infobox Settlement for details on automatic unit conversion-->
|area_water_km2           =
|area_total_sq_mi         =
|area_land_sq_mi          =
|area_water_sq_mi         =
|area_water_percent       =
|area_urban_km2           =
|area_urban_sq_mi         =
|area_metro_km2           =
|area_metro_sq_mi         =
|area_blank1_title        =
|area_blank1_km2          =
|area_blank1_sq_mi        =
<!-- Population   ----------------------->
|population_as_of               = 2001
|population_footnotes           =
|population_note                =
|population_total               = 8020
|population_density_km2         =
|population_density_sq_mi       =
|population_metro               =
|population_density_metro_km2   =
|population_density_metro_sq_mi =
|population_urban               =
|population_density_urban_km2   =
|population_density_urban_sq_mi =
|population_blank1_title        =Ethnicities
|population_blank1              =
|population_blank2_title        =Religions
|population_blank2              =
|population_density_blank1_km2 =   
|population_density_blank1_sq_mi =
<!-- General information  --------------->
|timezone               =BOT
|utc_offset             = -4
|timezone_DST           = 
|utc_offset_DST         = 
|coordinates            = {{coord|16|56|S|68|15|W|display=inline}}
|elevation_footnotes    =  <!--for references: use <ref> </ref> tags-->
|elevation_m            =
|elevation_ft           =
<!-- Area/postal codes & others -------->
|postal_code_type       =  <!-- enter ZIP code, Postcode, Post code, Postal code... -->
|postal_code            =
|area_code              =
|blank_name             =
|blank_info             =
|blank1_name            =
|blank1_info            =
|website                = 
|footnotes              = 
}}",,24,,NA,NA,Municipality,NA,NA,NA,NA,Bolivia,bottom,Location within Bolivia,Country,Bolivia,Department,La Paz Department,Mayor,NA,Foundation,NA,NA,8020,2001,NA,NA,NA,NA,NA,BOT,NA,NA,NA,NA,Colquencha Municipality,NA,NA,NA,NA,NA,NA,NA,NA,NA,NA,NA,NA,NA,NA,NA,NA,NA,NA,NA,NA,NA,NA,Province,Aroma Province,Seat,Colquencha,NA,NA,President,NA,NA,NA,NA,NA,NA,NA,NA,NA,NA,NA,NA,Imperial,NA,NA,NA,NA,NA,NA,NA,NA,NA,NA,NA,NA,NA,NA,NA,NA,NA,NA,NA,NA,NA,Ethnicities,NA,Religions,NA,NA,NA,-4,NA,NA,NA,NA,NA,NA,NA,NA,NA,NA,NA,NA,NA,NA,NA,NA,NA,NA,NA,NA,NA,NA,NA,NA,NA,NA,NA,NA,NA,NA,NA,NA,NA,NA,NA,NA,NA,NA,NA,NA,NA,NA,NA,NA,NA,NA,NA
0,Colquiri Municipality,Category:Municipalities of La Paz Department (Bolivia),24861629,6162,Q1544551,https://en.wikipedia.org/wiki/Colquiri_Municipality,6160,1,4,2001,"{{Infobox settlement
<!--See the Table at Infobox Settlement for all fields and descriptions of usage-->
<!-- Basic info  ---------------->
|official_name          = Colquiri 
|other_name             =
|native_name            = Qullqiri
|nickname               = 
|settlement_type        = Municipality 
|motto                  =
<!-- images and maps  ----------->
|image_skyline          =
|imagesize              = 
|image_caption          =  
|image_flag             = 
|flag_size              =
|image_seal             = 
|seal_size              =
|image_shield           = 
|shield_size            =
|image_blank_emblem     =
|blank_emblem_type      =
|blank_emblem_size      =
|image_map              = 
|mapsize                = 
|map_caption            = 
|image_map1             = 
|mapsize1               = 
|map_caption1           = 
|image_dot_map          =
|pushpin_map            =<!-- the name of a location map as per http://en.wikipedia.org/wiki/Template:Location_map -->
|pushpin_label_position =bottom
|pushpin_map_caption    =Location within Bolivia
<!-- Location ------------------>
|subdivision_type       = Country
|subdivision_name       ={{flag|Bolivia}}
|subdivision_type1      = [[Departments of Bolivia|Department]]
|subdivision_name1      = [[La Paz Department (Bolivia)|La Paz Department]]
|subdivision_type2      = [[Provinces of Bolivia|Province]]
|subdivision_name2      = [[Inquisivi Province]]
<!-- Smaller parts (e.g. boroughs of a city) and seat of government -->
|seat_type              = Seat
|seat                   = [[Colquiri]] 
<!-- Politics ----------------->
|government_footnotes   =
|government_type        = 
|leader_title           = Mayor
|leader_name            = 
|leader_title1          =President<!-- for places with, say, both a mayor and a city manager -->
|leader_name1           =
|leader_title2          = 
|leader_name2           = 
|leader_title3          =
|leader_name3           =
|leader_title4          =
|leader_name4           =
|established_title      = Foundation<!-- Settled -->
|established_date       = 
|established_title2     =  <!-- Incorporated (town) -->
|established_date2      = 
|established_title3     =  <!-- Incorporated (city) -->
|established_date3      =
<!-- Area    --------------------->
|area_magnitude         = 
|unit_pref                =Imperial <!--Enter: Imperial, if Imperial (metric) is desired-->
|area_footnotes           =
|area_total_km2           =<!-- ALL fields dealing with a measurements are subject to automatic unit conversion-->
|area_land_km2            = <!--See table @ Template:Infobox Settlement for details on automatic unit conversion-->
|area_water_km2           =
|area_total_sq_mi         =
|area_land_sq_mi          =
|area_water_sq_mi         =
|area_water_percent       =
|area_urban_km2           =
|area_urban_sq_mi         =
|area_metro_km2           =
|area_metro_sq_mi         =
|area_blank1_title        =
|area_blank1_km2          =
|area_blank1_sq_mi        =
<!-- Population   ----------------------->
|population_as_of               = 2001
|population_footnotes           =
|population_note                =
|population_total               = 
|population_density_km2         =
|population_density_sq_mi       =
|population_metro               =
|population_density_metro_km2   =
|population_density_metro_sq_mi =
|population_urban               =
|population_density_urban_km2   =
|population_density_urban_sq_mi =
|population_blank1_title        =Ethnicities
|population_blank1              =
|population_blank2_title        =Religions
|population_blank2              =
|population_density_blank1_km2 =   
|population_density_blank1_sq_mi =
<!-- General information  --------------->
|timezone               =BOT
|utc_offset             = -4
|timezone_DST           = 
|utc_offset_DST         = 
|coordinates            = 
|elevation_footnotes    =  <!--for references: use <ref> </ref> tags-->
|elevation_m            =
|elevation_ft           =
<!-- Area/postal codes & others -------->
|postal_code_type       =  <!-- enter ZIP code, Postcode, Post code, Postal code... -->
|postal_code            =
|area_code              =
|blank_name             =
|blank_info             =
|blank1_name            =
|blank1_info            =
|website                = 
|footnotes              = 
}}",,22,,NA,NA,Municipality,NA,NA,NA,NA,NA,bottom,Location within Bolivia,Country,Bolivia,Department,La Paz Department,Mayor,NA,Foundation,NA,NA,NA,2001,NA,NA,NA,NA,NA,BOT,NA,NA,NA,NA,Colquiri,NA,Qullqiri,NA,NA,NA,NA,NA,NA,NA,NA,NA,NA,NA,NA,NA,NA,NA,NA,NA,NA,NA,NA,Province,Inquisivi Province,Seat,Colquiri,NA,NA,President,NA,NA,NA,NA,NA,NA,NA,NA,NA,NA,NA,NA,Imperial,NA,NA,NA,NA,NA,NA,NA,NA,NA,NA,NA,NA,NA,NA,NA,NA,NA,NA,NA,NA,NA,Ethnicities,NA,Religions,NA,NA,NA,-4,NA,NA,NA,NA,NA,NA,NA,NA,NA,NA,NA,NA,NA,NA,NA,NA,NA,NA,NA,NA,NA,NA,NA,NA,NA,NA,NA,NA,NA,NA,NA,NA,NA,NA,NA,NA,NA,NA,NA,NA,NA,NA,NA,NA,NA,NA,NA
0,Comanche Municipality,Category:Municipalities of La Paz Department (Bolivia),23466530,5368,Q534012,https://en.wikipedia.org/wiki/Comanche_Municipality,5368,0,1,2001,"{{Infobox settlement
<!--See the Table at Infobox Settlement for all fields and descriptions of usage-->
<!-- Basic info  ---------------->
|official_name          = Comanche Municipality
|other_name             =
|native_name            = 
|nickname               = 
|settlement_type        = Municipality 
|motto                  =
<!-- images and maps  ----------->
|image_skyline          = 
|imagesize              = 250px
|image_caption          =  
|image_flag             = 
|flag_size              =
|image_seal             = 
|seal_size              =
|image_shield           = 
|shield_size            =
|image_blank_emblem     =
|blank_emblem_type      =
|blank_emblem_size      =
|image_map              = 
|mapsize                = 
|map_caption            = 
|image_map1             = 
|mapsize1               = 
|map_caption1           = 
|image_dot_map          =
|dot_mapsize            =
|dot_map_caption        =
|dot_x =  |dot_y =
|pushpin_map            = Bolivia<!-- the name of a location map as per http://en.wikipedia.org/wiki/Template:Location_map -->
|pushpin_label_position =bottom
|pushpin_map_caption    =Location of the Comanche Municipality within Bolivia
<!-- Location ------------------>
|subdivision_type       = Country
|subdivision_name       = [[Image:Flag of Bolivia.svg|25px]] [[Bolivia]]
|subdivision_type1      = [[Departments of Bolivia|Department]]
|subdivision_name1      = [[La Paz Department (Bolivia)|La Paz Department]]
|subdivision_type2      = [[Provinces of Bolivia|Province]]
|subdivision_name2      = [[Pacajes Province]]
<!-- Smaller parts (e.g. boroughs of a city) and seat of government -->
|seat_type              = Seat
|seat                   = [[Comanche, Bolivia|Comanche]] 
<!-- Politics ----------------->
|government_footnotes   =
|government_type        = 
|leader_title           = Mayor
|leader_name            = Juan Mamani Villca  (2007)
|leader_title1          =President<!-- for places with, say, both a mayor and a city manager -->
|leader_name1           = Jorge Humerez Humerez (2007)
|leader_title2          = 
|leader_name2           = 
|leader_title3          =
|leader_name3           =
|leader_title4          =
|leader_name4           =
|established_title      = Foundation<!-- Settled -->
|established_date       = 
|established_title2     =  <!-- Incorporated (town) -->
|established_date2      = 
|established_title3     =  <!-- Incorporated (city) -->
|established_date3      =
<!-- Area    --------------------->
|area_magnitude         = 
|unit_pref                =Imperial <!--Enter: Imperial, if Imperial (metric) is desired-->
|area_footnotes           =
|area_total_km2           = 430 <!-- ALL fields dealing with a measurements are subject to automatic unit conversion-->
|area_land_km2            = <!--See table @ Template:Infobox Settlement for details on automatic unit conversion-->
|area_water_km2           =
|area_total_sq_mi         =
|area_land_sq_mi          =
|area_water_sq_mi         =
|area_water_percent       =
|area_urban_km2           =
|area_urban_sq_mi         =
|area_metro_km2           =
|area_metro_sq_mi         =
|area_blank1_title        =
|area_blank1_km2          =
|area_blank1_sq_mi        =
<!-- Population   ----------------------->
|population_as_of               = 2001
|population_footnotes           =
|population_note                =
|population_total               = 3862 
|population_density_km2         =
|population_density_sq_mi       =
|population_metro               =
|population_density_metro_km2   =
|population_density_metro_sq_mi =
|population_urban               =
|population_density_urban_km2   =
|population_density_urban_sq_mi =
|population_blank1_title        =Ethnicities
|population_blank1              =
|population_blank2_title        =Religions
|population_blank2              =
|population_density_blank1_km2 =   
|population_density_blank1_sq_mi =
<!-- General information  --------------->
|timezone               = BOT
|utc_offset             = -4
|timezone_DST           = 
|utc_offset_DST         = 
|coordinates            = {{coord|17|00|0|S|68|25|0|W|region:BO|display=inline,title}}
|elevation_footnotes    =  <!--for references: use <ref> </ref> tags-->
|elevation_m            =4000
|elevation_ft           =
<!-- Area/postal codes & others -------->
|postal_code_type       =  <!-- enter ZIP code, Postcode, Post code, Postal code... -->
|postal_code            =
|area_code              =
|blank_name             =
|blank_info             =
|blank1_name            =
|blank1_info            =
|website                = 
|footnotes              = 
}}",,29,,NA,NA,Municipality,NA,NA,NA,NA,Bolivia,bottom,Location of the Comanche Municipality within Bolivia,Country,25px Bolivia,Department,La Paz Department,Mayor,Juan Mamani Villca (2007),Foundation,NA,NA,3862,2001,NA,430,NA,4000,NA,BOT,NA,NA,NA,NA,Comanche Municipality,NA,NA,NA,NA,250px,NA,NA,NA,NA,NA,NA,NA,NA,NA,NA,NA,NA,NA,NA,NA,NA,NA,Province,Pacajes Province,Seat,Comanche,NA,NA,President,Jorge Humerez Humerez (2007),NA,NA,NA,NA,NA,NA,NA,NA,NA,NA,NA,Imperial,NA,NA,NA,NA,NA,NA,NA,NA,NA,NA,NA,NA,NA,NA,NA,NA,NA,NA,NA,NA,NA,Ethnicities,NA,Religions,NA,NA,NA,-4,NA,NA,NA,NA,NA,NA,NA,NA,NA,NA,NA,NA,NA,NA,NA,NA,NA,NA,NA,NA,NA,NA,NA,NA,NA,NA,NA,NA,NA,NA,NA,NA,NA,NA,NA,NA,NA,NA,NA,NA,NA,NA,NA,NA,NA,NA,NA
0,Combaya Municipality,Category:Municipalities of La Paz Department (Bolivia),23464910,6053,Q1585114,https://en.wikipedia.org/wiki/Combaya_Municipality,6051,0,1,2001,"{{Infobox settlement
<!-- See Template:Infobox settlement for additional fields and descriptions -->
<!-- Basic info  ---------------->
|official_name          = Combaya Municipality
|other_name             =
|native_name            = 
|nickname               = 
|settlement_type        = Municipality 
|motto                  =
<!-- images and maps  ----------->
|image_skyline          = 
|imagesize              = 250px
|image_caption          =  
|image_flag             = 
|flag_size              =
|image_seal             = 
|seal_size              =
|image_shield           = 
|shield_size            =
|image_blank_emblem     =
|blank_emblem_type      =
|blank_emblem_size      =
|image_map              = 
|mapsize                = 
|map_caption            = 
|image_map1             = 
|mapsize1               = 
|map_caption1           = 
|image_dot_map          =
|dot_mapsize            =
|dot_map_caption        =
|dot_x =  |dot_y =
|pushpin_map            = Bolivia<!-- the name of a location map as per http://en.wikipedia.org/wiki/Template:Location_map -->
|pushpin_label_position =bottom
|pushpin_map_caption    =Location of the Combaya Municipality within Bolivia
<!-- Location ------------------>
|subdivision_type       = Country
|subdivision_name       = [[Image:Flag of Bolivia.svg|25px]] [[Bolivia]]
|subdivision_type1      = [[Departments of Bolivia|Department]]
|subdivision_name1      = [[La Paz Department (Bolivia)|La Paz Department]]
|subdivision_type2      = [[Provinces of Bolivia|Province]]
|subdivision_name2      = [[Larecaja Province]]
<!-- Smaller parts (e.g. boroughs of a city) and seat of government -->
|seat_type              = Seat
|seat                   = [[Combaya]] 
<!-- Politics ----------------->
|government_footnotes   =
|government_type        = 
|leader_title           = Mayor
|leader_name            = Alejandro Cahuapaza Quispe (2007)
|leader_title1          =President<!-- for places with, say, both a mayor and a city manager -->
|leader_name1           = Julia Cori Condori (2007)
|leader_title2          = 
|leader_name2           = 
|leader_title3          =
|leader_name3           =
|leader_title4          =
|leader_name4           =
|established_title      = Foundation<!-- Settled -->
|established_date       = 
|established_title2     =  <!-- Incorporated (town) -->
|established_date2      = 
|established_title3     =  <!-- Incorporated (city) -->
|established_date3      =
<!-- Area    --------------------->
|area_magnitude         = 
|unit_pref                =Imperial <!--Enter: Imperial, if Imperial (metric) is desired-->
|area_footnotes           =
|area_total_km2           = 98 <!-- ALL fields dealing with a measurements are subject to automatic unit conversion-->
|area_land_km2            = <!--See table @ Template:Infobox Settlement for details on automatic unit conversion-->
|area_water_km2           =
|area_total_sq_mi         =
|area_land_sq_mi          =
|area_water_sq_mi         =
|area_water_percent       =
|area_urban_km2           =
|area_urban_sq_mi         =
|area_metro_km2           =
|area_metro_sq_mi         =
|area_blank1_title        =
|area_blank1_km2          =
|area_blank1_sq_mi        =
<!-- Population   ----------------------->
|population_as_of               = 2001
|population_footnotes           =
|population_note                =
|population_total               = 2691
|population_density_km2         =
|population_density_sq_mi       =
|population_metro               =
|population_density_metro_km2   =
|population_density_metro_sq_mi =
|population_urban               =
|population_density_urban_km2   =
|population_density_urban_sq_mi =
|population_blank1_title        =Ethnicities
|population_blank1              =
|population_blank2_title        =Religions
|population_blank2              =
|population_density_blank1_km2 =   
|population_density_blank1_sq_mi =
<!-- General information  --------------->
|timezone               = BOT
|utc_offset             = -4
|timezone_DST           = 
|utc_offset_DST         = 
|coordinates            = {{coord|-15.7784|-68.7717|region:BO-L_type:adm3rd|display=inline,title}}
|elevation_footnotes    =  <!--for references: use <ref> </ref> tags-->
|elevation_m            = 3500
|elevation_ft           =
<!-- Area/postal codes & others -------->
|postal_code_type       =  <!-- enter ZIP code, Postcode, Post code, Postal code... -->
|postal_code            =
|area_code              =
|blank_name             =
|blank_info             =
|blank1_name            =
|blank1_info            =
|website                = 
|footnotes              = 
}}",,29,,NA,NA,Municipality,NA,NA,NA,NA,Bolivia,bottom,Location of the Combaya Municipality within Bolivia,Country,25px Bolivia,Department,La Paz Department,Mayor,Alejandro Cahuapaza Quispe (2007),Foundation,NA,NA,2691,2001,NA,98,NA,3500,NA,BOT,NA,NA,NA,NA,Combaya Municipality,NA,NA,NA,NA,250px,NA,NA,NA,NA,NA,NA,NA,NA,NA,NA,NA,NA,NA,NA,NA,NA,NA,Province,Larecaja Province,Seat,Combaya,NA,NA,President,Julia Cori Condori (2007),NA,NA,NA,NA,NA,NA,NA,NA,NA,NA,NA,Imperial,NA,NA,NA,NA,NA,NA,NA,NA,NA,NA,NA,NA,NA,NA,NA,NA,NA,NA,NA,NA,NA,Ethnicities,NA,Religions,NA,NA,NA,-4,NA,NA,NA,NA,NA,NA,NA,NA,NA,NA,NA,NA,NA,NA,NA,NA,NA,NA,NA,NA,NA,NA,NA,NA,NA,NA,NA,NA,NA,NA,NA,NA,NA,NA,NA,NA,NA,NA,NA,NA,NA,NA,NA,NA,NA,NA,NA
0,"Copacabana Municipality, La Paz",Category:Municipalities of La Paz Department (Bolivia),21293896,7898,Q520394,"https://en.wikipedia.org/wiki/Copacabana_Municipality,_La_Paz",7869,0,2,2001,"{{Infobox settlement
<!--See the Table at Infobox Settlement for all fields and descriptions of usage-->
<!-- Basic info  ---------------->
|official_name          = Copacabana Municipality
|other_name             =
|native_name            = 
|nickname               = 
|settlement_type        = Municipality 
|motto                  =
<!-- images and maps  ----------->
|image_skyline          = Copacabana, Bolivia bay at sunset.jpg
|imagesize              = 250px
|image_caption          = [[Copacabana, Bolivia|Copacabana]] and [[Lake Titicaca]]
|image_flag             = 
|flag_size              =
|image_seal             = 
|seal_size              =
|image_shield           = 
|shield_size            =
|image_blank_emblem     =
|blank_emblem_type      =
|blank_emblem_size      =
|image_map              = 
|mapsize                = 
|map_caption            = 
|image_map1             = 
|mapsize1               = 
|map_caption1           = 
|image_dot_map          =
|dot_mapsize            =
|dot_map_caption        =
|dot_x =  |dot_y =
|pushpin_map            = Bolivia<!-- the name of a location map as per http://en.wikipedia.org/wiki/Template:Location_map -->
|pushpin_label_position =bottom
|pushpin_map_caption    =Location of the Arani Municipality within Bolivia
<!-- Location ------------------>
|subdivision_type       = Country
|subdivision_name       = [[Image:Flag of Bolivia.svg|25px]] [[Bolivia]]
|subdivision_type1      = [[Departments of Bolivia|Department]]
|subdivision_name1      = [[La Paz Department, Bolivia|La Paz Department]]
|subdivision_type2      = [[Provinces of Bolivia|Province]]
|subdivision_name2      = [[Manco Kapac Province]]
<!-- Smaller parts (e.g. boroughs of a city) and seat of government -->
|seat_type              = Seat
|seat                   = [[Copacabana, Bolivia|Copacabana]]
<!-- Politics ----------------->
|government_footnotes   =
|government_type        = 
|leader_title           = Mayor
|leader_name            = Juan Armando Callisaya Quispe
|leader_title1          =President<!-- for places with, say, both a mayor and a city manager -->
|leader_name1           = Adela Calizaya de Mamani
|leader_title2          = 
|leader_name2           = 
|leader_title3          =
|leader_name3           =
|leader_title4          =
|leader_name4           =
|established_title      =  <!-- Settled -->
|established_date       = 
|established_title2     =  <!-- Incorporated (town) -->
|established_date2      = 
|established_title3     =  <!-- Incorporated (city) -->
|established_date3      =
<!-- Area    --------------------->
|area_magnitude         = 
|unit_pref                =Imperial <!--Enter: Imperial, if Imperial (metric) is desired-->
|area_footnotes           =
|area_total_km2           = 174 <!-- ALL fields dealing with a measurements are subject to automatic unit conversion-->
|area_land_km2            = <!--See table @ Template:Infobox Settlement for details on automatic unit conversion-->
|area_water_km2           =
|area_total_sq_mi         =
|area_land_sq_mi          =
|area_water_sq_mi         =
|area_water_percent       =
|area_urban_km2           =
|area_urban_sq_mi         =
|area_metro_km2           =
|area_metro_sq_mi         =
|area_blank1_title        =
|area_blank1_km2          =
|area_blank1_sq_mi        =
<!-- Population   ----------------------->
|population_as_of               = 2001
|population_footnotes           =
|population_note                =
|population_total               =14586 
|population_density_km2         =
|population_density_sq_mi       =
|population_metro               =
|population_density_metro_km2   =
|population_density_metro_sq_mi =
|population_urban               =
|population_density_urban_km2   =
|population_density_urban_sq_mi =
|population_blank1_title        =Ethnicities
|population_blank1              =[[Aymara people|Aymara]]
|population_blank2_title        =Religions
|population_blank2              =
|population_density_blank1_km2 =   
|population_density_blank1_sq_mi =
<!-- General information  --------------->
|timezone                 = BOT
|utc_offset               = -4
|timezone_DST             = 
|utc_offset_DST           = 
|coordinates            = {{coord|16|9|0|S|69|2|0|W|region:BO|display=inline,title}}
|elevation_footnotes    =  <!--for references: use <ref> </ref> tags-->
|elevation_m            = 3850 
|elevation_ft           =
<!-- Area/postal codes & others -------->
|postal_code_type       =  <!-- enter ZIP code, Postcode, Post code, Postal code... -->
|postal_code            =
|area_code              =
|blank_name             =
|blank_info             =
|blank1_name            =
|blank1_info            =
|website                = 
|footnotes              = 
}}",,31,,NA,"Copacabana, Bolivia bay at sunset.jpg",Municipality,NA,NA,NA,NA,Bolivia,bottom,Location of the Arani Municipality within Bolivia,Country,25px Bolivia,Department,La Paz Department,Mayor,Juan Armando Callisaya Quispe,NA,NA,NA,14586,2001,NA,174,NA,3850,NA,BOT,NA,NA,NA,NA,Copacabana Municipality,NA,NA,NA,NA,250px,Copacabana and Lake Titicaca,NA,NA,NA,NA,NA,NA,NA,NA,NA,NA,NA,NA,NA,NA,NA,NA,Province,Manco Kapac Province,Seat,Copacabana,NA,NA,President,Adela Calizaya de Mamani,NA,NA,NA,NA,NA,NA,NA,NA,NA,NA,NA,Imperial,NA,NA,NA,NA,NA,NA,NA,NA,NA,NA,NA,NA,NA,NA,NA,NA,NA,NA,NA,NA,NA,Ethnicities,Aymara,Religions,NA,NA,NA,-4,NA,NA,NA,NA,NA,NA,NA,NA,NA,NA,NA,NA,NA,NA,NA,NA,NA,NA,NA,NA,NA,NA,NA,NA,NA,NA,NA,NA,NA,NA,NA,NA,NA,NA,NA,NA,NA,NA,NA,NA,NA,NA,NA,NA,NA,NA,NA
0,Coripata Municipality,Category:Municipalities of La Paz Department (Bolivia),24861633,5029,Q1303284,https://en.wikipedia.org/wiki/Coripata_Municipality,5029,0,1,2001,"{{Infobox settlement
<!--See the Table at Infobox Settlement for all fields and descriptions of usage-->
<!-- Basic info  ---------------->
|official_name          = Coripata
|other_name             =
|native_name            = Quripata
|nickname               = 
|settlement_type        = Municipality 
|motto                  =
<!-- images and maps  ----------->
|image_skyline          =
|imagesize              = 
|image_caption          =  
|image_flag             = 
|flag_size              =
|image_seal             = 
|seal_size              =
|image_shield           = 
|shield_size            =
|image_blank_emblem     =
|blank_emblem_type      =
|blank_emblem_size      =
|image_map              = 
|mapsize                = 
|map_caption            = 
|image_map1             = 
|mapsize1               = 
|map_caption1           = 
|image_dot_map          =
|dot_mapsize            =
|dot_map_caption        =
|dot_x =  |dot_y =
|pushpin_map            =Bolivia<!-- the name of a location map as per http://en.wikipedia.org/wiki/Template:Location_map -->
|pushpin_label_position =bottom
|pushpin_map_caption    =Location within Bolivia
<!-- Location ------------------>
|subdivision_type       = Country
|subdivision_name       ={{flag|Bolivia}}
|subdivision_type1      = [[Departments of Bolivia|Department]]
|subdivision_name1      = [[La Paz Department (Bolivia)|La Paz Department]]
|subdivision_type2      = [[Provinces of Bolivia|Province]]
|subdivision_name2      = [[Nor Yungas Province]]
<!-- Smaller parts (e.g. boroughs of a city) and seat of government -->
|seat_type              = Seat
|seat                   = [[Coripata]] 
<!-- Politics ----------------->
|government_footnotes   =
|government_type        = 
|leader_title           = Mayor
|leader_name            = 
|leader_title1          =President<!-- for places with, say, both a mayor and a city manager -->
|leader_name1           =
|leader_title2          = 
|leader_name2           = 
|leader_title3          =
|leader_name3           =
|leader_title4          =
|leader_name4           =
|established_title      = Foundation<!-- Settled -->
|established_date       = 
|established_title2     =  <!-- Incorporated (town) -->
|established_date2      = 
|established_title3     =  <!-- Incorporated (city) -->
|established_date3      =
<!-- Area    --------------------->
|area_magnitude         = 
|unit_pref                =Imperial <!--Enter: Imperial, if Imperial (metric) is desired-->
|area_footnotes           =
|area_total_km2           =<!-- ALL fields dealing with a measurements are subject to automatic unit conversion-->
|area_land_km2            = <!--See table @ Template:Infobox Settlement for details on automatic unit conversion-->
|area_water_km2           =
|area_total_sq_mi         =
|area_land_sq_mi          =
|area_water_sq_mi         =
|area_water_percent       =
|area_urban_km2           =
|area_urban_sq_mi         =
|area_metro_km2           =
|area_metro_sq_mi         =
|area_blank1_title        =
|area_blank1_km2          =
|area_blank1_sq_mi        =
<!-- Population   ----------------------->
|population_as_of               = 2001
|population_footnotes           =
|population_note                =
|population_total               = 
|population_density_km2         =
|population_density_sq_mi       =
|population_metro               =
|population_density_metro_km2   =
|population_density_metro_sq_mi =
|population_urban               =
|population_density_urban_km2   =
|population_density_urban_sq_mi =
|population_blank1_title        =Ethnicities
|population_blank1              =
|population_blank2_title        =Religions
|population_blank2              =
|population_density_blank1_km2 =   
|population_density_blank1_sq_mi =
<!-- General information  --------------->
|timezone               = BOT
|utc_offset             = -4
|timezone_DST           = 
|utc_offset_DST         = 
|coordinates            = {{coord|16|10|S|67|35|W|display=inline}}
|elevation_footnotes    =  <!--for references: use <ref> </ref> tags-->
|elevation_m            =
|elevation_ft           =
<!-- Area/postal codes & others -------->
|postal_code_type       =  <!-- enter ZIP code, Postcode, Post code, Postal code... -->
|postal_code            =
|area_code              =
|blank_name             =
|blank_info             =
|blank1_name            =
|blank1_info            =
|website                = 
|footnotes              = 
}}",,24,,NA,NA,Municipality,NA,NA,NA,NA,Bolivia,bottom,Location within Bolivia,Country,Bolivia,Department,La Paz Department,Mayor,NA,Foundation,NA,NA,NA,2001,NA,NA,NA,NA,NA,BOT,NA,NA,NA,NA,Coripata,NA,Quripata,NA,NA,NA,NA,NA,NA,NA,NA,NA,NA,NA,NA,NA,NA,NA,NA,NA,NA,NA,NA,Province,Nor Yungas Province,Seat,Coripata,NA,NA,President,NA,NA,NA,NA,NA,NA,NA,NA,NA,NA,NA,NA,Imperial,NA,NA,NA,NA,NA,NA,NA,NA,NA,NA,NA,NA,NA,NA,NA,NA,NA,NA,NA,NA,NA,Ethnicities,NA,Religions,NA,NA,NA,-4,NA,NA,NA,NA,NA,NA,NA,NA,NA,NA,NA,NA,NA,NA,NA,NA,NA,NA,NA,NA,NA,NA,NA,NA,NA,NA,NA,NA,NA,NA,NA,NA,NA,NA,NA,NA,NA,NA,NA,NA,NA,NA,NA,NA,NA,NA,NA
0,Coro Coro Municipality,Category:Municipalities of La Paz Department (Bolivia),23466286,5539,Q1814929,https://en.wikipedia.org/wiki/Coro_Coro_Municipality,5509,0,1,"2001, 2012","{{Infobox settlement
<!--See the Table at Infobox Settlement for all fields and descriptions of usage-->
<!-- Basic info  ---------------->
|official_name          = Coro Coro Municipality
|other_name             =
|native_name            = 
|nickname               = 
|settlement_type        = Municipality 
|motto                  =
<!-- images and maps  ----------->
|image_skyline          = 
|imagesize              = 250px
|image_caption          =  
|image_flag             = 
|flag_size              =
|image_seal             = 
|seal_size              =
|image_shield           = 
|shield_size            =
|image_blank_emblem     =
|blank_emblem_type      =
|blank_emblem_size      =
|image_map              = Coro Coro - Ubicación.png
|mapsize                = 
|map_caption            = Location of the Coro Coro Municipality within Bolivia
|image_map1             = 
|mapsize1               = 
|map_caption1           = 
|image_dot_map          =
|dot_mapsize            =
|dot_map_caption        =
|dot_x =  |dot_y =
|pushpin_map            = <!-- the name of a location map as per http://en.wikipedia.org/wiki/Template:Location_map -->
|pushpin_label_position =bottom
|pushpin_map_caption    =
<!-- Location ------------------>
|subdivision_type       = Country
|subdivision_name       = [[Image:Flag of Bolivia.svg|25px]] [[Bolivia]]
|subdivision_type1      = [[Departments of Bolivia|Department]]
|subdivision_name1      = [[La Paz Department (Bolivia)|La Paz Department]]
|subdivision_type2      = [[Provinces of Bolivia|Province]]
|subdivision_name2      = [[Pacajes Province]]
<!-- Smaller parts (e.g. boroughs of a city) and seat of government -->
|seat_type              = Seat
|seat                   = [[Coro Coro, Bolivia|Coro Coro]] 
<!-- Politics ----------------->
|government_footnotes   =
|government_type        = 
|leader_title           = Mayor
|leader_name            = Simeon Paredes Salluco (2007)
|leader_title1          =President<!-- for places with, say, both a mayor and a city manager -->
|leader_name1           = Brito Choque Mollo (2007)
|leader_title2          = 
|leader_name2           = 
|leader_title3          =
|leader_name3           =
|leader_title4          =
|leader_name4           =
|established_title      = Foundation<!-- Settled -->
|established_date       = 
|established_title2     =  <!-- Incorporated (town) -->
|established_date2      = 
|established_title3     =  <!-- Incorporated (city) -->
|established_date3      =
<!-- Area    --------------------->
|area_magnitude         = 
|unit_pref                =Imperial <!--Enter: Imperial, if Imperial (metric) is desired-->
|area_footnotes           =
|area_total_km2           = 1091 <!-- ALL fields dealing with a measurements are subject to automatic unit conversion-->
|area_land_km2            = <!--See table @ Template:Infobox Settlement for details on automatic unit conversion-->
|area_water_km2           =
|area_total_sq_mi         =
|area_land_sq_mi          =
|area_water_sq_mi         =
|area_water_percent       =
|area_urban_km2           =
|area_urban_sq_mi         =
|area_metro_km2           =
|area_metro_sq_mi         =
|area_blank1_title        =
|area_blank1_km2          =
|area_blank1_sq_mi        =
<!-- Population   ----------------------->
|population_as_of               = 2012
|population_footnotes           =
|population_note                =
|population_total               = 10647 
|population_density_km2         =
|population_density_sq_mi       =
|population_metro               =
|population_density_metro_km2   =
|population_density_metro_sq_mi =
|population_urban               =
|population_density_urban_km2   =
|population_density_urban_sq_mi =
|population_blank1_title        =Ethnicities
|population_blank1              =
|population_blank2_title        =Religions
|population_blank2              =
|population_density_blank1_km2 =   
|population_density_blank1_sq_mi =
<!-- General information  --------------->
|timezone               = BOT
|utc_offset             = -4
|timezone_DST           = 
|utc_offset_DST         = 
|coordinates            = {{coord|17|10|0|S|68|25|0|W|region:BO|display=inline,title}}
|elevation_footnotes    =  <!--for references: use <ref> </ref> tags-->
|elevation_m            =4000
|elevation_ft           =
<!-- Area/postal codes & others -------->
|postal_code_type       =  <!-- enter ZIP code, Postcode, Post code, Postal code... -->
|postal_code            =
|area_code              =
|blank_name             =
|blank_info             =
|blank1_name            =
|blank1_info            =
|website                = 
|footnotes              = 
}}",,29,,NA,NA,Municipality,NA,NA,Coro Coro - Ubicación.png,Location of the Coro Coro Municipality within Bolivia,NA,bottom,NA,Country,25px Bolivia,Department,La Paz Department,Mayor,Simeon Paredes Salluco (2007),Foundation,NA,NA,10647,2012,NA,1091,NA,4000,NA,BOT,NA,NA,NA,NA,Coro Coro Municipality,NA,NA,NA,NA,250px,NA,NA,NA,NA,NA,NA,NA,NA,NA,NA,NA,NA,NA,NA,NA,NA,NA,Province,Pacajes Province,Seat,Coro Coro,NA,NA,President,Brito Choque Mollo (2007),NA,NA,NA,NA,NA,NA,NA,NA,NA,NA,NA,Imperial,NA,NA,NA,NA,NA,NA,NA,NA,NA,NA,NA,NA,NA,NA,NA,NA,NA,NA,NA,NA,NA,Ethnicities,NA,Religions,NA,NA,NA,-4,NA,NA,NA,NA,NA,NA,NA,NA,NA,NA,NA,NA,NA,NA,NA,NA,NA,NA,NA,NA,NA,NA,NA,NA,NA,NA,NA,NA,NA,NA,NA,NA,NA,NA,NA,NA,NA,NA,NA,NA,NA,NA,NA,NA,NA,NA,NA
0,Coroico Municipality,Category:Municipalities of La Paz Department (Bolivia),24861634,5168,Q1552069,https://en.wikipedia.org/wiki/Coroico_Municipality,5146,0,1,2001,"{{Infobox settlement
<!--See the Table at Infobox Settlement for all fields and descriptions of usage-->
<!-- Basic info  ---------------->
|official_name          = Coroico Municipality
|other_name             =
|native_name            = 
|nickname               = 
|settlement_type        = Municipality 
|motto                  =
<!-- images and maps  ----------->
|image_skyline          = Coroico vista parcial (La Paz - Bolivia).jpg
|imagesize              = 
|image_caption          =  Coroico
|image_flag             = 
|flag_size              =
|image_seal             = 
|seal_size              =
|image_shield           = 
|shield_size            =
|image_blank_emblem     =
|blank_emblem_type      =
|blank_emblem_size      =
|image_map              = 
|mapsize                = 
|map_caption            = 
|image_map1             = 
|mapsize1               = 
|map_caption1           = 
|image_dot_map          =
|dot_mapsize            =
|dot_map_caption        =
|dot_x =  |dot_y =
|pushpin_map            = Bolivia<!-- the name of a location map as per http://en.wikipedia.org/wiki/Template:Location_map -->
|pushpin_label_position =bottom
|pushpin_map_caption    =Location within Bolivia
<!-- Location ------------------>
|subdivision_type       = Country
|subdivision_name       ={{flag|Bolivia}}
|subdivision_type1      = [[Departments of Bolivia|Department]]
|subdivision_name1      = [[La Paz Department (Bolivia)|La Paz Department]]
|subdivision_type2      = [[Provinces of Bolivia|Province]]
|subdivision_name2      = [[Nor Yungas Province]]
<!-- Smaller parts (e.g. boroughs of a city) and seat of government -->
|seat_type              = Seat
|seat                   = [[Coroico]] 
<!-- Politics ----------------->
|government_footnotes   =
|government_type        = 
|leader_title           = Mayor
|leader_name            = Manuel Yani Calle (2007)
|leader_title1          =President<!-- for places with, say, both a mayor and a city manager -->
|leader_name1           =
|leader_title2          = 
|leader_name2           = 
|leader_title3          =
|leader_name3           =
|leader_title4          =
|leader_name4           =
|established_title      = Foundation<!-- Settled -->
|established_date       = 
|established_title2     =  <!-- Incorporated (town) -->
|established_date2      = 
|established_title3     =  <!-- Incorporated (city) -->
|established_date3      =
<!-- Area    --------------------->
|area_magnitude         = 
|unit_pref                =Imperial <!--Enter: Imperial, if Imperial (metric) is desired-->
|area_footnotes           =
|area_total_km2           =<!-- ALL fields dealing with a measurements are subject to automatic unit conversion-->
|area_land_km2            = <!--See table @ Template:Infobox Settlement for details on automatic unit conversion-->
|area_water_km2           =
|area_total_sq_mi         =
|area_land_sq_mi          =
|area_water_sq_mi         =
|area_water_percent       =
|area_urban_km2           =
|area_urban_sq_mi         =
|area_metro_km2           =
|area_metro_sq_mi         =
|area_blank1_title        =
|area_blank1_km2          =
|area_blank1_sq_mi        =
<!-- Population   ----------------------->
|population_as_of               = 2001
|population_footnotes           =
|population_note                =
|population_total               = 12237
|population_density_km2         =
|population_density_sq_mi       =
|population_metro               =
|population_density_metro_km2   =
|population_density_metro_sq_mi =
|population_urban               =
|population_density_urban_km2   =
|population_density_urban_sq_mi =
|population_blank1_title        =Ethnicities
|population_blank1              =
|population_blank2_title        =Religions
|population_blank2              =
|population_density_blank1_km2 =   
|population_density_blank1_sq_mi =
<!-- General information  --------------->
|timezone               = BOT
|utc_offset             = -4
|timezone_DST           = 
|utc_offset_DST         = 
|coordinates            = {{coord|16|10|S|67|50|W|display=inline}}
|elevation_footnotes    =  <!--for references: use <ref> </ref> tags-->
|elevation_m            =
|elevation_ft           =
<!-- Area/postal codes & others -------->
|postal_code_type       =  <!-- enter ZIP code, Postcode, Post code, Postal code... -->
|postal_code            =
|area_code              =
|blank_name             =
|blank_info             =
|blank1_name            =
|blank1_info            =
|website                = 
|footnotes              = 
}}",,27,,NA,Coroico vista parcial (La Paz - Bolivia).jpg,Municipality,NA,NA,NA,NA,Bolivia,bottom,Location within Bolivia,Country,Bolivia,Department,La Paz Department,Mayor,Manuel Yani Calle (2007),Foundation,NA,NA,12237,2001,NA,NA,NA,NA,NA,BOT,NA,NA,NA,NA,Coroico Municipality,NA,NA,NA,NA,NA,Coroico,NA,NA,NA,NA,NA,NA,NA,NA,NA,NA,NA,NA,NA,NA,NA,NA,Province,Nor Yungas Province,Seat,Coroico,NA,NA,President,NA,NA,NA,NA,NA,NA,NA,NA,NA,NA,NA,NA,Imperial,NA,NA,NA,NA,NA,NA,NA,NA,NA,NA,NA,NA,NA,NA,NA,NA,NA,NA,NA,NA,NA,Ethnicities,NA,Religions,NA,NA,NA,-4,NA,NA,NA,NA,NA,NA,NA,NA,NA,NA,NA,NA,NA,NA,NA,NA,NA,NA,NA,NA,NA,NA,NA,NA,NA,NA,NA,NA,NA,NA,NA,NA,NA,NA,NA,NA,NA,NA,NA,NA,NA,NA,NA,NA,NA,NA,NA
0,Curva Municipality,Category:Municipalities of La Paz Department (Bolivia),24862017,5328,Q1544505,https://en.wikipedia.org/wiki/Curva_Municipality,5298,0,1,2001,"{{Infobox settlement
<!--See the Table at Infobox Settlement for all fields and descriptions of usage-->
<!-- Basic info  ---------------->
|official_name          = Curva Municipality
|other_name             =
|native_name            = 
|nickname               = 
|settlement_type        = Municipality 
|motto                  =
<!-- images and maps  ----------->
|image_skyline          =
|imagesize              = 
|image_caption          =  
|image_flag             = 
|flag_size              =
|image_seal             = 
|seal_size              =
|image_shield           = 
|shield_size            =
|image_blank_emblem     =
|blank_emblem_type      =
|blank_emblem_size      =
|image_map              = 
|mapsize                = 
|map_caption            = 
|image_map1             = 
|mapsize1               = 
|map_caption1           = 
|image_dot_map          =
|dot_mapsize            =
|dot_map_caption        =
|dot_x =  |dot_y =
|pushpin_map            =Bolivia<!-- the name of a location map as per http://en.wikipedia.org/wiki/Template:Location_map -->
|pushpin_label_position =bottom
|pushpin_map_caption    =Location within Bolivia
<!-- Location ------------------>
|subdivision_type       = Country
|subdivision_name       ={{flag|Bolivia}}
|subdivision_type1      = [[Departments of Bolivia|Department]]
|subdivision_name1      = [[La Paz Department (Bolivia)|La Paz Department]]
|subdivision_type2      = [[Provinces of Bolivia|Province]]
|subdivision_name2      = [[Bautista Saavedra Province]]
<!-- Smaller parts (e.g. boroughs of a city) and seat of government -->
|seat_type              = Seat
|seat                   = [[Curva]] 
<!-- Politics ----------------->
|government_footnotes   =
|government_type        = 
|leader_title           = Mayor
|leader_name            = 
|leader_title1          =President<!-- for places with, say, both a mayor and a city manager -->
|leader_name1           =
|leader_title2          = 
|leader_name2           = 
|leader_title3          =
|leader_name3           =
|leader_title4          =
|leader_name4           =
|established_title      = Foundation<!-- Settled -->
|established_date       = 
|established_title2     =  <!-- Incorporated (town) -->
|established_date2      = 
|established_title3     =  <!-- Incorporated (city) -->
|established_date3      =
<!-- Area    --------------------->
|area_magnitude         = 
|unit_pref                =Imperial <!--Enter: Imperial, if Imperial (metric) is desired-->
|area_footnotes           =
|area_total_km2           =<!-- ALL fields dealing with a measurements are subject to automatic unit conversion-->
|area_land_km2            = <!--See table @ Template:Infobox Settlement for details on automatic unit conversion-->
|area_water_km2           =
|area_total_sq_mi         =
|area_land_sq_mi          =
|area_water_sq_mi         =
|area_water_percent       =
|area_urban_km2           =
|area_urban_sq_mi         =
|area_metro_km2           =
|area_metro_sq_mi         =
|area_blank1_title        =
|area_blank1_km2          =
|area_blank1_sq_mi        =
<!-- Population   ----------------------->
|population_as_of               = 2001
|population_footnotes           =
|population_note                =
|population_total               = 2213
|population_density_km2         =
|population_density_sq_mi       =
|population_metro               =
|population_density_metro_km2   =
|population_density_metro_sq_mi =
|population_urban               =
|population_density_urban_km2   =
|population_density_urban_sq_mi =
|population_blank1_title        =Ethnicities
|population_blank1              =
|population_blank2_title        =Religions
|population_blank2              =
|population_density_blank1_km2 =   
|population_density_blank1_sq_mi =
<!-- General information  --------------->
|timezone               = BOT
|utc_offset             = -4
|timezone_DST           = 
|utc_offset_DST         = 
|coordinates            = {{coord|15|1|S|68|57|W|display=inline}}
|elevation_footnotes    =  <!--for references: use <ref> </ref> tags-->
|elevation_m            =
|elevation_ft           =
<!-- Area/postal codes & others -------->
|postal_code_type       =  <!-- enter ZIP code, Postcode, Post code, Postal code... -->
|postal_code            =
|area_code              =
|blank_name             =
|blank_info             =
|blank1_name            =
|blank1_info            =
|website                = 
|footnotes              = 
}}",,24,,NA,NA,Municipality,NA,NA,NA,NA,Bolivia,bottom,Location within Bolivia,Country,Bolivia,Department,La Paz Department,Mayor,NA,Foundation,NA,NA,2213,2001,NA,NA,NA,NA,NA,BOT,NA,NA,NA,NA,Curva Municipality,NA,NA,NA,NA,NA,NA,NA,NA,NA,NA,NA,NA,NA,NA,NA,NA,NA,NA,NA,NA,NA,NA,Province,Bautista Saavedra Province,Seat,Curva,NA,NA,President,NA,NA,NA,NA,NA,NA,NA,NA,NA,NA,NA,NA,Imperial,NA,NA,NA,NA,NA,NA,NA,NA,NA,NA,NA,NA,NA,NA,NA,NA,NA,NA,NA,NA,NA,Ethnicities,NA,Religions,NA,NA,NA,-4,NA,NA,NA,NA,NA,NA,NA,NA,NA,NA,NA,NA,NA,NA,NA,NA,NA,NA,NA,NA,NA,NA,NA,NA,NA,NA,NA,NA,NA,NA,NA,NA,NA,NA,NA,NA,NA,NA,NA,NA,NA,NA,NA,NA,NA,NA,NA
0,Desaguadero Municipality,Category:Municipalities of La Paz Department (Bolivia),21294187,3702,Q1952961,https://en.wikipedia.org/wiki/Desaguadero_Municipality,3608,0,3,,NA,,0,,NA,NA,NA,NA,NA,NA,NA,NA,NA,NA,NA,NA,NA,NA,NA,NA,NA,NA,NA,NA,NA,NA,NA,NA,NA,NA,NA,NA,NA,NA,NA,NA,NA,NA,NA,NA,NA,NA,NA,NA,NA,NA,NA,NA,NA,NA,NA,NA,NA,NA,NA,NA,NA,NA,NA,NA,NA,NA,NA,NA,NA,NA,NA,NA,NA,NA,NA,NA,NA,NA,NA,NA,NA,NA,NA,NA,NA,NA,NA,NA,NA,NA,NA,NA,NA,NA,NA,NA,NA,NA,NA,NA,NA,NA,NA,NA,NA,NA,NA,NA,NA,NA,NA,NA,NA,NA,NA,NA,NA,NA,NA,NA,NA,NA,NA,NA,NA,NA,NA,NA,NA,NA,NA,NA,NA,NA,NA,NA,NA,NA,NA,NA,NA,NA,NA,NA,NA,NA,NA,NA,NA,NA,NA,NA,NA,NA,NA,NA,NA
0,El Alto Municipality,Category:Municipalities of La Paz Department (Bolivia),23465392,5729,Q955745,https://en.wikipedia.org/wiki/El_Alto_Municipality,5729,0,1,"2001, 2024","{{Infobox settlement
<!--See the Table at Infobox Settlement for all fields and descriptions of usage-->
<!-- Basic info  ---------------->
|official_name          = El Alto Municipality
|other_name             =
|native_name            = 
|nickname               = 
|settlement_type        = Municipality 
|motto                  =
<!-- images and maps  ----------->
|image_skyline          = Altiplano de La Paz Bolivia.jpg
|imagesize              = 250px
|image_caption          =  El Alto with the Andes in the background
|image_flag             = 
|flag_size              =
|image_seal             = 
|seal_size              =
|image_shield           = 
|shield_size            =
|image_blank_emblem     =
|blank_emblem_type      =
|blank_emblem_size      =
|image_map              = 
|mapsize                = 
|map_caption            = 
|image_map1             = 
|mapsize1               = 
|map_caption1           = 
|image_dot_map          =
|dot_mapsize            =
|dot_map_caption        =
|dot_x =  |dot_y =
|pushpin_map            = Bolivia<!-- the name of a location map as per http://en.wikipedia.org/wiki/Template:Location_map -->
|pushpin_label_position =bottom
|pushpin_map_caption    =Location of the El Alto Municipality within Bolivia
<!-- Location ------------------>
|subdivision_type       = Country
|subdivision_name       = [[Image:Flag of Bolivia.svg|25px]] [[Bolivia]]
|subdivision_type1      = [[Departments of Bolivia|Department]]
|subdivision_name1      = [[La Paz Department (Bolivia)|La Paz Department]]
|subdivision_type2      = [[Provinces of Bolivia|Province]]
|subdivision_name2      = [[Pedro Domingo Murillo Province]]
<!-- Smaller parts (e.g. boroughs of a city) and seat of government -->
|seat_type              = Seat
|seat                   = [[El Alto]] 
<!-- Politics ----------------->
|government_footnotes   =
|government_type        = 
|leader_title           = Mayor
|leader_name            = Fanor Nava Santiesteban (2007)
|leader_title1          =President<!-- for places with, say, both a mayor and a city manager -->
|leader_name1           = Gustavo Adolfo Morales (2007)
|leader_title2          = 
|leader_name2           = 
|leader_title3          =
|leader_name3           =
|leader_title4          =
|leader_name4           =
|established_title      = Foundation<!-- Settled -->
|established_date       = 
|established_title2     =  <!-- Incorporated (town) -->
|established_date2      = 
|established_title3     =  <!-- Incorporated (city) -->
|established_date3      =
<!-- Area    --------------------->
|area_magnitude         = 
|unit_pref                =Imperial <!--Enter: Imperial, if Imperial (metric) is desired-->
|area_footnotes           =
|area_total_km2           = 346 <!-- ALL fields dealing with a measurements are subject to automatic unit conversion-->
|area_land_km2            = <!--See table @ Template:Infobox Settlement for details on automatic unit conversion-->
|area_water_km2           =
|area_total_sq_mi         =
|area_land_sq_mi          =
|area_water_sq_mi         =
|area_water_percent       =
|area_urban_km2           =
|area_urban_sq_mi         =
|area_metro_km2           =
|area_metro_sq_mi         =
|area_blank1_title        =
|area_blank1_km2          =
|area_blank1_sq_mi        =
<!-- Population   ----------------------->
|population_as_of               = 2024 census
|population_footnotes           =
|population_note                =
|population_total               = 885,035
|population_density_km2         = auto
|population_density_sq_mi       =
|population_metro               =
|population_density_metro_km2   =
|population_density_metro_sq_mi =
|population_urban               =
|population_density_urban_km2   =
|population_density_urban_sq_mi =
|population_blank1_title        =Ethnicities
|population_blank1              =
|population_blank2_title        =Religions
|population_blank2              =
|population_density_blank1_km2 =   
|population_density_blank1_sq_mi =
<!-- General information  --------------->
|timezone               = BOT
|utc_offset             = -4
|timezone_DST           = 
|utc_offset_DST         = 
|coordinates            = {{coord|16|25|0|S|68|12|0|W|region:BO|display=inline,title}}
|elevation_footnotes    =  <!--for references: use <ref> </ref> tags-->
|elevation_m            =4000
|elevation_ft           =
<!-- Area/postal codes & others -------->
|postal_code_type       =  <!-- enter ZIP code, Postcode, Post code, Postal code... -->
|postal_code            =
|area_code              =
|blank_name             =
|blank_info             =
|blank1_name            =
|blank1_info            =
|website                = 
|footnotes              = 
}}",,32,,NA,Altiplano de La Paz Bolivia.jpg,Municipality,NA,NA,NA,NA,Bolivia,bottom,Location of the El Alto Municipality within Bolivia,Country,25px Bolivia,Department,La Paz Department,Mayor,Fanor Nava Santiesteban (2007),Foundation,NA,NA,"885,035",2024 census,NA,346,NA,4000,NA,BOT,NA,NA,NA,NA,El Alto Municipality,NA,NA,NA,NA,250px,El Alto with the Andes in the background,NA,NA,NA,NA,NA,NA,NA,NA,NA,NA,NA,NA,NA,NA,NA,NA,Province,Pedro Domingo Murillo Province,Seat,El Alto,NA,NA,President,Gustavo Adolfo Morales (2007),NA,NA,NA,NA,NA,NA,NA,NA,NA,NA,NA,Imperial,NA,NA,NA,NA,NA,NA,NA,NA,NA,NA,NA,NA,NA,NA,auto,NA,NA,NA,NA,NA,NA,Ethnicities,NA,Religions,NA,NA,NA,-4,NA,NA,NA,NA,NA,NA,NA,NA,NA,NA,NA,NA,NA,NA,NA,NA,NA,NA,NA,NA,NA,NA,NA,NA,NA,NA,NA,NA,NA,NA,NA,NA,NA,NA,NA,NA,NA,NA,NA,NA,NA,NA,NA,NA,NA,NA,NA
0,Escoma Municipality,Category:Municipalities of La Paz Department (Bolivia),33103972,6736,Q1952964,https://en.wikipedia.org/wiki/Escoma_Municipality,6736,0,4,2001,"{{Infobox settlement
<!--See the Table at Infobox Settlement for all fields and descriptions of usage-->
<!-- Basic info  ---------------->
|official_name          = Escoma
|other_name             =
|native_name            = 
|nickname               = 
|settlement_type        = Municipality 
|motto                  =
<!-- images and maps  ----------->
|image_skyline          = UAc Escoma.jpg
|imagesize              = 250px
|image_caption          = UAC Escoma
|image_flag             = 
|flag_size              =
|image_seal             = 
|seal_size              =
|image_shield           = 
|shield_size            =
|image_blank_emblem     =
|blank_emblem_type      =
|blank_emblem_size      =
|image_map              = 
|mapsize                = 
|map_caption            = 
|image_map1             = 
|mapsize1               = 
|map_caption1           = 
|image_dot_map          =
|dot_mapsize            =
|dot_map_caption        =
|dot_x =  |dot_y =
|pushpin_map            = Bolivia<!-- the name of a location map as per http://en.wikipedia.org/wiki/Template:Location_map -->
|pushpin_label_position =bottom
|pushpin_map_caption    =Location of the Umanata Municipality within Bolivia
<!-- Location ------------------>
|subdivision_type       = Country
|subdivision_name       = [[Image:Flag of Bolivia.svg|25px]] [[Bolivia]]
|subdivision_type1      = [[Departments of Bolivia|Department]]
|subdivision_name1      = [[La Paz Department (Bolivia)|La Paz Department]]
|subdivision_type2      = [[Provinces of Bolivia|Province]]
|subdivision_name2      = [[Eliodoro Camacho Province]]
<!-- Smaller parts (e.g. boroughs of a city) and seat of government -->
|seat_type              = Seat
|seat                   = [[Escoma]] 
<!-- Politics ----------------->
|government_footnotes   =
|government_type        = 
|leader_title           = 
|leader_name            = 
|leader_title1          =<!-- for places with, say, both a mayor and a city manager -->
|leader_name1           = 
|leader_title2          = 
|leader_name2           = 
|leader_title3          =
|leader_name3           =
|leader_title4          =
|leader_name4           =
|established_title      = Foundation<!-- Settled -->
|established_date       = February 6, 2009
|established_title2     =  <!-- Incorporated (town) -->
|established_date2      = 
|established_title3     =  <!-- Incorporated (city) -->
|established_date3      =
<!-- Area    --------------------->
|area_magnitude         = 
|unit_pref                =Imperial <!--Enter: Imperial, if Imperial (metric) is desired-->
|area_footnotes           =
|area_total_km2           =  <!-- ALL fields dealing with a measurements are subject to automatic unit conversion-->
|area_land_km2            = <!--See table @ Template:Infobox Settlement for details on automatic unit conversion-->
|area_water_km2           =
|area_total_sq_mi         =
|area_land_sq_mi          =
|area_water_sq_mi         =
|area_water_percent       =
|area_urban_km2           =
|area_urban_sq_mi         =
|area_metro_km2           =
|area_metro_sq_mi         =
|area_blank1_title        =
|area_blank1_km2          =
|area_blank1_sq_mi        =
<!-- Population   ----------------------->
|population_as_of               = 2001
|population_footnotes           =
|population_note                =
|population_total               = 7077	
|population_density_km2         =
|population_density_sq_mi       =
|population_metro               =
|population_density_metro_km2   =
|population_density_metro_sq_mi =
|population_urban               =
|population_density_urban_km2   =
|population_density_urban_sq_mi =
|population_blank1_title        =Ethnicities
|population_blank1              =
|population_blank2_title        =Religions
|population_blank2              =
|population_density_blank1_km2 =   
|population_density_blank1_sq_mi =
<!-- General information  --------------->
|timezone               = BOT
|utc_offset             = -4
|timezone_DST           = 
|utc_offset_DST         = 
|coordinates            = {{coord|15|37|0|S|69|9|0|W|region:BO|display=inline,title}}
|elevation_footnotes    =  <!--for references: use <ref> </ref> tags-->
|elevation_m            =4000
|elevation_ft           =
<!-- Area/postal codes & others -------->
|postal_code_type       =  <!-- enter ZIP code, Postcode, Post code, Postal code... -->
|postal_code            =
|area_code              =
|blank_name             =
|blank_info             =
|blank1_name            =
|blank1_info            =
|website                = 
|footnotes              = 
}}",,27,,NA,UAc Escoma.jpg,Municipality,NA,NA,NA,NA,Bolivia,bottom,Location of the Umanata Municipality within Bolivia,Country,25px Bolivia,Department,La Paz Department,NA,NA,Foundation,"February 6, 2009",NA,7077,2001,NA,NA,NA,4000,NA,BOT,NA,NA,NA,NA,Escoma,NA,NA,NA,NA,250px,UAC Escoma,NA,NA,NA,NA,NA,NA,NA,NA,NA,NA,NA,NA,NA,NA,NA,NA,Province,Eliodoro Camacho Province,Seat,Escoma,NA,NA,NA,NA,NA,NA,NA,NA,NA,NA,NA,NA,NA,NA,NA,Imperial,NA,NA,NA,NA,NA,NA,NA,NA,NA,NA,NA,NA,NA,NA,NA,NA,NA,NA,NA,NA,NA,Ethnicities,NA,Religions,NA,NA,NA,-4,NA,NA,NA,NA,NA,NA,NA,NA,NA,NA,NA,NA,NA,NA,NA,NA,NA,NA,NA,NA,NA,NA,NA,NA,NA,NA,NA,NA,NA,NA,NA,NA,NA,NA,NA,NA,NA,NA,NA,NA,NA,NA,NA,NA,NA,NA,NA
0,General Juan José Pérez Municipality,Category:Municipalities of La Paz Department (Bolivia),24861637,5310,Q1544495,https://en.wikipedia.org/wiki/General_Juan_José_Pérez_Municipality,5303,0,1,2001,"{{Infobox settlement
<!--See the Table at Infobox Settlement for all fields and descriptions of usage-->
<!-- Basic info  ---------------->
|official_name          = General Juan José Pérez Municipality / <br>Charazani Municipality
|other_name             =
|native_name            = 
|nickname               = 
|settlement_type        = Municipality 
|motto                  =
<!-- images and maps  ----------->
|image_skyline          =Charazani.jpeg
|imagesize              = 250px
|image_caption          = Charazani
|image_flag             = 
|flag_size              =
|image_seal             = 
|seal_size              =
|image_shield           = 
|shield_size            =
|image_blank_emblem     =
|blank_emblem_type      =
|blank_emblem_size      =
|image_map              = 
|mapsize                = 
|map_caption            = 
|image_map1             = 
|mapsize1               = 
|map_caption1           = 
|image_dot_map          =
|dot_mapsize            =
|dot_map_caption        =
|dot_x =  |dot_y =
|pushpin_map            =Bolivia<!-- the name of a location map as per http://en.wikipedia.org/wiki/Template:Location_map -->
|pushpin_label_position =bottom
|pushpin_map_caption    =Location within Bolivia
<!-- Location ------------------>
|subdivision_type       = Country
|subdivision_name       ={{flag|Bolivia}}
|subdivision_type1      = [[Departments of Bolivia|Department]]
|subdivision_name1      = [[La Paz Department (Bolivia)|La Paz Department]]
|subdivision_type2      = [[Provinces of Bolivia|Province]]
|subdivision_name2      = [[Bautista Saavedra Province]]
<!-- Smaller parts (e.g. boroughs of a city) and seat of government -->
|seat_type              = Seat
|seat                   = [[Charazani]] 
<!-- Politics ----------------->
|government_footnotes   =
|government_type        = 
|leader_title           = Mayor
|leader_name            = 
|leader_title1          =President<!-- for places with, say, both a mayor and a city manager -->
|leader_name1           =
|leader_title2          = 
|leader_name2           = 
|leader_title3          =
|leader_name3           =
|leader_title4          =
|leader_name4           =
|established_title      = Foundation<!-- Settled -->
|established_date       = 
|established_title2     =  <!-- Incorporated (town) -->
|established_date2      = 
|established_title3     =  <!-- Incorporated (city) -->
|established_date3      =
<!-- Area    --------------------->
|area_magnitude         = 
|unit_pref                =Imperial <!--Enter: Imperial, if Imperial (metric) is desired-->
|area_footnotes           =
|area_total_km2           =<!-- ALL fields dealing with a measurements are subject to automatic unit conversion-->
|area_land_km2            = <!--See table @ Template:Infobox Settlement for details on automatic unit conversion-->
|area_water_km2           =
|area_total_sq_mi         =
|area_land_sq_mi          =
|area_water_sq_mi         =
|area_water_percent       =
|area_urban_km2           =
|area_urban_sq_mi         =
|area_metro_km2           =
|area_metro_sq_mi         =
|area_blank1_title        =
|area_blank1_km2          =
|area_blank1_sq_mi        =
<!-- Population   ----------------------->
|population_as_of               = 2001
|population_footnotes           =
|population_note                =
|population_total               = 9161
|population_density_km2         =
|population_density_sq_mi       =
|population_metro               =
|population_density_metro_km2   =
|population_density_metro_sq_mi =
|population_urban               =
|population_density_urban_km2   =
|population_density_urban_sq_mi =
|population_blank1_title        =Ethnicities
|population_blank1              =
|population_blank2_title        =Religions
|population_blank2              =
|population_density_blank1_km2 =   
|population_density_blank1_sq_mi =
<!-- General information  --------------->
|timezone               = BOT
|utc_offset             = -4
|timezone_DST           = 
|utc_offset_DST         = 
|coordinates            = {{coord|15|5|S|68|45|W|display=inline}}
|elevation_footnotes    =  <!--for references: use <ref> </ref> tags-->
|elevation_m            =
|elevation_ft           =
<!-- Area/postal codes & others -------->
|postal_code_type       =  <!-- enter ZIP code, Postcode, Post code, Postal code... -->
|postal_code            =
|area_code              =
|blank_name             =
|blank_info             =
|blank1_name            =
|blank1_info            =
|website                = 
|footnotes              = 
}}",,27,,NA,Charazani.jpeg,Municipality,NA,NA,NA,NA,Bolivia,bottom,Location within Bolivia,Country,Bolivia,Department,La Paz Department,Mayor,NA,Foundation,NA,NA,9161,2001,NA,NA,NA,NA,NA,BOT,NA,NA,NA,NA,General Juan José Pérez Municipality / Charazani Municipality,NA,NA,NA,NA,250px,Charazani,NA,NA,NA,NA,NA,NA,NA,NA,NA,NA,NA,NA,NA,NA,NA,NA,Province,Bautista Saavedra Province,Seat,Charazani,NA,NA,President,NA,NA,NA,NA,NA,NA,NA,NA,NA,NA,NA,NA,Imperial,NA,NA,NA,NA,NA,NA,NA,NA,NA,NA,NA,NA,NA,NA,NA,NA,NA,NA,NA,NA,NA,Ethnicities,NA,Religions,NA,NA,NA,-4,NA,NA,NA,NA,NA,NA,NA,NA,NA,NA,NA,NA,NA,NA,NA,NA,NA,NA,NA,NA,NA,NA,NA,NA,NA,NA,NA,NA,NA,NA,NA,NA,NA,NA,NA,NA,NA,NA,NA,NA,NA,NA,NA,NA,NA,NA,NA
0,Guanay Municipality,Category:Municipalities of La Paz Department (Bolivia),23464705,6858,Q1551023,https://en.wikipedia.org/wiki/Guanay_Municipality,6823,0,2,2001,"{{Infobox settlement
<!-- See Template:Infobox settlement for additional fields and descriptions -->
<!-- Basic info  ---------------->
|official_name          = Guanay Municipality
|other_name             =
|native_name            = 
|nickname               = 
|settlement_type        = Municipality 
|motto                  =
<!-- images and maps  ----------->
|image_skyline          =Titicacameer1.jpg
|imagesize              = 
|image_caption          = The [[Cordillera Real (Bolivia)|Cordillera Real]] as seen from [[Lake Titicaca]] with [[Chachakumani]] and [[Ch'iyar Juqhu]] of the Guanay Municipality in the center
|image_flag             = 
|flag_size              =
|image_seal             = 
|seal_size              =
|image_shield           = 
|shield_size            =
|image_blank_emblem     =
|blank_emblem_type      =
|blank_emblem_size      =
|image_map              = 
|mapsize                = 
|map_caption            = 
|image_map1             = 
|mapsize1               = 
|map_caption1           = 
|image_dot_map          =
|dot_mapsize            =
|dot_map_caption        =
|dot_x =  |dot_y =
|pushpin_map            = Bolivia<!-- the name of a location map as per http://en.wikipedia.org/wiki/Template:Location_map -->
|pushpin_label_position =bottom
|pushpin_map_caption    =Location of the Viacha Municipality within Bolivia
<!-- Location ------------------>
|subdivision_type       = Country
|subdivision_name       = [[Image:Flag of Bolivia.svg|25px]] [[Bolivia]]
|subdivision_type1      = [[Departments of Bolivia|Department]]
|subdivision_name1      = [[La Paz Department (Bolivia)|La Paz Department]]
|subdivision_type2      = [[Provinces of Bolivia|Province]]
|subdivision_name2      = [[Larecaja Province]]
<!-- Smaller parts (e.g. boroughs of a city) and seat of government -->
|seat_type              = Seat
|seat                   = [[Guanay]] 
<!-- Politics ----------------->
|government_footnotes   =
|government_type        = 
|leader_title           = Mayor
|leader_name            = Eddy Loayza Guzmán (2007)
|leader_title1          =President<!-- for places with, say, both a mayor and a city manager -->
|leader_name1           = Lady Saavedra de Chávez (2007)
|leader_title2          = 
|leader_name2           = 
|leader_title3          =
|leader_name3           =
|leader_title4          =
|leader_name4           =
|established_title      = Foundation<!-- Settled -->
|established_date       = 
|established_title2     =  <!-- Incorporated (town) -->
|established_date2      = 
|established_title3     =  <!-- Incorporated (city) -->
|established_date3      =
<!-- Area    --------------------->
|area_magnitude         = 
|unit_pref                =Imperial <!--Enter: Imperial, if Imperial (metric) is desired-->
|area_footnotes           =
|area_total_km2           = 3911 <!-- ALL fields dealing with a measurements are subject to automatic unit conversion-->
|area_land_km2            = <!--See table @ Template:Infobox Settlement for details on automatic unit conversion-->
|area_water_km2           =
|area_total_sq_mi         =
|area_land_sq_mi          =
|area_water_sq_mi         =
|area_water_percent       =
|area_urban_km2           =
|area_urban_sq_mi         =
|area_metro_km2           =
|area_metro_sq_mi         =
|area_blank1_title        =
|area_blank1_km2          =
|area_blank1_sq_mi        =
<!-- Population   ----------------------->
|population_as_of               = 2001
|population_footnotes           =
|population_note                =
|population_total               = 11528 
|population_density_km2         =
|population_density_sq_mi       =
|population_metro               =
|population_density_metro_km2   =
|population_density_metro_sq_mi =
|population_urban               =
|population_density_urban_km2   =
|population_density_urban_sq_mi =
|population_blank1_title        =Ethnicities
|population_blank1              =
|population_blank2_title        =Religions
|population_blank2              =
|population_density_blank1_km2 =   
|population_density_blank1_sq_mi =
<!-- General information  --------------->
|timezone               = BOT
|utc_offset             = -4
|timezone_DST           = 
|utc_offset_DST         = 
|coordinates            = {{coord|-15.4947|-67.900|region:BO-L_type:adm3rd|display=inline,title}}
|elevation_footnotes    =  <!--for references: use <ref> </ref> tags-->
|elevation_m            = 500  
|elevation_ft           =
<!-- Area/postal codes & others -------->
|postal_code_type       =  <!-- enter ZIP code, Postcode, Post code, Postal code... -->
|postal_code            =
|area_code              =
|blank_name             =
|blank_info             =
|blank1_name            =
|blank1_info            =
|website                = 
|footnotes              = 
}}",,30,,NA,Titicacameer1.jpg,Municipality,NA,NA,NA,NA,Bolivia,bottom,Location of the Viacha Municipality within Bolivia,Country,25px Bolivia,Department,La Paz Department,Mayor,Eddy Loayza Guzmán (2007),Foundation,NA,NA,11528,2001,NA,3911,NA,500,NA,BOT,NA,NA,NA,NA,Guanay Municipality,NA,NA,NA,NA,NA,The Cordillera Real as seen from Lake Titicaca with Chachakumani and Ch'iyar Juqhu of the Guanay Municipality in the center,NA,NA,NA,NA,NA,NA,NA,NA,NA,NA,NA,NA,NA,NA,NA,NA,Province,Larecaja Province,Seat,Guanay,NA,NA,President,Lady Saavedra de Chávez (2007),NA,NA,NA,NA,NA,NA,NA,NA,NA,NA,NA,Imperial,NA,NA,NA,NA,NA,NA,NA,NA,NA,NA,NA,NA,NA,NA,NA,NA,NA,NA,NA,NA,NA,Ethnicities,NA,Religions,NA,NA,NA,-4,NA,NA,NA,NA,NA,NA,NA,NA,NA,NA,NA,NA,NA,NA,NA,NA,NA,NA,NA,NA,NA,NA,NA,NA,NA,NA,NA,NA,NA,NA,NA,NA,NA,NA,NA,NA,NA,NA,NA,NA,NA,NA,NA,NA,NA,NA,NA
0,Guaqui Municipality,Category:Municipalities of La Paz Department (Bolivia),23464507,7022,Q1118260,https://en.wikipedia.org/wiki/Guaqui_Municipality,7021,0,3,2001,"{{Infobox settlement
<!--See the Table at Infobox Settlement for all fields and descriptions of usage-->
<!-- Basic info  ---------------->
|official_name          = Guaqui Municipality
|other_name             =
|native_name            = 
|nickname               = 
|settlement_type        = Municipality 
|motto                  =
<!-- images and maps  ----------->
|image_skyline          = 
|imagesize              = 250px
|image_caption          =  
|image_flag             = 
|flag_size              =
|image_seal             = 
|seal_size              =
|image_shield           = 
|shield_size            =
|image_blank_emblem     =
|blank_emblem_type      =
|blank_emblem_size      =
|image_map            = Ingavi_Municipios_map.jpg
|mapsize              = 250px
|map_caption           = Location of the municipality within Ingavi province 
|image_map1             = 
|mapsize1               = 
|map_caption1           = 
|image_dot_map          =
|dot_mapsize            =
|dot_map_caption        =
|dot_x =  |dot_y =
|pushpin_map            = Bolivia<!-- the name of a location map as per http://en.wikipedia.org/wiki/Template:Location_map -->
|pushpin_label_position =bottom
|pushpin_map_caption    =Location of the Guaqui Municipality within Bolivia
<!-- Location ------------------>
|subdivision_type       = Country
|subdivision_name       = [[Image:Flag of Bolivia.svg|25px]] [[Bolivia]]
|subdivision_type1      = [[Departments of Bolivia|Department]]
|subdivision_name1      = [[La Paz Department (Bolivia)|La Paz Department]]
|subdivision_type2      = [[Provinces of Bolivia|Province]]
|subdivision_name2      = [[Ingavi Province]]
<!-- Smaller parts (e.g. boroughs of a city) and seat of government -->
|seat_type              = Seat
|seat                   = [[Guaqui]] 
<!-- Politics ----------------->
|government_footnotes   =
|government_type        = 
|leader_title           = Mayor
|leader_name            = Nixon Mamani Amaru  (2007)
|leader_title1          =President<!-- for places with, say, both a mayor and a city manager -->
|leader_name1           = Abraham Choque Condori (2007)
|leader_title2          = 
|leader_name2           = 
|leader_title3          =
|leader_name3           =
|leader_title4          =
|leader_name4           =
|established_title      = Foundation<!-- Settled -->
|established_date       = 
|established_title2     =  <!-- Incorporated (town) -->
|established_date2      = 
|established_title3     =  <!-- Incorporated (city) -->
|established_date3      =
<!-- Area    --------------------->
|area_magnitude         = 
|unit_pref                =Imperial <!--Enter: Imperial, if Imperial (metric) is desired-->
|area_footnotes           =
|area_total_km2           = 188 <!-- ALL fields dealing with a measurements are subject to automatic unit conversion-->
|area_land_km2            = <!--See table @ Template:Infobox Settlement for details on automatic unit conversion-->
|area_water_km2           =
|area_total_sq_mi         =
|area_land_sq_mi          =
|area_water_sq_mi         =
|area_water_percent       =
|area_urban_km2           =
|area_urban_sq_mi         =
|area_metro_km2           =
|area_metro_sq_mi         =
|area_blank1_title        =
|area_blank1_km2          =
|area_blank1_sq_mi        =
<!-- Population   ----------------------->
|population_as_of               = 2001
|population_footnotes           =
|population_note                =
|population_total               = 7552 
|population_density_km2         =
|population_density_sq_mi       =
|population_metro               =
|population_density_metro_km2   =
|population_density_metro_sq_mi =
|population_urban               =
|population_density_urban_km2   =
|population_density_urban_sq_mi =
|population_blank1_title        =Ethnicities
|population_blank1              =
|population_blank2_title        =Religions
|population_blank2              =
|population_density_blank1_km2 =   
|population_density_blank1_sq_mi =
<!-- General information  --------------->
|timezone               = BOT
|utc_offset             = -4
|timezone_DST           = 
|utc_offset_DST         = 
|coordinates            = {{coord|16|37|0|S|68|50|0|W|region:BO|display=inline,title}}
|elevation_footnotes    =  <!--for references: use <ref> </ref> tags-->
|elevation_m            =3900
|elevation_ft           =
<!-- Area/postal codes & others -------->
|postal_code_type       =  <!-- enter ZIP code, Postcode, Post code, Postal code... -->
|postal_code            =
|area_code              =
|blank_name             =
|blank_info             =
|blank1_name            =
|blank1_info            =
|website                = 
|footnotes              = 
}}",,32,,NA,NA,Municipality,NA,NA,Ingavi_Municipios_map.jpg,Location of the municipality within Ingavi province,Bolivia,bottom,Location of the Guaqui Municipality within Bolivia,Country,25px Bolivia,Department,La Paz Department,Mayor,Nixon Mamani Amaru (2007),Foundation,NA,NA,7552,2001,NA,188,NA,3900,NA,BOT,NA,NA,NA,NA,Guaqui Municipality,NA,NA,NA,NA,250px,NA,NA,NA,NA,NA,NA,NA,NA,250px,NA,NA,NA,NA,NA,NA,NA,NA,Province,Ingavi Province,Seat,Guaqui,NA,NA,President,Abraham Choque Condori (2007),NA,NA,NA,NA,NA,NA,NA,NA,NA,NA,NA,Imperial,NA,NA,NA,NA,NA,NA,NA,NA,NA,NA,NA,NA,NA,NA,NA,NA,NA,NA,NA,NA,NA,Ethnicities,NA,Religions,NA,NA,NA,-4,NA,NA,NA,NA,NA,NA,NA,NA,NA,NA,NA,NA,NA,NA,NA,NA,NA,NA,NA,NA,NA,NA,NA,NA,NA,NA,NA,NA,NA,NA,NA,NA,NA,NA,NA,NA,NA,NA,NA,NA,NA,NA,NA,NA,NA,NA,NA
0,Ichoca Municipality,Category:Municipalities of La Paz Department (Bolivia),24861639,5190,Q1544514,https://en.wikipedia.org/wiki/Ichoca_Municipality,5188,0,1,2001,"{{Infobox settlement
<!--See the Table at Infobox Settlement for all fields and descriptions of usage-->
<!-- Basic info  ---------------->
|official_name          = Ichoca Municipality
|other_name             =
|native_name            = 
|nickname               = 
|settlement_type        = Municipality 
|motto                  =
<!-- images and maps  ----------->
|image_skyline          =
|imagesize              = 
|image_caption          =  
|image_flag             = 
|flag_size              =
|image_seal             = 
|seal_size              =
|image_shield           = 
|shield_size            =
|image_blank_emblem     =
|blank_emblem_type      =
|blank_emblem_size      =
|image_map              = 
|mapsize                = 
|map_caption            = 
|image_map1             = 
|mapsize1               = 
|map_caption1           = 
|image_dot_map          =
|dot_mapsize            =
|dot_map_caption        =
|dot_x =  |dot_y =
|pushpin_map            =<!-- the name of a location map as per http://en.wikipedia.org/wiki/Template:Location_map -->
|pushpin_label_position =bottom
|pushpin_map_caption    =Location within Bolivia
<!-- Location ------------------>
|subdivision_type       = Country
|subdivision_name       ={{flag|Bolivia}}
|subdivision_type1      = [[Departments of Bolivia|Department]]
|subdivision_name1      = [[La Paz Department (Bolivia)|La Paz Department]]
|subdivision_type2      = [[Provinces of Bolivia|Province]]
|subdivision_name2      = [[Inquisivi Province]]
<!-- Smaller parts (e.g. boroughs of a city) and seat of government -->
|seat_type              = Seat
|seat                   = [[Ichoca, Bolivia|Ichoca]] 
<!-- Politics ----------------->
|government_footnotes   =
|government_type        = 
|leader_title           = Mayor
|leader_name            = 
|leader_title1          =President<!-- for places with, say, both a mayor and a city manager -->
|leader_name1           =
|leader_title2          = 
|leader_name2           = 
|leader_title3          =
|leader_name3           =
|leader_title4          =
|leader_name4           =
|established_title      = Foundation<!-- Settled -->
|established_date       = 
|established_title2     =  <!-- Incorporated (town) -->
|established_date2      = 
|established_title3     =  <!-- Incorporated (city) -->
|established_date3      =
<!-- Area    --------------------->
|area_magnitude         = 
|unit_pref                =Imperial <!--Enter: Imperial, if Imperial (metric) is desired-->
|area_footnotes           =
|area_total_km2           =<!-- ALL fields dealing with a measurements are subject to automatic unit conversion-->
|area_land_km2            = <!--See table @ Template:Infobox Settlement for details on automatic unit conversion-->
|area_water_km2           =
|area_total_sq_mi         =
|area_land_sq_mi          =
|area_water_sq_mi         =
|area_water_percent       =
|area_urban_km2           =
|area_urban_sq_mi         =
|area_metro_km2           =
|area_metro_sq_mi         =
|area_blank1_title        =
|area_blank1_km2          =
|area_blank1_sq_mi        =
<!-- Population   ----------------------->
|population_as_of               = 2001
|population_footnotes           =
|population_note                =
|population_total               = 
|population_density_km2         =
|population_density_sq_mi       =
|population_metro               =
|population_density_metro_km2   =
|population_density_metro_sq_mi =
|population_urban               =
|population_density_urban_km2   =
|population_density_urban_sq_mi =
|population_blank1_title        =Ethnicities
|population_blank1              =
|population_blank2_title        =Religions
|population_blank2              =
|population_density_blank1_km2 =   
|population_density_blank1_sq_mi =
<!-- General information  --------------->
|timezone               =BOT
|utc_offset             = -4
|timezone_DST           = 
|utc_offset_DST         = 
|coordinates            = 
|elevation_footnotes    =  <!--for references: use <ref> </ref> tags-->
|elevation_m            =
|elevation_ft           =
<!-- Area/postal codes & others -------->
|postal_code_type       =  <!-- enter ZIP code, Postcode, Post code, Postal code... -->
|postal_code            =
|area_code              =
|blank_name             =
|blank_info             =
|blank1_name            =
|blank1_info            =
|website                = 
|footnotes              = 
}}",,21,,NA,NA,Municipality,NA,NA,NA,NA,NA,bottom,Location within Bolivia,Country,Bolivia,Department,La Paz Department,Mayor,NA,Foundation,NA,NA,NA,2001,NA,NA,NA,NA,NA,BOT,NA,NA,NA,NA,Ichoca Municipality,NA,NA,NA,NA,NA,NA,NA,NA,NA,NA,NA,NA,NA,NA,NA,NA,NA,NA,NA,NA,NA,NA,Province,Inquisivi Province,Seat,Ichoca,NA,NA,President,NA,NA,NA,NA,NA,NA,NA,NA,NA,NA,NA,NA,Imperial,NA,NA,NA,NA,NA,NA,NA,NA,NA,NA,NA,NA,NA,NA,NA,NA,NA,NA,NA,NA,NA,Ethnicities,NA,Religions,NA,NA,NA,-4,NA,NA,NA,NA,NA,NA,NA,NA,NA,NA,NA,NA,NA,NA,NA,NA,NA,NA,NA,NA,NA,NA,NA,NA,NA,NA,NA,NA,NA,NA,NA,NA,NA,NA,NA,NA,NA,NA,NA,NA,NA,NA,NA,NA,NA,NA,NA
0,Inquisivi Municipality,Category:Municipalities of La Paz Department (Bolivia),24861644,6220,Q1819415,https://en.wikipedia.org/wiki/Inquisivi_Municipality,6216,0,1,2001,"{{Infobox settlement
<!--See the Table at Infobox Settlement for all fields and descriptions of usage-->
<!-- Basic info  ---------------->
|official_name          = Inquisivi Municipality
|other_name             =
|native_name            = 
|nickname               = 
|settlement_type        = Municipality 
|motto                  =
<!-- images and maps  ----------->
|image_xfhnjfnxdg seaskyline          =
|imagesize              = 
|image_fmfmvmcaption          =  
|image_flag             = 
|flag_size              =
|image_seal             = 
|seal_size              =
|image_shield           = 
|shield_size            =
|image_blank_emblem     =
|blank_emblem_type      =
|blank_emblem_size      =
|image_map              = 
|mapsize                = 
|map_caption            = 
|image_map1             = 
|mapsize1               = 
|map_caption1           = 
|image_dot_map          =
|dot_mapsize            =
|dot_map_caption        =
|dot_x =  |dot_y =
|pushpin_map            =Bolivia<!-- the name of a location map as per http://en.wikipedia.org/wiki/Template:Location_map -->
|pushpin_label_position =bottom
|pushpin_map_caption    =Location within Bolivia
<!-- Location ------------------>
|subdivision_type       = Country
|subdivision_name       ={{flag|Bolivia}}
|subdivision_type1      = [[Departments of Bolivia|Department]]
|subdivision_name1      = [[La Paz Department (Bolivia)|La Paz Department]]
|subdivision_type2      = [[Provinces of Bolivia|Province]]
|subdivision_name2      = [[Inquisivi Province]]
<!-- Smaller parts (e.g. boroughs of a city) and seat of government -->
|seat_type              = Seat
|seat                   = [[Inquisivi]] 
<!-- Politics ----------------->
|government_footnotes   =
|government_type        = 
|leader_title           = Mayor
|leader_name            = Walter Calle
|leader_title1          =<!-- for places with, say, both a mayor and a city manager -->
|leader_name1           =
|leader_title2          = 
|leader_name2           = 
|leader_title3          =
|leader_name3           =
|leader_title4          =
|leader_name4           =
|established_title      = Foundation<!-- Settled -->
|established_date       = 
|established_title2     =  <!-- Incorporated (town) -->
|established_date2      = 
|established_title3     =  <!-- Incorporated (city) -->
|established_date3      =
<!-- Area    --------------------->
|area_magnitude         = 
|unit_pref                =Imperial <!--Enter: Imperial, if Imperial (metric) is desired-->
|area_footnotes           =
|area_total_km2           =3268<!-- ALL fields dealing with a measurements are subject to automatic unit conversion-->
|area_land_km2            = <!--See table @ Template:Infobox Settlement for details on automatic unit conversion-->
|area_water_km2           =
|area_total_sq_mi         =
|area_land_sq_mi          =
|area_water_sq_mi         =
|area_water_percent       =
|area_urban_km2           =
|area_urban_sq_mi         =
|area_metro_km2           =
|area_metro_sq_mi         =
|area_blank1_title        =
|area_blank1_km2          =
|area_blank1_sq_mi        =
<!-- Population   ----------------------->
|population_as_of               = 2001
|population_footnotes           =
|population_note                =
|population_total               = 16143
|population_density_km2         = 5
|population_density_sq_mi       =
|population_metro               =
|population_density_metro_km2   =
|population_density_metro_sq_mi =
|population_urban               =
|population_density_urban_km2   =
|population_density_urban_sq_mi =
|population_blank1_title        =Ethnicities
|population_blank1              =[[Aymara people|Aymara]], [[Quechua people|Quechua]]
|population_blank2_title        =Religions
|population_blank2              =
|population_density_blank1_km2 =   
|population_density_blank1_sq_mi =
<!-- General information  --------------->
|timezone               = BOT
|utc_offset             = -4
|timezone_DST           = 
|utc_offset_DST         = 
|coordinates            = {{coord|16|50|S|67|0|W|display=inline}}
|elevation_footnotes    =  <!--for references: use <ref> </ref> tags-->
|elevation_m            =2800
|elevation_ft           =
<!-- Area/postal codes & others -------->
|postal_code_type       =  <!-- enter ZIP code, Postcode, Post code, Postal code... -->
|postal_code            =
|area_code              =
|blank_name             =
|blank_info             =
|blank1_name            =
|blank1_info            =
|website                = 
|footnotes              = 
}}",,28,,NA,NA,Municipality,NA,NA,NA,NA,Bolivia,bottom,Location within Bolivia,Country,Bolivia,Department,La Paz Department,Mayor,Walter Calle,Foundation,NA,NA,16143,2001,NA,3268,NA,2800,NA,BOT,NA,NA,NA,NA,Inquisivi Municipality,NA,NA,NA,NA,NA,NA,NA,NA,NA,NA,NA,NA,NA,NA,NA,NA,NA,NA,NA,NA,NA,NA,Province,Inquisivi Province,Seat,Inquisivi,NA,NA,NA,NA,NA,NA,NA,NA,NA,NA,NA,NA,NA,NA,NA,Imperial,NA,NA,NA,NA,NA,NA,NA,NA,NA,NA,NA,NA,NA,NA,5,NA,NA,NA,NA,NA,NA,Ethnicities,"Aymara, Quechua",Religions,NA,NA,NA,-4,NA,NA,NA,NA,NA,NA,NA,NA,NA,NA,NA,NA,NA,NA,NA,NA,NA,NA,NA,NA,NA,NA,NA,NA,NA,NA,NA,NA,NA,NA,NA,NA,NA,NA,NA,NA,NA,NA,NA,NA,NA,NA,NA,NA,NA,NA,NA
0,Irupana Municipality,Category:Municipalities of La Paz Department (Bolivia),24861648,7238,Q1552014,https://en.wikipedia.org/wiki/Irupana_Municipality,7237,1,5,2001,"{{Infobox settlement
<!--See the Table at Infobox Settlement for all fields and descriptions of usage-->
<!-- Basic info  ---------------->
|official_name          = Irupana 
|other_name             =
|native_name            = 
|nickname               = 
|settlement_type        = Municipality 
|motto                  =
<!-- images and maps  ----------->
|image_skyline          =Vista de Irupana.jpg
|imagesize              = 
|image_caption          = Irupana 
|image_flag             = 
|flag_size              =
|image_seal             = 
|seal_size              =
|image_shield           = 
|shield_size            =
|image_blank_emblem     =
|blank_emblem_type      =
|blank_emblem_size      =
|image_map              = 
|mapsize                = 
|map_caption            = 
|image_map1             = 
|mapsize1               = 
|map_caption1           = 
|image_dot_map          =
|dot_mapsize            =
|dot_map_caption        =
|dot_x =  |dot_y =
|pushpin_map            =Bolivia<!-- the name of a location map as per http://en.wikipedia.org/wiki/Template:Location_map -->
|pushpin_label_position =bottom
|pushpin_map_caption    =Location within Bolivia
<!-- Location ------------------>
|subdivision_type       = Country
|subdivision_name       ={{flag|Bolivia}}
|subdivision_type1      = [[Departments of Bolivia|Department]]
|subdivision_name1      = [[La Paz Department (Bolivia)|La Paz Department]]
|subdivision_type2      = [[Provinces of Bolivia|Province]]
|subdivision_name2      = [[Sud Yungas Province]]
<!-- Smaller parts (e.g. boroughs of a city) and seat of government -->
|seat_type              = Seat
|seat                   = [[Irupana]] 
<!-- Politics ----------------->
|government_footnotes   =
|government_type        = 
|leader_title           = Mayor
|leader_name            = Clemente Mamani Condorena (2007)
|leader_title1          =President<!-- for places with, say, both a mayor and a city manager -->
|leader_name1           =
|leader_title2          = 
|leader_name2           = 
|leader_title3          =
|leader_name3           =
|leader_title4          =
|leader_name4           =
|established_title      = Foundation<!-- Settled -->
|established_date       = 
|established_title2     =  <!-- Incorporated (town) -->
|established_date2      = 
|established_title3     =  <!-- Incorporated (city) -->
|established_date3      =
<!-- Area    --------------------->
|area_magnitude         = 
|unit_pref                =Imperial <!--Enter: Imperial, if Imperial (metric) is desired-->
|area_footnotes           =
|area_total_km2           =<!-- ALL fields dealing with a measurements are subject to automatic unit conversion-->
|area_land_km2            = <!--See table @ Template:Infobox Settlement for details on automatic unit conversion-->
|area_water_km2           =
|area_total_sq_mi         =
|area_land_sq_mi          =
|area_water_sq_mi         =
|area_water_percent       =
|area_urban_km2           =
|area_urban_sq_mi         =
|area_metro_km2           =
|area_metro_sq_mi         =
|area_blank1_title        =
|area_blank1_km2          =
|area_blank1_sq_mi        =
<!-- Population   ----------------------->
|population_as_of               = 2001
|population_footnotes           =
|population_note                =
|population_total               = 11383 
|population_density_km2         =
|population_density_sq_mi       =
|population_metro               =
|population_density_metro_km2   =
|population_density_metro_sq_mi =
|population_urban               =
|population_density_urban_km2   =
|population_density_urban_sq_mi =
|population_blank1_title        =Ethnicities
|population_blank1              =
|population_blank2_title        =Religions
|population_blank2              =
|population_density_blank1_km2 =   
|population_density_blank1_sq_mi =
<!-- General information  --------------->
|timezone               = BOT
|utc_offset             = -4
|timezone_DST           = 
|utc_offset_DST         = 
|coordinates            = {{coord|16|30|S|67|30|W|display=inline}}
|elevation_footnotes    =  <!--for references: use <ref> </ref> tags-->
|elevation_m            =1800
|elevation_ft           =
<!-- Area/postal codes & others -------->
|postal_code_type       =  <!-- enter ZIP code, Postcode, Post code, Postal code... -->
|postal_code            =
|area_code              =
|blank_name             =
|blank_info             =
|blank1_name            =
|blank1_info            =
|website                = 
|footnotes              = 
}}",,28,,NA,Vista de Irupana.jpg,Municipality,NA,NA,NA,NA,Bolivia,bottom,Location within Bolivia,Country,Bolivia,Department,La Paz Department,Mayor,Clemente Mamani Condorena (2007),Foundation,NA,NA,11383,2001,NA,NA,NA,1800,NA,BOT,NA,NA,NA,NA,Irupana,NA,NA,NA,NA,NA,Irupana,NA,NA,NA,NA,NA,NA,NA,NA,NA,NA,NA,NA,NA,NA,NA,NA,Province,Sud Yungas Province,Seat,Irupana,NA,NA,President,NA,NA,NA,NA,NA,NA,NA,NA,NA,NA,NA,NA,Imperial,NA,NA,NA,NA,NA,NA,NA,NA,NA,NA,NA,NA,NA,NA,NA,NA,NA,NA,NA,NA,NA,Ethnicities,NA,Religions,NA,NA,NA,-4,NA,NA,NA,NA,NA,NA,NA,NA,NA,NA,NA,NA,NA,NA,NA,NA,NA,NA,NA,NA,NA,NA,NA,NA,NA,NA,NA,NA,NA,NA,NA,NA,NA,NA,NA,NA,NA,NA,NA,NA,NA,NA,NA,NA,NA,NA,NA
0,Ixiamas Municipality,Category:Municipalities of La Paz Department (Bolivia),24862022,7062,Q1544558,https://en.wikipedia.org/wiki/Ixiamas_Municipality,7027,2,3,2001,"{{Infobox settlement
<!--See the Table at Infobox Settlement for all fields and descriptions of usage-->
<!-- Basic info  ---------------->| official_name                   = Ixiamas Municipality
| other_name                      = 
| native_name                     = 
| nickname                        = 
| settlement_type                 = Municipality
| motto                           = <!-- images and maps -->
| image_caption                   = <!--[File:Escudo de Ixiamas.png|thumb|Escudo Oficial de Ixiamas 2020]-->
| image_flag                      = 
| flag_size                       = 
| image_seal                      = 
| seal_size                       = 
| image_shield                    = 
| shield_size                     = 
| image_blank_emblem              = 
| blank_emblem_type               = 
| blank_emblem_size               = 
| image_map                       = 
| mapsize                         = 
| map_caption                     = 
| image_map1                      = 
| mapsize1                        = 
| map_caption1                    = 
| image_dot_map                   = 
| dot_mapsize                     = 
| dot_map_caption                 = 
| dot_x                           = 
| dot_y                           = 
| pushpin_map                     = Bolivia<!-- the name of a location map as per http://en.wikipedia.org/wiki/Template:Location_map -->
| pushpin_label_position          = bottom
| pushpin_map_caption             = Location within Bolivia
<!-- Location ------------------>| subdivision_type                = Country
| subdivision_name                = {{flag|Bolivia}}
| subdivision_type1               = [[Departments of Bolivia|Department]]
| subdivision_name1               = [[La Paz Department (Bolivia)|La Paz Department]]
| subdivision_type2               = [[Provinces of Bolivia|Province]]
| subdivision_name2               = [[Abel Iturralde Province]]
<!-- Smaller parts (e.g. boroughs of a city) and seat of government -->| seat_type                       = Seat
| seat                            = [[Ixiamas]] 
<!-- Politics ----------------->| government_footnotes            = 
| government_type                 = 
| leader_title                    = Mayor
| leader_name                     = 
| leader_title1                   = President<!-- for places with, say, both a mayor and a city manager -->
| leader_name1                    = 
| leader_title2                   = 
| leader_name2                    = 
| leader_title3                   = 
| leader_name3                    = 
| leader_title4                   = 
| leader_name4                    = 
| established_title               = Foundation<!-- Settled -->
| established_date                = 
| established_title2              = <!-- Incorporated (town) -->
| established_date2               = 
| established_title3              = <!-- Incorporated (city) -->
| established_date3               = <!-- Area    --------------------->
| area_magnitude                  = 
| unit_pref                       = Imperial <!--Enter: Imperial, if Imperial (metric) is desired-->
| area_footnotes                  = 
| area_total_km2                  = <!-- ALL fields dealing with a measurements are subject to automatic unit conversion-->
| area_land_km2                   = <!--See table @ Template:Infobox Settlement for details on automatic unit conversion-->
| area_water_km2                  = 
| area_total_sq_mi                = 
| area_land_sq_mi                 = 
| area_water_sq_mi                = 
| area_water_percent              = 
| area_urban_km2                  = 
| area_urban_sq_mi                = 
| area_metro_km2                  = 
| area_metro_sq_mi                = 
| area_blank1_title               = 
| area_blank1_km2                 = 
| area_blank1_sq_mi               = <!-- Population   ----------------------->
| population_as_of                = 2001
| population_footnotes            = 
| population_note                 = 
| population_total                = 5625
| population_density_km2          = 
| population_density_sq_mi        = 
| population_metro                = 
| population_density_metro_km2    = 
| population_density_metro_sq_mi  = 
| population_urban                = 
| population_density_urban_km2    = 
| population_density_urban_sq_mi  = 
| population_blank1_title         = Ethnicities
| population_blank1               = 
| population_blank2_title         = Religions
| population_blank2               = 
| population_density_blank1_km2   = 
| population_density_blank1_sq_mi = <!-- General information  --------------->
| timezone                        = BOT
| utc_offset                      = -4
| timezone_DST                    = 
| utc_offset_DST                  = 
| coordinates                     = {{coord|13|0|S|68|0|W|display=inline}}
| elevation_footnotes             = <!--for references: use <ref> </ref> tags-->
| elevation_m                     = 
| elevation_ft                    = <!-- Area/postal codes & others -------->
| postal_code_type                = <!-- enter ZIP code, Postcode, Post code, Postal code... -->
| postal_code                     = 
| area_code                       = 
| blank_name                      = 
| blank_info                      = 
| blank1_name                     = 
| blank1_info                     = 
| website                         = 
| footnotes                       = 
| name                            = 
}}",,24,,NA,NA,Municipality,NA,NA,NA,NA,Bolivia,bottom,Location within Bolivia,Country,Bolivia,Department,La Paz Department,Mayor,NA,Foundation,NA,NA,5625,2001,NA,NA,NA,NA,NA,BOT,NA,NA,NA,NA,Ixiamas Municipality,NA,NA,NA,NA,NA,<!--[File:Escudo de Ixiamas.png,NA,NA,NA,NA,NA,NA,NA,NA,NA,NA,NA,NA,NA,NA,NA,NA,Province,Abel Iturralde Province,Seat,Ixiamas,NA,NA,President,NA,NA,NA,NA,NA,NA,NA,NA,NA,NA,NA,NA,Imperial,NA,NA,NA,NA,NA,NA,NA,NA,NA,NA,NA,NA,NA,NA,NA,NA,NA,NA,NA,NA,NA,Ethnicities,NA,Religions,NA,NA,NA,-4,NA,NA,NA,NA,NA,NA,NA,NA,NA,NA,NA,NA,NA,NA,NA,NA,NA,NA,NA,NA,NA,NA,NA,NA,NA,NA,NA,NA,NA,NA,NA,NA,NA,NA,NA,NA,NA,NA,NA,NA,NA,NA,NA,NA,NA,NA,NA
0,Jesús de Machaca Municipality,Category:Municipalities of La Paz Department (Bolivia),23464571,9411,Q1305298,https://en.wikipedia.org/wiki/Jesús_de_Machaca_Municipality,9390,0,8,2001,"{{Infobox settlement
<!--See the Table at Infobox Settlement for all fields and descriptions of usage-->
<!-- Basic info  ---------------->
|official_name          = Jesús de Machaca Municipality
|other_name             =
|native_name            = 
|nickname               = 
|settlement_type        = Municipality 
|motto                  =
<!-- images and maps  ----------->
|image_skyline          = 
|imagesize              = 250px
|image_caption          =  
|image_flag             = 
|flag_size              =
|image_seal             = 
|seal_size              =
|image_shield           = 
|shield_size            =
|image_blank_emblem     =
|blank_emblem_type      =
|blank_emblem_size      =
|image_map            = Ingavi_Municipios_map.jpg
|mapsize              = 250px
|map_caption           = Location of the municipality within Ingavi province 
|image_map1             = 
|mapsize1               = 
|map_caption1           = 
|image_dot_map          =
|dot_mapsize            =
|dot_map_caption        =
|dot_x =  |dot_y =
|pushpin_map            = Bolivia<!-- the name of a location map as per http://en.wikipedia.org/wiki/Template:Location_map -->
|pushpin_label_position =bottom
|pushpin_map_caption    =Location of the Jesús de Machaca Municipality within Bolivia
<!-- Location ------------------>
|subdivision_type       = Country
|subdivision_name       = [[Image:Flag of Bolivia.svg|25px]] [[Bolivia]]
|subdivision_type1      = [[Departments of Bolivia|Department]]
|subdivision_name1      = [[La Paz Department (Bolivia)|La Paz Department]]
|subdivision_type2      = [[Provinces of Bolivia|Province]]
|subdivision_name2      = [[Ingavi Province]]
<!-- Smaller parts (e.g. boroughs of a city) and seat of government -->
|seat_type              = Seat
|seat                   = [[Jesús de Machaca]] 
<!-- Politics ----------------->
|government_footnotes   =
|government_type        = 
|leader_title           = Mayor
|leader_name            = Adrian Aspi Cosme (2008)
|leader_title1          =President<!-- for places with, say, both a mayor and a city manager -->
|leader_name1           = Melicio Llanqui Mita (2008)
|leader_title2          = 
|leader_name2           = 
|leader_title3          =
|leader_name3           =
|leader_title4          =
|leader_name4           =
|established_title      = Foundation<!-- Settled -->
|established_date       = 
|established_title2     =  <!-- Incorporated (town) -->
|established_date2      = 
|established_title3     =  <!-- Incorporated (city) -->
|established_date3      =
<!-- Area    --------------------->
|area_magnitude         = 
|unit_pref                =Imperial <!--Enter: Imperial, if Imperial (metric) is desired-->
|area_footnotes           =
|area_total_km2           = 955 <!-- ALL fields dealing with a measurements are subject to automatic unit conversion-->
|area_land_km2            = <!--See table @ Template:Infobox Settlement for details on automatic unit conversion-->
|area_water_km2           =
|area_total_sq_mi         =
|area_land_sq_mi          =
|area_water_sq_mi         =
|area_water_percent       =
|area_urban_km2           =
|area_urban_sq_mi         =
|area_metro_km2           =
|area_metro_sq_mi         =
|area_blank1_title        =
|area_blank1_km2          =
|area_blank1_sq_mi        =
<!-- Population   ----------------------->
|population_as_of               = 2001
|population_footnotes           =
|population_note                =
|population_total               = 13247  
|population_density_km2         =
|population_density_sq_mi       =
|population_metro               =
|population_density_metro_km2   =
|population_density_metro_sq_mi =
|population_urban               =
|population_density_urban_km2   =
|population_density_urban_sq_mi =
|population_blank1_title        =Ethnicities
|population_blank1              =
|population_blank2_title        =Religions
|population_blank2              =
|population_density_blank1_km2 =   
|population_density_blank1_sq_mi =
<!-- General information  --------------->
|timezone               = BOT
|utc_offset             = -4
|timezone_DST           = 
|utc_offset_DST         = 
|coordinates            = {{coord|16|45|0|S|68|45|0|W|region:BO|display=inline,title}}
|elevation_footnotes    =  <!--for references: use <ref> </ref> tags-->
|elevation_m            =
|elevation_ft           =
<!-- Area/postal codes & others -------->
|postal_code_type       =  <!-- enter ZIP code, Postcode, Post code, Postal code... -->
|postal_code            =
|area_code              =
|blank_name             =
|blank_info             =
|blank1_name            =
|blank1_info            =
|website                = 
|footnotes              = 
}}",,31,,NA,NA,Municipality,NA,NA,Ingavi_Municipios_map.jpg,Location of the municipality within Ingavi province,Bolivia,bottom,Location of the Jesús de Machaca Municipality within Bolivia,Country,25px Bolivia,Department,La Paz Department,Mayor,Adrian Aspi Cosme (2008),Foundation,NA,NA,13247,2001,NA,955,NA,NA,NA,BOT,NA,NA,NA,NA,Jesús de Machaca Municipality,NA,NA,NA,NA,250px,NA,NA,NA,NA,NA,NA,NA,NA,250px,NA,NA,NA,NA,NA,NA,NA,NA,Province,Ingavi Province,Seat,Jesús de Machaca,NA,NA,President,Melicio Llanqui Mita (2008),NA,NA,NA,NA,NA,NA,NA,NA,NA,NA,NA,Imperial,NA,NA,NA,NA,NA,NA,NA,NA,NA,NA,NA,NA,NA,NA,NA,NA,NA,NA,NA,NA,NA,Ethnicities,NA,Religions,NA,NA,NA,-4,NA,NA,NA,NA,NA,NA,NA,NA,NA,NA,NA,NA,NA,NA,NA,NA,NA,NA,NA,NA,NA,NA,NA,NA,NA,NA,NA,NA,NA,NA,NA,NA,NA,NA,NA,NA,NA,NA,NA,NA,NA,NA,NA,NA,NA,NA,NA
0,La Asunta Municipality,Category:Municipalities of La Paz Department (Bolivia),24862018,5021,Q1552078,https://en.wikipedia.org/wiki/La_Asunta_Municipality,4991,0,1,2001,"{{Infobox settlement
<!--See the Table at Infobox Settlement for all fields and descriptions of usage-->
<!-- Basic info  ---------------->
|official_name          = La Asunta Municipality
|other_name             =
|native_name            = 
|nickname               = 
|settlement_type        = Municipality 
|motto                  =
<!-- images and maps  ----------->
|image_skyline          =
|imagesize              = 
|image_caption          =  
|image_flag             = 
|flag_size              =
|image_seal             = 
|seal_size              =
|image_shield           = 
|shield_size            =
|image_blank_emblem     =
|blank_emblem_type      =
|blank_emblem_size      =
|image_map              = 
|mapsize                = 
|map_caption            = 
|image_map1             = 
|mapsize1               = 
|map_caption1           = 
|image_dot_map          =
|dot_mapsize            =
|dot_map_caption        =
|dot_x =  |dot_y =
|pushpin_map            =Bolivia<!-- the name of a location map as per http://en.wikipedia.org/wiki/Template:Location_map -->
|pushpin_label_position =bottom
|pushpin_map_caption    =Location within Bolivia
<!-- Location ------------------>
|subdivision_type       = Country
|subdivision_name       ={{flag|Bolivia}}
|subdivision_type1      = [[Departments of Bolivia|Department]]
|subdivision_name1      = [[La Paz Department (Bolivia)|La Paz Department]]
|subdivision_type2      = [[Provinces of Bolivia|Province]]
|subdivision_name2      = [[Sud Yungas Province]]
<!-- Smaller parts (e.g. boroughs of a city) and seat of government -->
|seat_type              = Seat
|seat                   = [[La Asunta]]
<!-- Politics ----------------->
|government_footnotes   =
|government_type        = 
|leader_title           = Mayor
|leader_name            = 
|leader_title1          =President<!-- for places with, say, both a mayor and a city manager -->
|leader_name1           =
|leader_title2          = 
|leader_name2           = 
|leader_title3          =
|leader_name3           =
|leader_title4          =
|leader_name4           =
|established_title      = Foundation<!-- Settled -->
|established_date       = 
|established_title2     =  <!-- Incorporated (town) -->
|established_date2      = 
|established_title3     =  <!-- Incorporated (city) -->
|established_date3      =
<!-- Area    --------------------->
|area_magnitude         = 
|unit_pref                =Imperial <!--Enter: Imperial, if Imperial (metric) is desired-->
|area_footnotes           =
|area_total_km2           =<!-- ALL fields dealing with a measurements are subject to automatic unit conversion-->
|area_land_km2            = <!--See table @ Template:Infobox Settlement for details on automatic unit conversion-->
|area_water_km2           =
|area_total_sq_mi         =
|area_land_sq_mi          =
|area_water_sq_mi         =
|area_water_percent       =
|area_urban_km2           =
|area_urban_sq_mi         =
|area_metro_km2           =
|area_metro_sq_mi         =
|area_blank1_title        =
|area_blank1_km2          =
|area_blank1_sq_mi        =
<!-- Population   ----------------------->
|population_as_of               = 2001
|population_footnotes           =
|population_note                =
|population_total               = 
|population_density_km2         =
|population_density_sq_mi       =
|population_metro               =
|population_density_metro_km2   =
|population_density_metro_sq_mi =
|population_urban               =
|population_density_urban_km2   =
|population_density_urban_sq_mi =
|population_blank1_title        =Ethnicities
|population_blank1              =
|population_blank2_title        =Religions
|population_blank2              =
|population_density_blank1_km2 =   
|population_density_blank1_sq_mi =
<!-- General information  --------------->
|timezone               = BOT
|utc_offset             = -4
|timezone_DST           = 
|utc_offset_DST         = 
|coordinates            = {{coord|16|0|S|67|0|W|display=inline}}
|elevation_footnotes    =  <!--for references: use <ref> </ref> tags-->
|elevation_m            =
|elevation_ft           =
<!-- Area/postal codes & others -------->
|postal_code_type       =  <!-- enter ZIP code, Postcode, Post code, Postal code... -->
|postal_code            =
|area_code              =
|blank_name             =
|blank_info             =
|blank1_name            =
|blank1_info            =
|website                = 
|footnotes              = 
}}",,23,,NA,NA,Municipality,NA,NA,NA,NA,Bolivia,bottom,Location within Bolivia,Country,Bolivia,Department,La Paz Department,Mayor,NA,Foundation,NA,NA,NA,2001,NA,NA,NA,NA,NA,BOT,NA,NA,NA,NA,La Asunta Municipality,NA,NA,NA,NA,NA,NA,NA,NA,NA,NA,NA,NA,NA,NA,NA,NA,NA,NA,NA,NA,NA,NA,Province,Sud Yungas Province,Seat,La Asunta,NA,NA,President,NA,NA,NA,NA,NA,NA,NA,NA,NA,NA,NA,NA,Imperial,NA,NA,NA,NA,NA,NA,NA,NA,NA,NA,NA,NA,NA,NA,NA,NA,NA,NA,NA,NA,NA,Ethnicities,NA,Religions,NA,NA,NA,-4,NA,NA,NA,NA,NA,NA,NA,NA,NA,NA,NA,NA,NA,NA,NA,NA,NA,NA,NA,NA,NA,NA,NA,NA,NA,NA,NA,NA,NA,NA,NA,NA,NA,NA,NA,NA,NA,NA,NA,NA,NA,NA,NA,NA,NA,NA,NA
0,"La Paz Municipality, Bolivia",Category:Municipalities of La Paz Department (Bolivia),23465210,7891,Q591120,"https://en.wikipedia.org/wiki/La_Paz_Municipality,_Bolivia",7884,0,4,"2001, 2024","{{Infobox settlement
<!--See the Table at Infobox Settlement for all fields and descriptions of usage-->
<!-- Basic info  ---------------->
|official_name          = La Paz Municipality
|other_name             =
|native_name            = 
|nickname               = 
|settlement_type        = Municipality 
|motto                  =
<!-- images and maps  ----------->
|image_skyline          = Amaneciendo en La Paz con el Illimani de fondo.jpg
|imagesize              = 250px
|image_caption          =  La Paz with [[Illimani]] in the background
|image_flag             = 
|flag_size              =
|image_seal             = 
|seal_size              =
|image_shield           = 
|shield_size            =
|image_blank_emblem     =
|blank_emblem_type      =
|blank_emblem_size      =
|image_map              = 
|mapsize                = 
|map_caption            = 
|image_map1             = 
|mapsize1               = 
|map_caption1           = 
|image_dot_map          =
|dot_mapsize            =
|dot_map_caption        =
|dot_x =  |dot_y =
|pushpin_map            = Bolivia<!-- the name of a location map as per http://en.wikipedia.org/wiki/Template:Location_map -->
|pushpin_label_position =bottom
|pushpin_map_caption    =Location of the La Paz Municipality within Bolivia
<!-- Location ------------------>
|subdivision_type       = Country
|subdivision_name       = [[Image:Flag of Bolivia.svg|25px]] [[Bolivia]]
|subdivision_type1      = [[Departments of Bolivia|Department]]
|subdivision_name1      = [[La Paz Department (Bolivia)|La Paz Department]]
|subdivision_type2      = [[Provinces of Bolivia|Province]]
|subdivision_name2      = [[Pedro Domingo Murillo Province]]
<!-- Smaller parts (e.g. boroughs of a city) and seat of government -->
|seat_type              = Seat
|seat                   = [[La Paz]] 
<!-- Politics ----------------->
|government_footnotes   =
|government_type        = 
|leader_title           = Mayor
|leader_name            = [[Iván Arias]]
|leader_title1          =
|leader_title2          = 
|leader_name2           = 
|leader_title3          =
|leader_name3           =
|leader_title4          =
|leader_name4           =
|established_title      = Foundation<!-- Settled -->
|established_date       = 
|established_title2     =  <!-- Incorporated (town) -->
|established_date2      = 
|established_title3     =  <!-- Incorporated (city) -->
|established_date3      =
<!-- Area    --------------------->
|area_magnitude         = 
|unit_pref                =Imperial <!--Enter: Imperial, if Imperial (metric) is desired-->
|area_footnotes           =
|area_total_km2           = 1973  <!-- ALL fields dealing with a measurements are subject to automatic unit conversion-->
|area_land_km2            = <!--See table @ Template:Infobox Settlement for details on automatic unit conversion-->
|area_water_km2           =
|area_total_sq_mi         =
|area_land_sq_mi          =
|area_water_sq_mi         =
|area_water_percent       =
|area_urban_km2           =
|area_urban_sq_mi         =
|area_metro_km2           =
|area_metro_sq_mi         =
|area_blank1_title        =
|area_blank1_km2          =
|area_blank1_sq_mi        =
<!-- Population   ----------------------->
|population_as_of               = 2024 census
|population_footnotes           = 
|population_note                =
|population_total               = 755,732
|population_density_km2         = auto
|population_density_sq_mi       =
|population_metro               =
|population_density_metro_km2   =
|population_density_metro_sq_mi =
|population_urban               =
|population_density_urban_km2   =
|population_density_urban_sq_mi =
|population_blank1_title        =Ethnicities
|population_blank1              =
|population_blank2_title        =Religions
|population_blank2              =
|population_density_blank1_km2 =   
|population_density_blank1_sq_mi =
<!-- General information  --------------->
|timezone               = BOT
|utc_offset             = -4
|timezone_DST           = 
|utc_offset_DST         = 
|coordinates            = {{coord|15|57|0|S|67|50|0|W|region:BO|display=inline,title}}
|elevation_footnotes    =  <!--for references: use <ref> </ref> tags-->
|elevation_m            =3600
|elevation_ft           =
<!-- Area/postal codes & others -------->
|postal_code_type       =  <!-- enter ZIP code, Postcode, Post code, Postal code... -->
|postal_code            =
|area_code              =
|blank_name             =
|blank_info             =
|blank1_name            =
|blank1_info            =
|website                = http://www.lapaz.bo/
|footnotes              = 
}}",,31,,NA,Amaneciendo en La Paz con el Illimani de fondo.jpg,Municipality,NA,NA,NA,NA,Bolivia,bottom,Location of the La Paz Municipality within Bolivia,Country,25px Bolivia,Department,La Paz Department,Mayor,Iván Arias,Foundation,NA,NA,"755,732",2024 census,NA,1973,NA,3600,NA,BOT,http://www.lapaz.bo/,NA,NA,NA,La Paz Municipality,NA,NA,NA,NA,250px,La Paz with Illimani in the background,NA,NA,NA,NA,NA,NA,NA,NA,NA,NA,NA,NA,NA,NA,NA,NA,Province,Pedro Domingo Murillo Province,Seat,La Paz,NA,NA,NA,NA,NA,NA,NA,NA,NA,NA,NA,NA,NA,NA,NA,Imperial,NA,NA,NA,NA,NA,NA,NA,NA,NA,NA,NA,NA,NA,NA,auto,NA,NA,NA,NA,NA,NA,Ethnicities,NA,Religions,NA,NA,NA,-4,NA,NA,NA,NA,NA,NA,NA,NA,NA,NA,NA,NA,NA,NA,NA,NA,NA,NA,NA,NA,NA,NA,NA,NA,NA,NA,NA,NA,NA,NA,NA,NA,NA,NA,NA,NA,NA,NA,NA,NA,NA,NA,NA,NA,NA,NA,NA
0,Laja Municipality,Category:Municipalities of La Paz Department (Bolivia),24861652,5264,Q1544635,https://en.wikipedia.org/wiki/Laja_Municipality,5263,0,1,2001,"{{Infobox settlement
<!--See the Table at Infobox Settlement for all fields and descriptions of usage-->
<!-- Basic info  ---------------->
|official_name          = Laja Municipality
|other_name             =
|native_name            = 
|nickname               = 
|settlement_type        = Municipality 
|motto                  =
<!-- images and maps  ----------->
|image_skyline          = Iglesia de Laja La Paz Bolivia.jpg
|imagesize              = 
|image_caption          = Church in Laja
|image_flag             = 
|flag_size              =
|image_seal             = 
|seal_size              =
|image_shield           = 
|shield_size            =
|image_blank_emblem     =
|blank_emblem_type      =
|blank_emblem_size      =
|image_map              = 
|mapsize                = 
|map_caption            = 
|image_map1             = 
|mapsize1               = 
|map_caption1           = 
|image_dot_map          =
|dot_mapsize            =
|dot_map_caption        =
|dot_x =  |dot_y =
|pushpin_map            =<!-- the name of a location map as per http://en.wikipedia.org/wiki/Template:Location_map -->
|pushpin_label_position =bottom
|pushpin_map_caption    =Location within Bolivia
<!-- Location ------------------>
|subdivision_type       = Country
|subdivision_name       ={{flag|Bolivia}}
|subdivision_type1      = [[Departments of Bolivia|Department]]
|subdivision_name1      = [[La Paz Department (Bolivia)|La Paz Department]]
|subdivision_type2      = [[Provinces of Bolivia|Province]]
|subdivision_name2      = [[Los Andes Province (Bolivia)|Los Andes Province]]
<!-- Smaller parts (e.g. boroughs of a city) and seat of government -->
|seat_type              = Seat
|seat                   = [[Laja, Bolivia|Laja]] 
<!-- Politics ----------------->
|government_footnotes   =
|government_type        = 
|leader_title           = Mayor
|leader_name            = 
|leader_title1          =President<!-- for places with, say, both a mayor and a city manager -->
|leader_name1           =
|leader_title2          = 
|leader_name2           = 
|leader_title3          =
|leader_name3           =
|leader_title4          =
|leader_name4           =
|established_title      = Foundation<!-- Settled -->
|established_date       = 
|established_title2     =  <!-- Incorporated (town) -->
|established_date2      = 
|established_title3     =  <!-- Incorporated (city) -->
|established_date3      =
<!-- Area    --------------------->
|area_magnitude         = 
|unit_pref                =Imperial <!--Enter: Imperial, if Imperial (metric) is desired-->
|area_footnotes           =
|area_total_km2           =<!-- ALL fields dealing with a measurements are subject to automatic unit conversion-->
|area_land_km2            = <!--See table @ Template:Infobox Settlement for details on automatic unit conversion-->
|area_water_km2           =
|area_total_sq_mi         =
|area_land_sq_mi          =
|area_water_sq_mi         =
|area_water_percent       =
|area_urban_km2           =
|area_urban_sq_mi         =
|area_metro_km2           =
|area_metro_sq_mi         =
|area_blank1_title        =
|area_blank1_km2          =
|area_blank1_sq_mi        =
<!-- Population   ----------------------->
|population_as_of               = 2001
|population_footnotes           =
|population_note                =
|population_total               = 16311
|population_density_km2         =
|population_density_sq_mi       =
|population_metro               =
|population_density_metro_km2   =
|population_density_metro_sq_mi =
|population_urban               =
|population_density_urban_km2   =
|population_density_urban_sq_mi =
|population_blank1_title        =Ethnicities
|population_blank1              =
|population_blank2_title        =Religions
|population_blank2              =
|population_density_blank1_km2 =   
|population_density_blank1_sq_mi =
<!-- General information  --------------->
|timezone               = BOT
|utc_offset             = -4
|timezone_DST           = 
|utc_offset_DST         = 
|coordinates            = 
|elevation_footnotes    =  <!--for references: use <ref> </ref> tags-->
|elevation_m            =
|elevation_ft           =
<!-- Area/postal codes & others -------->
|postal_code_type       =  <!-- enter ZIP code, Postcode, Post code, Postal code... -->
|postal_code            =
|area_code              =
|blank_name             =
|blank_info             =
|blank1_name            =
|blank1_info            =
|website                = 
|footnotes              = 
}}",,24,,NA,Iglesia de Laja La Paz Bolivia.jpg,Municipality,NA,NA,NA,NA,NA,bottom,Location within Bolivia,Country,Bolivia,Department,La Paz Department,Mayor,NA,Foundation,NA,NA,16311,2001,NA,NA,NA,NA,NA,BOT,NA,NA,NA,NA,Laja Municipality,NA,NA,NA,NA,NA,Church in Laja,NA,NA,NA,NA,NA,NA,NA,NA,NA,NA,NA,NA,NA,NA,NA,NA,Province,Los Andes Province,Seat,Laja,NA,NA,President,NA,NA,NA,NA,NA,NA,NA,NA,NA,NA,NA,NA,Imperial,NA,NA,NA,NA,NA,NA,NA,NA,NA,NA,NA,NA,NA,NA,NA,NA,NA,NA,NA,NA,NA,Ethnicities,NA,Religions,NA,NA,NA,-4,NA,NA,NA,NA,NA,NA,NA,NA,NA,NA,NA,NA,NA,NA,NA,NA,NA,NA,NA,NA,NA,NA,NA,NA,NA,NA,NA,NA,NA,NA,NA,NA,NA,NA,NA,NA,NA,NA,NA,NA,NA,NA,NA,NA,NA,NA,NA
0,Licoma Pampa Municipality,Category:Municipalities of La Paz Department (Bolivia),24861672,4953,Q1544480,https://en.wikipedia.org/wiki/Licoma_Pampa_Municipality,4953,0,1,2001,"{{Infobox settlement
<!--See the Table at Infobox Settlement for all fields and descriptions of usage-->
<!-- Basic info  ---------------->
|official_name          = Licoma Pampa Municipality
|other_name             =
|native_name            = 
|nickname               = 
|settlement_type        = Municipality 
|motto                  =
<!-- images and maps  ----------->
|image_skyline          =
|imagesize              = 
|image_caption          =  
|image_flag             = 
|flag_size              =
|image_seal             = 
|seal_size              =
|image_shield           = 
|shield_size            =
|image_blank_emblem     =
|blank_emblem_type      =
|blank_emblem_size      =
|image_map              = 
|mapsize                = 
|map_caption            = 
|image_map1             = 
|mapsize1               = 
|map_caption1           = 
|image_dot_map          =
|dot_mapsize            =
|dot_map_caption        =
|dot_x =  |dot_y =
|pushpin_map            =<!-- the name of a location map as per http://en.wikipedia.org/wiki/Template:Location_map -->
|pushpin_label_position =bottom
|pushpin_map_caption    =Location within Bolivia
<!-- Location ------------------>
|subdivision_type       = Country
|subdivision_name       ={{flag|Bolivia}}
|subdivision_type1      = [[Departments of Bolivia|Department]]
|subdivision_name1      = [[La Paz Department (Bolivia)|La Paz Department]]
|subdivision_type2      = [[Provinces of Bolivia|Province]]
|subdivision_name2      = [[Inquisivi Province]]
<!-- Smaller parts (e.g. boroughs of a city) and seat of government -->
|seat_type              = Seat
|seat                   = [[Licoma]] 
<!-- Politics ----------------->
|government_footnotes   =
|government_type        = 
|leader_title           = Mayor
|leader_name            = 
|leader_title1          =President<!-- for places with, say, both a mayor and a city manager -->
|leader_name1           =
|leader_title2          = 
|leader_name2           = 
|leader_title3          =
|leader_name3           =
|leader_title4          =
|leader_name4           =
|established_title      = Foundation<!-- Settled -->
|established_date       = 
|established_title2     =  <!-- Incorporated (town) -->
|established_date2      = 
|established_title3     =  <!-- Incorporated (city) -->
|established_date3      =
<!-- Area    --------------------->
|area_magnitude         = 
|unit_pref                =Imperial <!--Enter: Imperial, if Imperial (metric) is desired-->
|area_footnotes           =
|area_total_km2           =<!-- ALL fields dealing with a measurements are subject to automatic unit conversion-->
|area_land_km2            = <!--See table @ Template:Infobox Settlement for details on automatic unit conversion-->
|area_water_km2           =
|area_total_sq_mi         =
|area_land_sq_mi          =
|area_water_sq_mi         =
|area_water_percent       =
|area_urban_km2           =
|area_urban_sq_mi         =
|area_metro_km2           =
|area_metro_sq_mi         =
|area_blank1_title        =
|area_blank1_km2          =
|area_blank1_sq_mi        =
<!-- Population   ----------------------->
|population_as_of               = 2001
|population_footnotes           =
|population_note                =
|population_total               = 
|population_density_km2         =
|population_density_sq_mi       =
|population_metro               =
|population_density_metro_km2   =
|population_density_metro_sq_mi =
|population_urban               =
|population_density_urban_km2   =
|population_density_urban_sq_mi =
|population_blank1_title        =Ethnicities
|population_blank1              =
|population_blank2_title        =Religions
|population_blank2              =
|population_density_blank1_km2 =   
|population_density_blank1_sq_mi =
<!-- General information  --------------->
|timezone               = BOT
|utc_offset             = -4
|timezone_DST           = 
|utc_offset_DST         = 
|coordinates            = 
|elevation_footnotes    =  <!--for references: use <ref> </ref> tags-->
|elevation_m            =
|elevation_ft           =
<!-- Area/postal codes & others -------->
|postal_code_type       =  <!-- enter ZIP code, Postcode, Post code, Postal code... -->
|postal_code            =
|area_code              =
|blank_name             =
|blank_info             =
|blank1_name            =
|blank1_info            =
|website                = 
|footnotes              = 
}}",,21,,NA,NA,Municipality,NA,NA,NA,NA,NA,bottom,Location within Bolivia,Country,Bolivia,Department,La Paz Department,Mayor,NA,Foundation,NA,NA,NA,2001,NA,NA,NA,NA,NA,BOT,NA,NA,NA,NA,Licoma Pampa Municipality,NA,NA,NA,NA,NA,NA,NA,NA,NA,NA,NA,NA,NA,NA,NA,NA,NA,NA,NA,NA,NA,NA,Province,Inquisivi Province,Seat,Licoma,NA,NA,President,NA,NA,NA,NA,NA,NA,NA,NA,NA,NA,NA,NA,Imperial,NA,NA,NA,NA,NA,NA,NA,NA,NA,NA,NA,NA,NA,NA,NA,NA,NA,NA,NA,NA,NA,Ethnicities,NA,Religions,NA,NA,NA,-4,NA,NA,NA,NA,NA,NA,NA,NA,NA,NA,NA,NA,NA,NA,NA,NA,NA,NA,NA,NA,NA,NA,NA,NA,NA,NA,NA,NA,NA,NA,NA,NA,NA,NA,NA,NA,NA,NA,NA,NA,NA,NA,NA,NA,NA,NA,NA
0,Luribay Municipality,Category:Municipalities of La Paz Department (Bolivia),23467581,8261,Q1819426,https://en.wikipedia.org/wiki/Luribay_Municipality,8812,8,17,2001,"{{Infobox settlement
<!--See the Table at Infobox Settlement for all fields and descriptions of usage-->
<!-- Basic info  ---------------->
|official_name          = Luribay Municipality
|other_name             =
|native_name            = 
|nickname               = 
|settlement_type        = Municipality 
|motto                  =
<!-- images and maps  ----------->
|image_skyline          = 
|imagesize              = 250px
|image_caption          =  
|image_flag             = 
|flag_size              =
|image_seal             = 
|seal_size              =
|image_shield           = 
|shield_size            =
|image_blank_emblem     =
|blank_emblem_type      =
|blank_emblem_size      =
|image_map              = 
|mapsize                = 
|map_caption            = 
|image_map1             = 
|mapsize1               = 
|map_caption1           = 
|image_dot_map          =
|pushpin_map            = Bolivia<!-- the name of a location map as per http://en.wikipedia.org/wiki/Template:Location_map -->
|pushpin_label_position =bottom
|pushpin_map_caption    =Location of the Luribay Municipality within Bolivia
<!-- Location ------------------>
|subdivision_type       = Country
|subdivision_name       = [[Image:Flag of Bolivia.svg|25px]] [[Bolivia]]
|subdivision_type1      = [[Departments of Bolivia|Department]]
|subdivision_name1      = [[La Paz Department (Bolivia)|La Paz Department]]
|subdivision_type2      = [[Provinces of Bolivia|Province]]
|subdivision_name2      = [[Loayza Province]]
<!-- Smaller parts (e.g. boroughs of a city) and seat of government -->
|seat_type              = Seat
|seat                   = [[Luribay]] 
<!-- Politics ----------------->
|government_footnotes   =
|government_type        = 
|leader_title           = Mayor
|leader_name            = Lucho Quispe Chino (2007)
|leader_title1          =President<!-- for places with, say, both a mayor and a city manager -->
|leader_name1           = 
|leader_title2          = 
|leader_name2           = 
|leader_title3          =
|leader_name3           =
|leader_title4          =
|leader_name4           =
|established_title      = Foundation<!-- Settled -->
|established_date       = 
|established_title2     =  <!-- Incorporated (town) -->
|established_date2      = 
|established_title3     =  <!-- Incorporated (city) -->
|established_date3      =
<!-- Area    --------------------->
|area_magnitude         = 
|unit_pref                =Imperial <!--Enter: Imperial, if Imperial (metric) is desired-->
|area_footnotes           =
|area_total_km2           = 503 <!-- ALL fields dealing with a measurements are subject to automatic unit conversion-->
|area_land_km2            = <!--See table @ Template:Infobox Settlement for details on automatic unit conversion-->
|area_water_km2           =
|area_total_sq_mi         =
|area_land_sq_mi          =
|area_water_sq_mi         =
|area_water_percent       =
|area_urban_km2           =
|area_urban_sq_mi         =
|area_metro_km2           =
|area_metro_sq_mi         =
|area_blank1_title        =
|area_blank1_km2          =
|area_blank1_sq_mi        =
<!-- Population   ----------------------->
|population_as_of               = 2001
|population_footnotes           =
|population_note                =
|population_total               = 9004
|population_density_km2         =
|population_density_sq_mi       =
|population_metro               =
|population_density_metro_km2   =
|population_density_metro_sq_mi =
|population_urban               =
|population_density_urban_km2   =
|population_density_urban_sq_mi =
|population_blank1_title        =Ethnicities
|population_blank1              =
|population_blank2_title        =Religions
|population_blank2              =
|population_density_blank1_km2 =   
|population_density_blank1_sq_mi =
<!-- General information  --------------->
|timezone               = BOT
|utc_offset             = -4
|timezone_DST           = 
|utc_offset_DST         = 
|coordinates            = {{coord|17|0|0|S|67|35|0|W|region:BO|display=inline,title}}
|elevation_footnotes    =  <!--for references: use <ref> </ref> tags-->
|elevation_m            =3000
|elevation_ft           =
<!-- Area/postal codes & others -------->
|postal_code_type       =  <!-- enter ZIP code, Postcode, Post code, Postal code... -->
|postal_code            =
|area_code              =
|blank_name             =
|blank_info             =
|blank1_name            =
|blank1_info            =
|website                = 
|footnotes              = 
}}",,28,,NA,NA,Municipality,NA,NA,NA,NA,Bolivia,bottom,Location of the Luribay Municipality within Bolivia,Country,25px Bolivia,Department,La Paz Department,Mayor,Lucho Quispe Chino (2007),Foundation,NA,NA,9004,2001,NA,503,NA,3000,NA,BOT,NA,NA,NA,NA,Luribay Municipality,NA,NA,NA,NA,250px,NA,NA,NA,NA,NA,NA,NA,NA,NA,NA,NA,NA,NA,NA,NA,NA,NA,Province,Loayza Province,Seat,Luribay,NA,NA,President,NA,NA,NA,NA,NA,NA,NA,NA,NA,NA,NA,NA,Imperial,NA,NA,NA,NA,NA,NA,NA,NA,NA,NA,NA,NA,NA,NA,NA,NA,NA,NA,NA,NA,NA,Ethnicities,NA,Religions,NA,NA,NA,-4,NA,NA,NA,NA,NA,NA,NA,NA,NA,NA,NA,NA,NA,NA,NA,NA,NA,NA,NA,NA,NA,NA,NA,NA,NA,NA,NA,NA,NA,NA,NA,NA,NA,NA,NA,NA,NA,NA,NA,NA,NA,NA,NA,NA,NA,NA,NA
0,Malla Municipality,Category:Municipalities of La Paz Department (Bolivia),24861673,6474,Q1315889,https://en.wikipedia.org/wiki/Malla_Municipality,6441,1,3,2001,"{{Infobox settlement
<!--See the Table at Infobox Settlement for all fields and descriptions of usage-->
<!-- Basic info  ---------------->
|official_name          = Malla Municipality
|other_name             =
|native_name            = 
|nickname               = 
|settlement_type        = Municipality 
|motto                  =
<!-- images and maps  ----------->
|image_skyline          =
|imagesize              = 
|image_caption          =  
|image_flag             = 
|flag_size              =
|image_seal             = 
|seal_size              =
|image_shield           = 
|shield_size            =
|image_blank_emblem     =
|blank_emblem_type      =
|blank_emblem_size      =
|image_map              = 
|mapsize                = 
|map_caption            = 
|image_map1             = 
|mapsize1               = 
|map_caption1           = 
|image_dot_map          =
|dot_mapsize            =
|dot_map_caption        =
|dot_x =  |dot_y =
|pushpin_map            =<!-- the name of a location map as per http://en.wikipedia.org/wiki/Template:Location_map -->
|pushpin_label_position =bottom
|pushpin_map_caption    =Location within Bolivia
<!-- Location ------------------>
|subdivision_type       = Country
|subdivision_name       ={{flag|Bolivia}}
|subdivision_type1      = [[Departments of Bolivia|Department]]
|subdivision_name1      = [[La Paz Department (Bolivia)|La Paz Department]]
|subdivision_type2      = [[Provinces of Bolivia|Province]]
|subdivision_name2      = [[Loayza Province]]
<!-- Smaller parts (e.g. boroughs of a city) and seat of government -->
|seat_type              = Seat
|seat                   = [[Malla, Bolivia|Malla]] 
<!-- Politics ----------------->
|government_footnotes   =
|government_type        = 
|leader_title           = Mayor
|leader_name            = 
|leader_title1          =President<!-- for places with, say, both a mayor and a city manager -->
|leader_name1           =
|leader_title2          = 
|leader_name2           = 
|leader_title3          =
|leader_name3           =
|leader_title4          =
|leader_name4           =
|established_title      = Foundation<!-- Settled -->
|established_date       = 
|established_title2     =  <!-- Incorporated (town) -->
|established_date2      = 
|established_title3     =  <!-- Incorporated (city) -->
|established_date3      =
<!-- Area    --------------------->
|area_magnitude         = 
|unit_pref                =Imperial <!--Enter: Imperial, if Imperial (metric) is desired-->
|area_footnotes           =
|area_total_km2           =<!-- ALL fields dealing with a measurements are subject to automatic unit conversion-->
|area_land_km2            = <!--See table @ Template:Infobox Settlement for details on automatic unit conversion-->
|area_water_km2           =
|area_total_sq_mi         =
|area_land_sq_mi          =
|area_water_sq_mi         =
|area_water_percent       =
|area_urban_km2           =
|area_urban_sq_mi         =
|area_metro_km2           =
|area_metro_sq_mi         =
|area_blank1_title        =
|area_blank1_km2          =
|area_blank1_sq_mi        =
<!-- Population   ----------------------->
|population_as_of               = 2001
|population_footnotes           =
|population_note                =
|population_total               = 
|population_density_km2         =
|population_density_sq_mi       =
|population_metro               =
|population_density_metro_km2   =
|population_density_metro_sq_mi =
|population_urban               =
|population_density_urban_km2   =
|population_density_urban_sq_mi =
|population_blank1_title        =Ethnicities
|population_blank1              =
|population_blank2_title        =Religions
|population_blank2              =
|population_density_blank1_km2 =   
|population_density_blank1_sq_mi =
<!-- General information  --------------->
|timezone               = BOT
|utc_offset             = -4
|timezone_DST           = 
|utc_offset_DST         = 
|coordinates            = 
|elevation_footnotes    =  <!--for references: use <ref> </ref> tags-->
|elevation_m            =
|elevation_ft           =
<!-- Area/postal codes & others -------->
|postal_code_type       =  <!-- enter ZIP code, Postcode, Post code, Postal code... -->
|postal_code            =
|area_code              =
|blank_name             =
|blank_info             =
|blank1_name            =
|blank1_info            =
|website                = 
|footnotes              = 
}}",,21,,NA,NA,Municipality,NA,NA,NA,NA,NA,bottom,Location within Bolivia,Country,Bolivia,Department,La Paz Department,Mayor,NA,Foundation,NA,NA,NA,2001,NA,NA,NA,NA,NA,BOT,NA,NA,NA,NA,Malla Municipality,NA,NA,NA,NA,NA,NA,NA,NA,NA,NA,NA,NA,NA,NA,NA,NA,NA,NA,NA,NA,NA,NA,Province,Loayza Province,Seat,Malla,NA,NA,President,NA,NA,NA,NA,NA,NA,NA,NA,NA,NA,NA,NA,Imperial,NA,NA,NA,NA,NA,NA,NA,NA,NA,NA,NA,NA,NA,NA,NA,NA,NA,NA,NA,NA,NA,Ethnicities,NA,Religions,NA,NA,NA,-4,NA,NA,NA,NA,NA,NA,NA,NA,NA,NA,NA,NA,NA,NA,NA,NA,NA,NA,NA,NA,NA,NA,NA,NA,NA,NA,NA,NA,NA,NA,NA,NA,NA,NA,NA,NA,NA,NA,NA,NA,NA,NA,NA,NA,NA,NA,NA
0,Mapiri Municipality,Category:Municipalities of La Paz Department (Bolivia),23464964,6120,Q1585050,https://en.wikipedia.org/wiki/Mapiri_Municipality,6118,0,1,2001,"{{Infobox settlement
<!-- See Template:Infobox settlement for additional fields and descriptions -->
<!-- Basic info  ---------------->
|official_name          = Mapiri Municipality
|other_name             =
|native_name            = 
|nickname               = 
|settlement_type        = Municipality 
|motto                  =
<!-- images and maps  ----------->
|image_skyline          = Mapiri.jpg
|imagesize              = 250px
|image_caption          = Mapiri and the Mapiri River, La Paz Department
|image_flag             = 
|flag_size              =
|image_seal             = 
|seal_size              =
|image_shield           = 
|shield_size            =
|image_blank_emblem     =
|blank_emblem_type      =
|blank_emblem_size      =
|image_map              = 
|mapsize                = 
|map_caption            = 
|image_map1             = 
|mapsize1               = 
|map_caption1           = 
|image_dot_map          =
|dot_mapsize            =
|dot_map_caption        =
|dot_x =  |dot_y =
|pushpin_map            = Bolivia<!-- the name of a location map as per http://en.wikipedia.org/wiki/Template:Location_map -->
|pushpin_label_position =bottom
|pushpin_map_caption    =Location of the Mapiri Municipality within Bolivia
<!-- Location ------------------>
|subdivision_type       = Country
|subdivision_name       = [[Image:Flag of Bolivia.svg|25px]] [[Bolivia]]
|subdivision_type1      = [[Departments of Bolivia|Department]]
|subdivision_name1      = [[La Paz Department (Bolivia)|La Paz Department]]
|subdivision_type2      = [[Provinces of Bolivia|Province]]
|subdivision_name2      = [[Larecaja Province]]
<!-- Smaller parts (e.g. boroughs of a city) and seat of government -->
|seat_type              = Seat
|seat                   = [[Mapiri]] 
<!-- Politics ----------------->
|government_footnotes   =
|government_type        = 
|leader_title           = Mayor
|leader_name            = Enrique Calle Onorio  (2007)
|leader_title1          =President<!-- for places with, say, both a mayor and a city manager -->
|leader_name1           = Ramiro Jorge Vargas Orosco (2007)
|leader_title2          = 
|leader_name2           = 
|leader_title3          =
|leader_name3           =
|leader_title4          =
|leader_name4           =
|established_title      = Foundation<!-- Settled -->
|established_date       = 
|established_title2     =  <!-- Incorporated (town) -->
|established_date2      = 
|established_title3     =  <!-- Incorporated (city) -->
|established_date3      =
<!-- Area    --------------------->
|area_magnitude         = 
|unit_pref                =Imperial <!--Enter: Imperial, if Imperial (metric) is desired-->
|area_footnotes           =
|area_total_km2           = 1361 <!-- ALL fields dealing with a measurements are subject to automatic unit conversion-->
|area_land_km2            = <!--See table @ Template:Infobox Settlement for details on automatic unit conversion-->
|area_water_km2           =
|area_total_sq_mi         =
|area_land_sq_mi          =
|area_water_sq_mi         =
|area_water_percent       =
|area_urban_km2           =
|area_urban_sq_mi         =
|area_metro_km2           =
|area_metro_sq_mi         =
|area_blank1_title        =
|area_blank1_km2          =
|area_blank1_sq_mi        =
<!-- Population   ----------------------->
|population_as_of               = 2001
|population_footnotes           =
|population_note                =
|population_total               = 9633
|population_density_km2         =
|population_density_sq_mi       =
|population_metro               =
|population_density_metro_km2   =
|population_density_metro_sq_mi =
|population_urban               =
|population_density_urban_km2   =
|population_density_urban_sq_mi =
|population_blank1_title        =Ethnicities
|population_blank1              =
|population_blank2_title        =Religions
|population_blank2              =
|population_density_blank1_km2 =   
|population_density_blank1_sq_mi =
<!-- General information  --------------->
|timezone               = BOT
|utc_offset             = -4
|timezone_DST           = 
|utc_offset_DST         = 
|coordinates            = {{coord|-15.3087|-68.2412|region:BO-L_type:adm3rd|display=inline,title}}
|elevation_footnotes    =  <!--for references: use <ref> </ref> tags-->
|elevation_m            =   
|elevation_ft           =
<!-- Area/postal codes & others -------->
|postal_code_type       =  <!-- enter ZIP code, Postcode, Post code, Postal code... -->
|postal_code            =
|area_code              =
|blank_name             =
|blank_info             =
|blank1_name            =
|blank1_info            =
|website                = 
|footnotes              = 
}}",,30,,NA,Mapiri.jpg,Municipality,NA,NA,NA,NA,Bolivia,bottom,Location of the Mapiri Municipality within Bolivia,Country,25px Bolivia,Department,La Paz Department,Mayor,Enrique Calle Onorio (2007),Foundation,NA,NA,9633,2001,NA,1361,NA,NA,NA,BOT,NA,NA,NA,NA,Mapiri Municipality,NA,NA,NA,NA,250px,"Mapiri and the Mapiri River, La Paz Department",NA,NA,NA,NA,NA,NA,NA,NA,NA,NA,NA,NA,NA,NA,NA,NA,Province,Larecaja Province,Seat,Mapiri,NA,NA,President,Ramiro Jorge Vargas Orosco (2007),NA,NA,NA,NA,NA,NA,NA,NA,NA,NA,NA,Imperial,NA,NA,NA,NA,NA,NA,NA,NA,NA,NA,NA,NA,NA,NA,NA,NA,NA,NA,NA,NA,NA,Ethnicities,NA,Religions,NA,NA,NA,-4,NA,NA,NA,NA,NA,NA,NA,NA,NA,NA,NA,NA,NA,NA,NA,NA,NA,NA,NA,NA,NA,NA,NA,NA,NA,NA,NA,NA,NA,NA,NA,NA,NA,NA,NA,NA,NA,NA,NA,NA,NA,NA,NA,NA,NA,NA,NA
0,Mecapaca Municipality,Category:Municipalities of La Paz Department (Bolivia),23465314,7478,Q1551628,https://en.wikipedia.org/wiki/Mecapaca_Municipality,7442,1,2,"2001, 2012","{{Infobox settlement
<!--See the Table at Infobox Settlement for all fields and descriptions of usage-->
<!-- Basic info  ---------------->| official_name      = Mecapaca
| other_name         = 
| native_name        = 
| nickname           = 
| settlement_type    = Municipality
| motto              = <!-- images and maps  ----------->
| image_skyline      = 
| imagesize          = 250px
| image_caption      = 
| image_flag         = 
| flag_size          = 
| image_seal         = 
| seal_size          = 
| image_shield       = 
| shield_size        = 
| image_blank_emblem = 
| blank_emblem_type  = 
| blank_emblem_size  = 
| image_map          = 
| mapsize            = 
| map_caption        = 
| image_map1         = 
| mapsize1           = 
| map_caption1       = 
| image_dot_map      = 
| dot_mapsize        = 
| dot_map_caption    = 
| dot_x              = 
| dot_y              = 
| pushpin_map        = Bolivia<!-- the name of a location map as per http://en.wikipedia.org/wiki/Template:Location_map -->
| pushpin_label_position = bottom
| pushpin_map_caption = Location of the Mecapaca Municipality within Bolivia
<!-- Location ------------------>| subdivision_type   = Country
| subdivision_name   = [[Image:Flag of Bolivia.svg|25px]] [[Bolivia]]
| subdivision_type1  = [[Departments of Bolivia|Department]]
| subdivision_name1  = [[La Paz Department (Bolivia)|La Paz Department]]
| subdivision_type2  = [[Provinces of Bolivia|Province]]
| subdivision_name2  = [[Pedro Domingo Murillo Province]]
<!-- Smaller parts (e.g. boroughs of a city) and seat of government -->| seat_type          = Seat
| seat               = [[Mecapaca]] 
<!-- Politics ----------------->| government_footnotes = 
| government_type    = 
| leader_title       = Mayor
| leader_name        = José Arancibia Quisbert  (2007)
| leader_title1      = President<!-- for places with, say, both a mayor and a city manager -->
| leader_name1       = 
| leader_title2      = 
| leader_name2       = 
| leader_title3      = 
| leader_name3       = 
| leader_title4      = 
| leader_name4       = 
| established_title  = Foundation<!-- Settled -->
| established_date   = 
| established_title2 = <!-- Incorporated (town) -->
| established_date2  = 
| established_title3 = <!-- Incorporated (city) -->
| established_date3  = <!-- Area    --------------------->
| area_magnitude     = 
| unit_pref          = Imperial <!--Enter: Imperial, if Imperial (metric) is desired-->
| area_footnotes     = 
| area_total_km2     = 526 <!-- ALL fields dealing with a measurements are subject to automatic unit conversion-->
| area_land_km2      = <!--See table @ Template:Infobox Settlement for details on automatic unit conversion-->
| area_water_km2     = 
| area_total_sq_mi   = 
| area_land_sq_mi    = 
| area_water_sq_mi   = 
| area_water_percent = 
| area_urban_km2     = 
| area_urban_sq_mi   = 
| area_metro_km2     = 
| area_metro_sq_mi   = 
| area_blank1_title  = 
| area_blank1_km2    = 
| area_blank1_sq_mi  = <!-- Population   ----------------------->
| population_as_of   = 2012
| population_footnotes = 
| population_note    = 
| population_total   = 16027
| population_density_km2 = 
| population_density_sq_mi = 
| population_metro   = 
| population_density_metro_km2 = 
| population_density_metro_sq_mi = 
| population_urban   = 
| population_density_urban_km2 = 
| population_density_urban_sq_mi = 
| population_blank1_title = Ethnicities
| population_blank1  = 
| population_blank2_title = Religions
| population_blank2  = 
| population_density_blank1_km2 = 
| population_density_blank1_sq_mi = <!-- General information  --------------->
| timezone           = BOT
| utc_offset         = -4
| timezone_DST       = 
| utc_offset_DST     = 
| coordinates        = {{coord|16|43|0|S|67|59|0|W|region:BO|display=inline,title}}
| elevation_footnotes = <!--for references: use <ref> </ref> tags-->
| elevation_m        = 3000
| elevation_ft       = <!-- Area/postal codes & others -------->
| postal_code_type   = <!-- enter ZIP code, Postcode, Post code, Postal code... -->
| postal_code        = 
| area_code          = 
| blank_name         = 
| blank_info         = 
| blank1_name        = 
| blank1_info        = 
| website            = 
| footnotes          = 
}}",,28,,NA,NA,Municipality,NA,NA,NA,NA,Bolivia,bottom,Location of the Mecapaca Municipality within Bolivia,Country,25px Bolivia,Department,La Paz Department,Mayor,José Arancibia Quisbert (2007),Foundation,NA,NA,16027,2012,NA,526,NA,3000,NA,BOT,NA,NA,NA,NA,Mecapaca,NA,NA,NA,NA,250px,NA,NA,NA,NA,NA,NA,NA,NA,NA,NA,NA,NA,NA,NA,NA,NA,NA,Province,Pedro Domingo Murillo Province,Seat,Mecapaca,NA,NA,President,NA,NA,NA,NA,NA,NA,NA,NA,NA,NA,NA,NA,Imperial,NA,NA,NA,NA,NA,NA,NA,NA,NA,NA,NA,NA,NA,NA,NA,NA,NA,NA,NA,NA,NA,Ethnicities,NA,Religions,NA,NA,NA,-4,NA,NA,NA,NA,NA,NA,NA,NA,NA,NA,NA,NA,NA,NA,NA,NA,NA,NA,NA,NA,NA,NA,NA,NA,NA,NA,NA,NA,NA,NA,NA,NA,NA,NA,NA,NA,NA,NA,NA,NA,NA,NA,NA,NA,NA,NA,NA
0,Mocomoco Municipality,Category:Municipalities of La Paz Department (Bolivia),23467152,6282,Q1544446,https://en.wikipedia.org/wiki/Mocomoco_Municipality,6281,0,7,2001,"{{Infobox settlement
<!--See the Table at Infobox Settlement for all fields and descriptions of usage-->
<!-- Basic info ---------------->
|official_name          = Mocomoco 
|other_name             =
|native_name            = Muqu Muqu
|nickname               = 
|settlement_type        = Municipality 
|motto                  =
<!-- images and maps ----------->
|image_skyline          = 
|imagesize              = 250px
|image_caption          = 
|image_flag             = 
|flag_size              =
|image_seal             = 
|seal_size              =
|image_shield           = 
|shield_size            =
|image_blank_emblem     =
|blank_emblem_type      =
|blank_emblem_size      =
|image_map              = 
|mapsize                = 
|map_caption            = 
|image_map1             = 
|mapsize1               = 
|map_caption1           = 
|image_dot_map          =
|dot_mapsize            =
|dot_map_caption        =
|dot_x =  |dot_y =
|pushpin_map            = Bolivia<!-- the name of a location map as per http://en.wikipedia.org/wiki/Template:Location_map -->
|pushpin_label_position = bottom
|pushpin_map_caption    = Location of the Mocomoco Municipality within Bolivia
<!-- Location ------------------>
|subdivision_type       = Country
|subdivision_name       = [[Image:Flag of Bolivia.svg|25px]] [[Bolivia]]
|subdivision_type1      = [[Departments of Bolivia|Department]]
|subdivision_name1      = [[La Paz Department (Bolivia)|La Paz Department]]
|subdivision_type2      = [[Provinces of Bolivia|Province]]
|subdivision_name2      = [[Eliodoro Camacho Province]]
<!-- Smaller parts (e.g. boroughs of a city) and seat of government -->
|seat_type              = Seat
|seat                   = [[Mocomoco]] (Muqu Muqu)
<!-- Politics ----------------->
|government_footnotes   =
|government_type        = 
|leader_title           = Mayor
|leader_name            = Pascual Maximo Kuno Condori (2007)
|leader_title1          = President<!-- for places with, say, both a mayor and a city manager -->
|leader_name1           = Felix Calle Tintaya (2007)
|leader_title2          = 
|leader_name2           = 
|leader_title3          =
|leader_name3           =
|leader_title4          =
|leader_name4           =
|established_title      = Foundation<!-- Settled -->
|established_date       = 
|established_title2     = <!-- Incorporated (town) -->
|established_date2      = 
|established_title3     = <!-- Incorporated (city) -->
|established_date3      =
<!-- Area --------------------->
|area_magnitude         = 
|unit_pref                = Imperial <!--Enter: Imperial, if Imperial (metric) is desired-->
|area_footnotes           =
|area_total_km2           = 523 <!-- ALL fields dealing with a measurements are subject to automatic unit conversion-->
|area_land_km2            = <!--See table @ Template:Infobox Settlement for details on automatic unit conversion-->
|area_water_km2           =
|area_total_sq_mi         =
|area_land_sq_mi          =
|area_water_sq_mi         =
|area_water_percent       =
|area_urban_km2           =
|area_urban_sq_mi         =
|area_metro_km2           =
|area_metro_sq_mi         =
|area_blank1_title        =
|area_blank1_km2          =
|area_blank1_sq_mi        =
<!-- Population ----------------------->
|population_as_of               = 2001
|population_footnotes           =
|population_note                =
|population_total               = 13950 
|population_density_km2         =
|population_density_sq_mi       =
|population_metro               =
|population_density_metro_km2   =
|population_density_metro_sq_mi =
|population_urban               =
|population_density_urban_km2   =
|population_density_urban_sq_mi =
|population_blank1_title        = Ethnicities
|population_blank1              =
|population_blank2_title        = Religions
|population_blank2              =
|population_density_blank1_km2 = 
|population_density_blank1_sq_mi =
<!-- General information --------------->
|timezone               = BOT
|utc_offset             = -4
|timezone_DST           = 
|utc_offset_DST         = 
|coordinates            = {{coord|15|25|0|S|69|5|0|W|region:BO|display=inline,title}}
|elevation_footnotes    = <!--for references: use <ref> </ref> tags-->
|elevation_m            =3500
|elevation_ft           =
<!-- Area/postal codes & others -------->
|postal_code_type       = <!-- enter ZIP code, Postcode, Post code, Postal code... -->
|postal_code            =
|area_code              =
|blank_name             =
|blank_info             =
|blank1_name            =
|blank1_info            =
|website                = 
|footnotes              = 
}}",,30,,NA,NA,Municipality,NA,NA,NA,NA,Bolivia,bottom,Location of the Mocomoco Municipality within Bolivia,Country,25px Bolivia,Department,La Paz Department,Mayor,Pascual Maximo Kuno Condori (2007),Foundation,NA,NA,13950,2001,NA,523,NA,3500,NA,BOT,NA,NA,NA,NA,Mocomoco,NA,Muqu Muqu,NA,NA,250px,NA,NA,NA,NA,NA,NA,NA,NA,NA,NA,NA,NA,NA,NA,NA,NA,NA,Province,Eliodoro Camacho Province,Seat,Mocomoco (Muqu Muqu),NA,NA,President,Felix Calle Tintaya (2007),NA,NA,NA,NA,NA,NA,NA,NA,NA,NA,NA,Imperial,NA,NA,NA,NA,NA,NA,NA,NA,NA,NA,NA,NA,NA,NA,NA,NA,NA,NA,NA,NA,NA,Ethnicities,NA,Religions,NA,NA,NA,-4,NA,NA,NA,NA,NA,NA,NA,NA,NA,NA,NA,NA,NA,NA,NA,NA,NA,NA,NA,NA,NA,NA,NA,NA,NA,NA,NA,NA,NA,NA,NA,NA,NA,NA,NA,NA,NA,NA,NA,NA,NA,NA,NA,NA,NA,NA,NA
0,Nazacara de Pacajes Municipality,Category:Municipalities of La Paz Department (Bolivia),23466751,5514,Q1544578,https://en.wikipedia.org/wiki/Nazacara_de_Pacajes_Municipality,5513,0,1,2001,"{{Infobox settlement
<!--See the Table at Infobox Settlement for all fields and descriptions of usage-->
<!-- Basic info  ---------------->
|official_name          = Nazacara de Pacajes Municipality
|other_name             =
|native_name            = Nasa Q'ara
|nickname               = 
|settlement_type        = Municipality 
|motto                  =
<!-- images and maps  ----------->
|image_skyline          = 
|imagesize              = 250px
|image_caption          =  
|image_flag             = 
|flag_size              =
|image_seal             = 
|seal_size              =
|image_shield           = 
|shield_size            =
|image_blank_emblem     =
|blank_emblem_type      =
|blank_emblem_size      =
|image_map              = 
|mapsize                = 
|map_caption            = 
|image_map1             = 
|mapsize1               = 
|map_caption1           = 
|image_dot_map          =
|dot_mapsize            =
|dot_map_caption        =
|dot_x =  |dot_y =
|pushpin_map            = Bolivia<!-- the name of a location map as per http://en.wikipedia.org/wiki/Template:Location_map -->
|pushpin_label_position =bottom
|pushpin_map_caption    =Location of the Nazacara de Pacajes Municipality within Bolivia
<!-- Location ------------------>
|subdivision_type       = Country
|subdivision_name       = [[Image:Flag of Bolivia.svg|25px]] [[Bolivia]]
|subdivision_type1      = [[Departments of Bolivia|Department]]
|subdivision_name1      = [[La Paz Department (Bolivia)|La Paz Department]]
|subdivision_type2      = [[Provinces of Bolivia|Province]]
|subdivision_name2      = [[Pacajes Province]]
<!-- Smaller parts (e.g. boroughs of a city) and seat of government -->
|seat_type              = Seat
|seat                   = [[Nazacara]] 
<!-- Politics ----------------->
|government_footnotes   =
|government_type        = 
|leader_title           = Mayor
|leader_name            = Romualdo Fernández  (2007)
|leader_title1          =President<!-- for places with, say, both a mayor and a city manager -->
|leader_name1           = Ceferino Laura Barrionuevo (2007)
|leader_title2          = 
|leader_name2           = 
|leader_title3          =
|leader_name3           =
|leader_title4          =
|leader_name4           =
|established_title      = Foundation<!-- Settled -->
|established_date       = 
|established_title2     =  <!-- Incorporated (town) -->
|established_date2      = 
|established_title3     =  <!-- Incorporated (city) -->
|established_date3      =
<!-- Area    --------------------->
|area_magnitude         = 
|unit_pref                =Imperial <!--Enter: Imperial, if Imperial (metric) is desired-->
|area_footnotes           =
|area_total_km2           = 19 <!-- ALL fields dealing with a measurements are subject to automatic unit conversion-->
|area_land_km2            = <!--See table @ Template:Infobox Settlement for details on automatic unit conversion-->
|area_water_km2           =
|area_total_sq_mi         =
|area_land_sq_mi          =
|area_water_sq_mi         =
|area_water_percent       =
|area_urban_km2           =
|area_urban_sq_mi         =
|area_metro_km2           =
|area_metro_sq_mi         =
|area_blank1_title        =
|area_blank1_km2          =
|area_blank1_sq_mi        =
<!-- Population   ----------------------->
|population_as_of               = 2001
|population_footnotes           =
|population_note                =
|population_total               = 267
|population_density_km2         =
|population_density_sq_mi       =
|population_metro               =
|population_density_metro_km2   =
|population_density_metro_sq_mi =
|population_urban               =
|population_density_urban_km2   =
|population_density_urban_sq_mi =
|population_blank1_title        =Ethnicities
|population_blank1              =
|population_blank2_title        =Religions
|population_blank2              =
|population_density_blank1_km2 =   
|population_density_blank1_sq_mi =
<!-- General information  --------------->
|timezone               = BOT
|utc_offset             = -4
|timezone_DST           = 
|utc_offset_DST         = 
|coordinates            = {{coord|17|00|0|S|68|45|0|W|region:BO|display=inline,title}}
|elevation_footnotes    =  <!--for references: use <ref> </ref> tags-->
|elevation_m            =3800
|elevation_ft           =
<!-- Area/postal codes & others -------->
|postal_code_type       =  <!-- enter ZIP code, Postcode, Post code, Postal code... -->
|postal_code            =
|area_code              =
|blank_name             =
|blank_info             =
|blank1_name            =
|blank1_info            =
|website                = 
|footnotes              = 
}}",,30,,NA,NA,Municipality,NA,NA,NA,NA,Bolivia,bottom,Location of the Nazacara de Pacajes Municipality within Bolivia,Country,25px Bolivia,Department,La Paz Department,Mayor,Romualdo Fernández (2007),Foundation,NA,NA,267,2001,NA,19,NA,3800,NA,BOT,NA,NA,NA,NA,Nazacara de Pacajes Municipality,NA,Nasa Q'ara,NA,NA,250px,NA,NA,NA,NA,NA,NA,NA,NA,NA,NA,NA,NA,NA,NA,NA,NA,NA,Province,Pacajes Province,Seat,Nazacara,NA,NA,President,Ceferino Laura Barrionuevo (2007),NA,NA,NA,NA,NA,NA,NA,NA,NA,NA,NA,Imperial,NA,NA,NA,NA,NA,NA,NA,NA,NA,NA,NA,NA,NA,NA,NA,NA,NA,NA,NA,NA,NA,Ethnicities,NA,Religions,NA,NA,NA,-4,NA,NA,NA,NA,NA,NA,NA,NA,NA,NA,NA,NA,NA,NA,NA,NA,NA,NA,NA,NA,NA,NA,NA,NA,NA,NA,NA,NA,NA,NA,NA,NA,NA,NA,NA,NA,NA,NA,NA,NA,NA,NA,NA,NA,NA,NA,NA
0,Palca Municipality,Category:Municipalities of La Paz Department (Bolivia),23465279,7837,Q1536059,https://en.wikipedia.org/wiki/Palca_Municipality,7830,0,4,2001,"{{Infobox settlement
<!--See the Table at Infobox Settlement for all fields and descriptions of usage-->
<!-- Basic info  ---------------->
|official_name          = Palca 
|other_name             =
|native_name            = Pallqa
|nickname               = 
|settlement_type        = Municipality 
|motto                  =
<!-- images and maps  ----------->
|image_skyline          = P8040040 Chojahuaya.JPG
|imagesize              = 250px
|image_caption          = Chojahuaya, Cohoni Canton, Palca Municipality
|image_flag             = 
|flag_size              =
|image_seal             = 
|seal_size              =
|image_shield           = 
|shield_size            =
|image_blank_emblem     =
|blank_emblem_type      =
|blank_emblem_size      =
|image_map              = 
|mapsize                = 
|map_caption            = 
|image_map1             = 
|mapsize1               = 
|map_caption1           = 
|image_dot_map          =
|dot_mapsize            =
|dot_map_caption        =
|dot_x =  |dot_y =
|pushpin_map            = Bolivia<!-- the name of a location map as per http://en.wikipedia.org/wiki/Template:Location_map -->
|pushpin_label_position =bottom
|pushpin_map_caption    =Location of the Palca Municipality within Bolivia
<!-- Location ------------------>
|subdivision_type       = Country
|subdivision_name       = [[Image:Flag of Bolivia.svg|25px]] [[Bolivia]]
|subdivision_type1      = [[Departments of Bolivia|Department]]
|subdivision_name1      = [[La Paz Department (Bolivia)|La Paz Department]]
|subdivision_type2      = [[Provinces of Bolivia|Province]]
|subdivision_name2      = [[Pedro Domingo Murillo Province]]
<!-- Smaller parts (e.g. boroughs of a city) and seat of government -->
|seat_type              = Seat
|seat                   = [[Palca, Bolivia|Palca]] 
<!-- Politics ----------------->
|government_footnotes   =
|government_type        = 
|leader_title           = Mayor
|leader_name            = Cecilio Quispe Gomez (2007)
|leader_title1          =President<!-- for places with, say, both a mayor and a city manager -->
|leader_name1           = 
|leader_title2          = 
|leader_name2           = 
|leader_title3          =
|leader_name3           =
|leader_title4          =
|leader_name4           =
|established_title      = Foundation<!-- Settled -->
|established_date       = 
|established_title2     =  <!-- Incorporated (town) -->
|established_date2      = 
|established_title3     =  <!-- Incorporated (city) -->
|established_date3      =
<!-- Area    --------------------->
|area_magnitude         = 
|unit_pref                =Imperial <!--Enter: Imperial, if Imperial (metric) is desired-->
|area_footnotes           =
|area_total_km2           = 734  <!-- ALL fields dealing with a measurements are subject to automatic unit conversion-->
|area_land_km2            = <!--See table @ Template:Infobox Settlement for details on automatic unit conversion-->
|area_water_km2           =
|area_total_sq_mi         =
|area_land_sq_mi          =
|area_water_sq_mi         =
|area_water_percent       =
|area_urban_km2           =
|area_urban_sq_mi         =
|area_metro_km2           =
|area_metro_sq_mi         =
|area_blank1_title        =
|area_blank1_km2          =
|area_blank1_sq_mi        =
<!-- Population   ----------------------->
|population_as_of               = 2001
|population_footnotes           =
|population_note                =
|population_total               = 14185
|population_density_km2         =
|population_density_sq_mi       =
|population_metro               =
|population_density_metro_km2   =
|population_density_metro_sq_mi =
|population_urban               =
|population_density_urban_km2   =
|population_density_urban_sq_mi =
|population_blank1_title        =Ethnicities
|population_blank1              =[[Aymara people|Aymara]]
|population_blank2_title        =Religions
|population_blank2              =
|population_density_blank1_km2 =   
|population_density_blank1_sq_mi =
<!-- General information  --------------->
|timezone               = BOT
|utc_offset             = -4
|timezone_DST           = 
|utc_offset_DST         = 
|coordinates            = {{coord|16|42|0|S|67|50|0|W|region:BO|display=inline,title}}
|elevation_footnotes    =  <!--for references: use <ref> </ref> tags-->
|elevation_m            =3800
|elevation_ft           =
<!-- Area/postal codes & others -------->
|postal_code_type       =  <!-- enter ZIP code, Postcode, Post code, Postal code... -->
|postal_code            =
|area_code              =
|blank_name             =
|blank_info             =
|blank1_name            =
|blank1_info            =
|website                = 
|footnotes              = 
}}",,32,,NA,P8040040 Chojahuaya.JPG,Municipality,NA,NA,NA,NA,Bolivia,bottom,Location of the Palca Municipality within Bolivia,Country,25px Bolivia,Department,La Paz Department,Mayor,Cecilio Quispe Gomez (2007),Foundation,NA,NA,14185,2001,NA,734,NA,3800,NA,BOT,NA,NA,NA,NA,Palca,NA,Pallqa,NA,NA,250px,"Chojahuaya, Cohoni Canton, Palca Municipality",NA,NA,NA,NA,NA,NA,NA,NA,NA,NA,NA,NA,NA,NA,NA,NA,Province,Pedro Domingo Murillo Province,Seat,Palca,NA,NA,President,NA,NA,NA,NA,NA,NA,NA,NA,NA,NA,NA,NA,Imperial,NA,NA,NA,NA,NA,NA,NA,NA,NA,NA,NA,NA,NA,NA,NA,NA,NA,NA,NA,NA,NA,Ethnicities,Aymara,Religions,NA,NA,NA,-4,NA,NA,NA,NA,NA,NA,NA,NA,NA,NA,NA,NA,NA,NA,NA,NA,NA,NA,NA,NA,NA,NA,NA,NA,NA,NA,NA,NA,NA,NA,NA,NA,NA,NA,NA,NA,NA,NA,NA,NA,NA,NA,NA,NA,NA,NA,NA
0,Palos Blancos Municipality,Category:Municipalities of La Paz Department (Bolivia),24861681,5054,Q1551606,https://en.wikipedia.org/wiki/Palos_Blancos_Municipality,5020,0,1,2001,"{{Infobox settlement
<!--See the Table at Infobox Settlement for all fields and descriptions of usage-->
<!-- Basic info  ---------------->
|official_name          = Palos Blancos Municipality
|other_name             =
|native_name            = 
|nickname               = 
|settlement_type        = Municipality 
|motto                  =
<!-- images and maps  ----------->
|image_skyline          =
|imagesize              = 
|image_caption          =  
|image_flag             = 
|flag_size              =
|image_seal             = 
|seal_size              =
|image_shield           = 
|shield_size            =
|image_blank_emblem     =
|blank_emblem_type      =
|blank_emblem_size      =
|image_map              = 
|mapsize                = 
|map_caption            = 
|image_map1             = 
|mapsize1               = 
|map_caption1           = 
|image_dot_map          =
|dot_mapsize            =
|dot_map_caption        =
|dot_x =  |dot_y =
|pushpin_map            =Bolivia<!-- the name of a location map as per http://en.wikipedia.org/wiki/Template:Location_map -->
|pushpin_label_position =bottom
|pushpin_map_caption    =Location within Bolivia
<!-- Location ------------------>
|subdivision_type       = Country
|subdivision_name       ={{flag|Bolivia}}
|subdivision_type1      = [[Departments of Bolivia|Department]]
|subdivision_name1      = [[La Paz Department (Bolivia)|La Paz Department]]
|subdivision_type2      = [[Provinces of Bolivia|Province]]
|subdivision_name2      = [[Sud Yungas Province]]
<!-- Smaller parts (e.g. boroughs of a city) and seat of government -->
|seat_type              = Seat
|seat                   = [[Palos Blancos]]
<!-- Politics ----------------->
|government_footnotes   =
|government_type        = 
|leader_title           = Mayor
|leader_name            = 
|leader_title1          =President<!-- for places with, say, both a mayor and a city manager -->
|leader_name1           =
|leader_title2          = 
|leader_name2           = 
|leader_title3          =
|leader_name3           =
|leader_title4          =
|leader_name4           =
|established_title      = Foundation<!-- Settled -->
|established_date       = 
|established_title2     =  <!-- Incorporated (town) -->
|established_date2      = 
|established_title3     =  <!-- Incorporated (city) -->
|established_date3      =
<!-- Area    --------------------->
|area_magnitude         = 
|unit_pref                =Imperial <!--Enter: Imperial, if Imperial (metric) is desired-->
|area_footnotes           =
|area_total_km2           =<!-- ALL fields dealing with a measurements are subject to automatic unit conversion-->
|area_land_km2            = <!--See table @ Template:Infobox Settlement for details on automatic unit conversion-->
|area_water_km2           =
|area_total_sq_mi         =
|area_land_sq_mi          =
|area_water_sq_mi         =
|area_water_percent       =
|area_urban_km2           =
|area_urban_sq_mi         =
|area_metro_km2           =
|area_metro_sq_mi         =
|area_blank1_title        =
|area_blank1_km2          =
|area_blank1_sq_mi        =
<!-- Population   ----------------------->
|population_as_of               = 2001
|population_footnotes           =
|population_note                =
|population_total               = 
|population_density_km2         =
|population_density_sq_mi       =
|population_metro               =
|population_density_metro_km2   =
|population_density_metro_sq_mi =
|population_urban               =
|population_density_urban_km2   =
|population_density_urban_sq_mi =
|population_blank1_title        =Ethnicities
|population_blank1              =
|population_blank2_title        =Religions
|population_blank2              =
|population_density_blank1_km2 =   
|population_density_blank1_sq_mi =
<!-- General information  --------------->
|timezone               = BOT
|utc_offset             = -4
|timezone_DST           = 
|utc_offset_DST         = 
|coordinates            = {{coord|15|31|S|67|15|W|display=inline}}
|elevation_footnotes    =  <!--for references: use <ref> </ref> tags-->
|elevation_m            =
|elevation_ft           =
<!-- Area/postal codes & others -------->
|postal_code_type       =  <!-- enter ZIP code, Postcode, Post code, Postal code... -->
|postal_code            =
|area_code              =
|blank_name             =
|blank_info             =
|blank1_name            =
|blank1_info            =
|website                = 
|footnotes              = 
}}",,23,,NA,NA,Municipality,NA,NA,NA,NA,Bolivia,bottom,Location within Bolivia,Country,Bolivia,Department,La Paz Department,Mayor,NA,Foundation,NA,NA,NA,2001,NA,NA,NA,NA,NA,BOT,NA,NA,NA,NA,Palos Blancos Municipality,NA,NA,NA,NA,NA,NA,NA,NA,NA,NA,NA,NA,NA,NA,NA,NA,NA,NA,NA,NA,NA,NA,Province,Sud Yungas Province,Seat,Palos Blancos,NA,NA,President,NA,NA,NA,NA,NA,NA,NA,NA,NA,NA,NA,NA,Imperial,NA,NA,NA,NA,NA,NA,NA,NA,NA,NA,NA,NA,NA,NA,NA,NA,NA,NA,NA,NA,NA,Ethnicities,NA,Religions,NA,NA,NA,-4,NA,NA,NA,NA,NA,NA,NA,NA,NA,NA,NA,NA,NA,NA,NA,NA,NA,NA,NA,NA,NA,NA,NA,NA,NA,NA,NA,NA,NA,NA,NA,NA,NA,NA,NA,NA,NA,NA,NA,NA,NA,NA,NA,NA,NA,NA,NA
0,Papel Pampa Municipality,Category:Municipalities of La Paz Department (Bolivia),24861684,4996,Q1434273,https://en.wikipedia.org/wiki/Papel_Pampa_Municipality,4996,0,1,2001,"{{Infobox settlement
<!--See the Table at Infobox Settlement for all fields and descriptions of usage-->
<!-- Basic info  ---------------->
|official_name          = Papel Pampa Municipality
|other_name             =
|native_name            = 
|nickname               = 
|settlement_type        = Municipality 
|motto                  =
<!-- images and maps  ----------->
|image_skyline          =
|imagesize              = 
|image_caption          =  
|image_flag             = 
|flag_size              =
|image_seal             = 
|seal_size              =
|image_shield           = 
|shield_size            =
|image_blank_emblem     =
|blank_emblem_type      =
|blank_emblem_size      =
|image_map              = 
|mapsize                = 
|map_caption            = 
|image_map1             = 
|mapsize1               = 
|map_caption1           = 
|image_dot_map          =
|dot_mapsize            =
|dot_map_caption        =
|dot_x =  |dot_y =
|pushpin_map            =<!-- the name of a location map as per http://en.wikipedia.org/wiki/Template:Location_map -->
|pushpin_label_position =bottom
|pushpin_map_caption    =Location within Bolivia
<!-- Location ------------------>
|subdivision_type       = Country
|subdivision_name       ={{flag|Bolivia}}
|subdivision_type1      = [[Departments of Bolivia|Department]]
|subdivision_name1      = [[La Paz Department (Bolivia)|La Paz Department]]
|subdivision_type2      = [[Provinces of Bolivia|Province]]
|subdivision_name2      = [[Gualberto Villarroel Province]]
<!-- Smaller parts (e.g. boroughs of a city) and seat of government -->
|seat_type              = Seat
|seat                   = [[Papel Pampa]] 
<!-- Politics ----------------->
|government_footnotes   =
|government_type        = 
|leader_title           = Mayor
|leader_name            = 
|leader_title1          =President<!-- for places with, say, both a mayor and a city manager -->
|leader_name1           =
|leader_title2          = 
|leader_name2           = 
|leader_title3          =
|leader_name3           =
|leader_title4          =
|leader_name4           =
|established_title      = Foundation<!-- Settled -->
|established_date       = 
|established_title2     =  <!-- Incorporated (town) -->
|established_date2      = 
|established_title3     =  <!-- Incorporated (city) -->
|established_date3      =
<!-- Area    --------------------->
|area_magnitude         = 
|unit_pref                =Imperial <!--Enter: Imperial, if Imperial (metric) is desired-->
|area_footnotes           =
|area_total_km2           =<!-- ALL fields dealing with a measurements are subject to automatic unit conversion-->
|area_land_km2            = <!--See table @ Template:Infobox Settlement for details on automatic unit conversion-->
|area_water_km2           =
|area_total_sq_mi         =
|area_land_sq_mi          =
|area_water_sq_mi         =
|area_water_percent       =
|area_urban_km2           =
|area_urban_sq_mi         =
|area_metro_km2           =
|area_metro_sq_mi         =
|area_blank1_title        =
|area_blank1_km2          =
|area_blank1_sq_mi        =
<!-- Population   ----------------------->
|population_as_of               = 2001
|population_footnotes           =
|population_note                =
|population_total               = 
|population_density_km2         =
|population_density_sq_mi       =
|population_metro               =
|population_density_metro_km2   =
|population_density_metro_sq_mi =
|population_urban               =
|population_density_urban_km2   =
|population_density_urban_sq_mi =
|population_blank1_title        =Ethnicities
|population_blank1              =
|population_blank2_title        =Religions
|population_blank2              =
|population_density_blank1_km2 =   
|population_density_blank1_sq_mi =
<!-- General information  --------------->
|timezone               = BOT
|utc_offset             = -4
|timezone_DST           = 
|utc_offset_DST         = 
|coordinates            = 
|elevation_footnotes    =  <!--for references: use <ref> </ref> tags-->
|elevation_m            =
|elevation_ft           =
<!-- Area/postal codes & others -------->
|postal_code_type       =  <!-- enter ZIP code, Postcode, Post code, Postal code... -->
|postal_code            =
|area_code              =
|blank_name             =
|blank_info             =
|blank1_name            =
|blank1_info            =
|website                = 
|footnotes              = 
}}",,21,,NA,NA,Municipality,NA,NA,NA,NA,NA,bottom,Location within Bolivia,Country,Bolivia,Department,La Paz Department,Mayor,NA,Foundation,NA,NA,NA,2001,NA,NA,NA,NA,NA,BOT,NA,NA,NA,NA,Papel Pampa Municipality,NA,NA,NA,NA,NA,NA,NA,NA,NA,NA,NA,NA,NA,NA,NA,NA,NA,NA,NA,NA,NA,NA,Province,Gualberto Villarroel Province,Seat,Papel Pampa,NA,NA,President,NA,NA,NA,NA,NA,NA,NA,NA,NA,NA,NA,NA,Imperial,NA,NA,NA,NA,NA,NA,NA,NA,NA,NA,NA,NA,NA,NA,NA,NA,NA,NA,NA,NA,NA,Ethnicities,NA,Religions,NA,NA,NA,-4,NA,NA,NA,NA,NA,NA,NA,NA,NA,NA,NA,NA,NA,NA,NA,NA,NA,NA,NA,NA,NA,NA,NA,NA,NA,NA,NA,NA,NA,NA,NA,NA,NA,NA,NA,NA,NA,NA,NA,NA,NA,NA,NA,NA,NA,NA,NA
0,Patacamaya Municipality,Category:Municipalities of La Paz Department (Bolivia),24861689,5306,Q490971,https://en.wikipedia.org/wiki/Patacamaya_Municipality,5272,0,1,2012,"{{Infobox settlement
<!--See the Table at Infobox Settlement for all fields and descriptions of usage-->
<!-- Basic info  ---------------->
|official_name          = Patacamaya 
|other_name             =
|native_name            = Patakamaya
|nickname               = 
|settlement_type        = Municipality 
|motto                  =
<!-- images and maps  ----------->
|image_skyline          =
|imagesize              = 
|image_caption          =  
|image_flag             = 
|flag_size              =
|image_seal             = 
|seal_size              =
|image_shield           = 
|shield_size            =
|image_blank_emblem     =
|blank_emblem_type      =
|blank_emblem_size      =
|image_map              = 
|mapsize                = 
|map_caption            = 
|image_map1             = 
|mapsize1               = 
|map_caption1           = 
|image_dot_map          =
|dot_mapsize            =
|dot_map_caption        =
|dot_x =  |dot_y =
|pushpin_map            =Bolivia<!-- the name of a location map as per http://en.wikipedia.org/wiki/Template:Location_map -->
|pushpin_label_position =bottom
|pushpin_map_caption    =Location within Bolivia
<!-- Location ------------------>
|subdivision_type       = Country
|subdivision_name       ={{flag|Bolivia}}
|subdivision_type1      = [[Departments of Bolivia|Department]]
|subdivision_name1      = [[La Paz Department (Bolivia)|La Paz Department]]
|subdivision_type2      = [[Provinces of Bolivia|Province]]
|subdivision_name2      = [[Aroma Province]]
<!-- Smaller parts (e.g. boroughs of a city) and seat of government -->
|seat_type              = Seat
|seat                   = [[Patacamaya]] 
<!-- Politics ----------------->
|government_footnotes   =
|government_type        = 
|leader_title           = Mayor
|leader_name            = 
|leader_title1          =President<!-- for places with, say, both a mayor and a city manager -->
|leader_name1           =
|leader_title2          = 
|leader_name2           = 
|leader_title3          =
|leader_name3           =
|leader_title4          =
|leader_name4           =
|established_title      = Foundation<!-- Settled -->
|established_date       = 
|established_title2     =  <!-- Incorporated (town) -->
|established_date2      = 
|established_title3     =  <!-- Incorporated (city) -->
|established_date3      =
<!-- Area    --------------------->
|area_magnitude         = 
|unit_pref                =Regal <!--Enter: Imperial, if Imperial (metric) is desired-->
|area_footnotes           =
|area_total_km2           =<!-- ALL fields dealing with a measurements are subject to automatic unit conversion-->
|area_land_km2            = <!--See table @ Template:Infobox Settlement for details on automatic unit conversion-->
|area_water_km2           =
|area_total_sq_mi         =
|area_land_sq_mi          =
|area_water_sq_mi         =
|area_water_percent       =
|area_urban_km2           =
|area_urban_sq_mi         =
|area_metro_km2           =
|area_metro_sq_mi         =
|area_blank1_championship        =
|area_blank1_km2          =
|area_blank1_sq_mi        =
<!-- Population   ----------------------->
|population_as_of               = 2012
|population_footnotes           =
|population_note                =
|population_total               = 22858
|population_density_km2         =
|population_density_sq_mi       =
|population_metro               =
|population_concentration_metro_km2   =
|population_density_metro_sq_mi =
|population_urban               =
|population_density_urban_km2   =
|universe_density_urban_sq_mi =
|population_blank1_title        =Ethnicities
|population_blank1              =
|population_blank2_title        =Religions
|population_blank2              =
|population_density_blank1_km2 =   
|population_density_blank1_sq_mi =
<!-- General information  --------------->
|timezone               = BOT
|utc_offset             = -4
|timezone_DST           = 
|utc_offset_DST         = 
|coordinates            = {{coord|17|15|S|67|55|W|display=inline}}
|top_footnotes    =  <!--for references: use <ref> </ref> tags-->
|elevation_m            =
|elevation_ft           =
<!-- Area/postal codes & others -------->
|postal_code_type       =  <!-- enter ZIP code, Postcode, Post code, Postal code... -->
|postal_code            =
|area_code              =
|blank_name             =
|blank_info             =
|blank1_name            =
|blank1_info            =
|website                = 
|footnotes              = 
}}",,25,,NA,NA,Municipality,NA,NA,NA,NA,Bolivia,bottom,Location within Bolivia,Country,Bolivia,Department,La Paz Department,Mayor,NA,Foundation,NA,NA,22858,2012,NA,NA,NA,NA,NA,BOT,NA,NA,NA,NA,Patacamaya,NA,Patakamaya,NA,NA,NA,NA,NA,NA,NA,NA,NA,NA,NA,NA,NA,NA,NA,NA,NA,NA,NA,NA,Province,Aroma Province,Seat,Patacamaya,NA,NA,President,NA,NA,NA,NA,NA,NA,NA,NA,NA,NA,NA,NA,Regal,NA,NA,NA,NA,NA,NA,NA,NA,NA,NA,NA,NA,NA,NA,NA,NA,NA,NA,NA,NA,NA,Ethnicities,NA,Religions,NA,NA,NA,-4,NA,NA,NA,NA,NA,NA,NA,NA,NA,NA,NA,NA,NA,NA,NA,NA,NA,NA,NA,NA,NA,NA,NA,NA,NA,NA,NA,NA,NA,NA,NA,NA,NA,NA,NA,NA,NA,NA,NA,NA,NA,NA,NA,NA,NA,NA,NA
0,Pelechuco Municipality,Category:Municipalities of La Paz Department (Bolivia),23467453,8195,Q1297662,https://en.wikipedia.org/wiki/Pelechuco_Municipality,8031,0,5,2001,"{{Infobox settlement
<!--See the Table at Infobox Settlement for all fields and descriptions of usage-->
<!-- Basic info  ---------------->
|official_name          = Pelechuco Municipality
|other_name             =
|native_name            = 
|nickname               = 
|settlement_type        = Municipality 
|motto                  =
<!-- images and maps  ----------->
|image_skyline          =Cerro jacha huaracha.jpg
|imagesize              = 250px
|image_caption          = [[Jach'a Waracha]] as seen from the west, Pelechuco Municipality
|image_flag             = 
|flag_size              =
|image_seal             = 
|seal_size              =
|image_shield           = 
|shield_size            =
|image_blank_emblem     =
|blank_emblem_type      =
|blank_emblem_size      =
|image_map              = 
|mapsize                = 
|map_caption            = 
|image_map1             = 
|mapsize1               = 
|map_caption1           = 
|image_dot_map          =
|dot_mapsize            =
|dot_map_caption        =
|dot_x =  |dot_y =
|pushpin_map            = Bolivia<!-- the name of a location map as per http://en.wikipedia.org/wiki/Template:Location_map -->
|pushpin_label_position =bottom
|pushpin_map_caption    =Location of the Pelechuco Municipality within Bolivia
<!-- Location ------------------>
|subdivision_type       = Country
|subdivision_name       = [[Image:Flag of Bolivia.svg|25px]] [[Bolivia]]
|subdivision_type1      = [[Departments of Bolivia|Department]]
|subdivision_name1      = [[La Paz Department (Bolivia)|La Paz Department]]
|subdivision_type2      = [[Provinces of Bolivia|Province]]
|subdivision_name2      = [[Franz Tamayo Province]]
<!-- Smaller parts (e.g. boroughs of a city) and seat of government -->
|seat_type              = Seat
|seat                   = [[Pelechuco]] 
<!-- Politics ----------------->
|government_footnotes   =
|government_type        = 
|leader_title           = Mayor
|leader_name            = Daniel Cama Mamani  (2007)
|leader_title1          =President<!-- for places with, say, both a mayor and a city manager -->
|leader_name1           = Florencio Condori Mamani  (2007)
|leader_title2          = 
|leader_name2           = 
|leader_title3          =
|leader_name3           =
|leader_title4          =
|leader_name4           =
|established_title      = Foundation<!-- Settled -->
|established_date       = 
|established_title2     =  <!-- Incorporated (town) -->
|established_date2      = 
|established_title3     =  <!-- Incorporated (city) -->
|established_date3      =
<!-- Area    --------------------->
|area_magnitude         = 
|unit_pref                =Imperial <!--Enter: Imperial, if Imperial (metric) is desired-->
|area_footnotes           =
|area_total_km2           = 2507 <!-- ALL fields dealing with a measurements are subject to automatic unit conversion-->
|area_land_km2            = <!--See table @ Template:Infobox Settlement for details on automatic unit conversion-->
|area_water_km2           =
|area_total_sq_mi         =
|area_land_sq_mi          =
|area_water_sq_mi         =
|area_water_percent       =
|area_urban_km2           =
|area_urban_sq_mi         =
|area_metro_km2           =
|area_metro_sq_mi         =
|area_blank1_title        =
|area_blank1_km2          =
|area_blank1_sq_mi        =
<!-- Population   ----------------------->
|population_as_of               = 2001
|population_footnotes           =
|population_note                =
|population_total               = 5115
|population_density_km2         =
|population_density_sq_mi       =
|population_metro               =
|population_density_metro_km2   =
|population_density_metro_sq_mi =
|population_urban               =
|population_density_urban_km2   =
|population_density_urban_sq_mi =
|population_blank1_title        =Ethnicities
|population_blank1              =
|population_blank2_title        =Religions
|population_blank2              =
|population_density_blank1_km2 =   
|population_density_blank1_sq_mi =
<!-- General information  --------------->
|timezone               = BOT
|utc_offset             = -4
|timezone_DST           = 
|utc_offset_DST         = 
|coordinates            = {{coord|14|45|0|S|69|5|0|W|region:BO|display=inline,title}}
|elevation_footnotes    =  <!--for references: use <ref> </ref> tags-->
|elevation_m            =3900
|elevation_ft           =
<!-- Area/postal codes & others -------->
|postal_code_type       =  <!-- enter ZIP code, Postcode, Post code, Postal code... -->
|postal_code            =
|area_code              =
|blank_name             =
|blank_info             =
|blank1_name            =
|blank1_info            =
|website                = 
|footnotes              = 
}}",,31,,NA,Cerro jacha huaracha.jpg,Municipality,NA,NA,NA,NA,Bolivia,bottom,Location of the Pelechuco Municipality within Bolivia,Country,25px Bolivia,Department,La Paz Department,Mayor,Daniel Cama Mamani (2007),Foundation,NA,NA,5115,2001,NA,2507,NA,3900,NA,BOT,NA,NA,NA,NA,Pelechuco Municipality,NA,NA,NA,NA,250px,"Jach'a Waracha as seen from the west, Pelechuco Municipality",NA,NA,NA,NA,NA,NA,NA,NA,NA,NA,NA,NA,NA,NA,NA,NA,Province,Franz Tamayo Province,Seat,Pelechuco,NA,NA,President,Florencio Condori Mamani (2007),NA,NA,NA,NA,NA,NA,NA,NA,NA,NA,NA,Imperial,NA,NA,NA,NA,NA,NA,NA,NA,NA,NA,NA,NA,NA,NA,NA,NA,NA,NA,NA,NA,NA,Ethnicities,NA,Religions,NA,NA,NA,-4,NA,NA,NA,NA,NA,NA,NA,NA,NA,NA,NA,NA,NA,NA,NA,NA,NA,NA,NA,NA,NA,NA,NA,NA,NA,NA,NA,NA,NA,NA,NA,NA,NA,NA,NA,NA,NA,NA,NA,NA,NA,NA,NA,NA,NA,NA,NA
0,Pucarani Municipality,Category:Municipalities of La Paz Department (Bolivia),24861692,7005,Q1265440,https://en.wikipedia.org/wiki/Pucarani_Municipality,6997,0,3,2001,"{{Infobox settlement
<!--See the Table at Infobox Settlement for all fields and descriptions of usage-->
<!-- Basic info  ---------------->
|official_name          = Pucarani 
|other_name             =
|native_name            = Pukarani
|nickname               = 
|settlement_type        = Municipality 
|motto                  =
<!-- images and maps  ----------->
|image_skyline          =Plaza Franz Tamayo de Pucarani.jpg
|imagesize              = 
|image_caption          =  [[Pucarani]]
|image_flag             = 
|flag_size              =
|image_seal             = 
|seal_size              =
|image_shield           = 
|shield_size            =
|image_blank_emblem     =
|blank_emblem_type      =
|blank_emblem_size      =
|image_map              = 
|mapsize                = 
|map_caption            = 
|image_map1             = 
|mapsize1               = 
|map_caption1           = 
|image_dot_map          =
|dot_mapsize            =
|dot_map_caption        =
|dot_x =  |dot_y =
|pushpin_map            =Bolivia<!-- the name of a location map as per http://en.wikipedia.org/wiki/Template:Location_map -->
|pushpin_label_position =bottom
|pushpin_map_caption    =Location within Bolivia
<!-- Location ------------------>
|subdivision_type       = Country
|subdivision_name       ={{flag|Bolivia}}
|subdivision_type1      = [[Departments of Bolivia|Department]]
|subdivision_name1      = [[La Paz Department (Bolivia)|La Paz Department]]
|subdivision_type2      = [[Provinces of Bolivia|Province]]
|subdivision_name2      = [[Los Andes Province (Bolivia)|Los Andes Province]]
<!-- Smaller parts (e.g. boroughs of a city) and seat of government -->
|seat_type              = Seat
|seat                   = [[Pucarani]] 
<!-- Politics ----------------->
|government_footnotes   =
|government_type        = 
|leader_title           = Mayor
|leader_name            = 
|leader_title1          =President<!-- for places with, say, both a mayor and a city manager -->
|leader_name1           =
|leader_title2          = 
|leader_name2           = 
|leader_title3          =
|leader_name3           =
|leader_title4          =
|leader_name4           =
|established_title      = Foundation<!-- Settled -->
|established_date       = 
|established_title2     =  <!-- Incorporated (town) -->
|established_date2      = 
|established_title3     =  <!-- Incorporated (city) -->
|established_date3      =
<!-- Area    --------------------->
|area_magnitude         = 
|unit_pref                =Imperial <!--Enter: Imperial, if Imperial (metric) is desired-->
|area_footnotes           =
|area_total_km2           =<!-- ALL fields dealing with a measurements are subject to automatic unit conversion-->
|area_land_km2            = <!--See table @ Template:Infobox Settlement for details on automatic unit conversion-->
|area_water_km2           =
|area_total_sq_mi         =
|area_land_sq_mi          =
|area_water_sq_mi         =
|area_water_percent       =
|area_urban_km2           =
|area_urban_sq_mi         =
|area_metro_km2           =
|area_metro_sq_mi         =
|area_blank1_title        =
|area_blank1_km2          =
|area_blank1_sq_mi        =
<!-- Population   ----------------------->
|population_as_of               = 2001
|population_footnotes           =
|population_note                =
|population_total               = 26802
|population_density_km2         =
|population_density_sq_mi       =
|population_metro               =
|population_density_metro_km2   =
|population_density_metro_sq_mi =
|population_urban               =
|population_density_urban_km2   =
|population_density_urban_sq_mi =
|population_blank1_title        =Ethnicities
|population_blank1              =[[Aymara people|Aymara]]
|population_blank2_title        =Religions
|population_blank2              =
|population_density_blank1_km2 =   
|population_density_blank1_sq_mi =
<!-- General information  --------------->
|timezone               = BOT
|utc_offset             = -4
|timezone_DST           = 
|utc_offset_DST         = 
|coordinates            = {{coord|16|20|S|68|25|W|display=inline}}
|elevation_footnotes    =  <!--for references: use <ref> </ref> tags-->
|elevation_m            =
|elevation_ft           =
<!-- Area/postal codes & others -------->
|postal_code_type       =  <!-- enter ZIP code, Postcode, Post code, Postal code... -->
|postal_code            =
|area_code              =
|blank_name             =
|blank_info             =
|blank1_name            =
|blank1_info            =
|website                = 
|footnotes              = 
}}",,28,,NA,Plaza Franz Tamayo de Pucarani.jpg,Municipality,NA,NA,NA,NA,Bolivia,bottom,Location within Bolivia,Country,Bolivia,Department,La Paz Department,Mayor,NA,Foundation,NA,NA,26802,2001,NA,NA,NA,NA,NA,BOT,NA,NA,NA,NA,Pucarani,NA,Pukarani,NA,NA,NA,Pucarani,NA,NA,NA,NA,NA,NA,NA,NA,NA,NA,NA,NA,NA,NA,NA,NA,Province,Los Andes Province,Seat,Pucarani,NA,NA,President,NA,NA,NA,NA,NA,NA,NA,NA,NA,NA,NA,NA,Imperial,NA,NA,NA,NA,NA,NA,NA,NA,NA,NA,NA,NA,NA,NA,NA,NA,NA,NA,NA,NA,NA,Ethnicities,Aymara,Religions,NA,NA,NA,-4,NA,NA,NA,NA,NA,NA,NA,NA,NA,NA,NA,NA,NA,NA,NA,NA,NA,NA,NA,NA,NA,NA,NA,NA,NA,NA,NA,NA,NA,NA,NA,NA,NA,NA,NA,NA,NA,NA,NA,NA,NA,NA,NA,NA,NA,NA,NA
0,Puerto Acosta Municipality,Category:Municipalities of La Paz Department (Bolivia),23467065,7979,Q1544478,https://en.wikipedia.org/wiki/Puerto_Acosta_Municipality,7973,0,5,2001,"{{Infobox settlement
<!--See the Table at Infobox Settlement for all fields and descriptions of usage-->
<!-- Basic info  ---------------->
|official_name          = Puerto Acosta Municipality 
|other_name             =
|native_name            = 
|nickname               = 
|settlement_type        = Municipality 
|motto                  =
<!-- images and maps  ----------->
|image_skyline          = Puerto Acosta.jpg
|imagesize              = 250px
|image_caption          = [[Puerto Acosta]] (Huaycho)
|image_flag             = 
|flag_size              =
|image_seal             = 
|seal_size              =
|image_shield           = 
|shield_size            =
|image_blank_emblem     =
|blank_emblem_type      =
|blank_emblem_size      =
|image_map              = 
|mapsize                = 
|map_caption            = 
|image_map1             = 
|mapsize1               = 
|map_caption1           = 
|image_dot_map          =
|dot_mapsize            =
|dot_map_caption        =
|dot_x =  |dot_y =
|pushpin_map            = Bolivia<!-- the name of a location map as per http://en.wikipedia.org/wiki/Template:Location_map -->
|pushpin_label_position =bottom
|pushpin_map_caption    =Location of the Puerto Acosta Municipality within Bolivia
<!-- Location ------------------>
|subdivision_type       = Country
|subdivision_name       = [[Image:Flag of Bolivia.svg|25px]] [[Bolivia]]
|subdivision_type1      = [[Departments of Bolivia|Department]]
|subdivision_name1      = [[La Paz Department (Bolivia)|La Paz Department]]
|subdivision_type2      = [[Provinces of Bolivia|Province]]
|subdivision_name2      = [[Eliodoro Camacho Province]]
<!-- Smaller parts (e.g. boroughs of a city) and seat of government -->
|seat_type              = Seat
|seat                   = [[Puerto Acosta]] 
<!-- Politics ----------------->
|government_footnotes   =
|government_type        = 
|leader_title           = Mayor
|leader_name            = Freddy Surco Toledo  (2007)
|leader_title1          =President<!-- for places with, say, both a mayor and a city manager -->
|leader_name1           = Braulio Quispe Condori  (2007)
|leader_title2          = 
|leader_name2           = 
|leader_title3          =
|leader_name3           =
|leader_title4          =
|leader_name4           =
|established_title      = Foundation<!-- Settled -->
|established_date       = 
|established_title2     =  <!-- Incorporated (town) -->
|established_date2      = 
|established_title3     =  <!-- Incorporated (city) -->
|established_date3      =
<!-- Area    --------------------->
|area_magnitude         = 
|unit_pref                =Imperial <!--Enter: Imperial, if Imperial (metric) is desired-->
|area_footnotes           =
|area_total_km2           = 833  <!-- ALL fields dealing with a measurements are subject to automatic unit conversion-->
|area_land_km2            = <!--See table @ Template:Infobox Settlement for details on automatic unit conversion-->
|area_water_km2           =
|area_total_sq_mi         =
|area_land_sq_mi          =
|area_water_sq_mi         =
|area_water_percent       =
|area_urban_km2           =
|area_urban_sq_mi         =
|area_metro_km2           =
|area_metro_sq_mi         =
|area_blank1_title        =
|area_blank1_km2          =
|area_blank1_sq_mi        =
<!-- Population   ----------------------->
|population_as_of               = 2001
|population_footnotes           =
|population_note                =
|population_total               = 27296
|population_density_km2         =
|population_density_sq_mi       =
|population_metro               =
|population_density_metro_km2   =
|population_density_metro_sq_mi =
|population_urban               =
|population_density_urban_km2   =
|population_density_urban_sq_mi =
|population_blank1_title        =Ethnicities
|population_blank1              =
|population_blank2_title        =Religions
|population_blank2              =
|population_density_blank1_km2 =   
|population_density_blank1_sq_mi =
<!-- General information  --------------->
|timezone               = BOT
|utc_offset             = -4
|timezone_DST           = 
|utc_offset_DST         = 
|coordinates            = {{coord|15|30|0|S|69|10|0|W|region:BO|display=inline,title}}
|elevation_footnotes    =  <!--for references: use <ref> </ref> tags-->
|elevation_m            =4000
|elevation_ft           =
<!-- Area/postal codes & others -------->
|postal_code_type       =  <!-- enter ZIP code, Postcode, Post code, Postal code... -->
|postal_code            =
|area_code              =
|blank_name             =
|blank_info             =
|blank1_name            =
|blank1_info            =
|website                = 
|footnotes              = 
}}",,31,,NA,Puerto Acosta.jpg,Municipality,NA,NA,NA,NA,Bolivia,bottom,Location of the Puerto Acosta Municipality within Bolivia,Country,25px Bolivia,Department,La Paz Department,Mayor,Freddy Surco Toledo (2007),Foundation,NA,NA,27296,2001,NA,833,NA,4000,NA,BOT,NA,NA,NA,NA,Puerto Acosta Municipality,NA,NA,NA,NA,250px,Puerto Acosta (Huaycho),NA,NA,NA,NA,NA,NA,NA,NA,NA,NA,NA,NA,NA,NA,NA,NA,Province,Eliodoro Camacho Province,Seat,Puerto Acosta,NA,NA,President,Braulio Quispe Condori (2007),NA,NA,NA,NA,NA,NA,NA,NA,NA,NA,NA,Imperial,NA,NA,NA,NA,NA,NA,NA,NA,NA,NA,NA,NA,NA,NA,NA,NA,NA,NA,NA,NA,NA,Ethnicities,NA,Religions,NA,NA,NA,-4,NA,NA,NA,NA,NA,NA,NA,NA,NA,NA,NA,NA,NA,NA,NA,NA,NA,NA,NA,NA,NA,NA,NA,NA,NA,NA,NA,NA,NA,NA,NA,NA,NA,NA,NA,NA,NA,NA,NA,NA,NA,NA,NA,NA,NA,NA,NA
0,Puerto Carabuco Municipality,Category:Municipalities of La Paz Department (Bolivia),23467198,5712,Q289565,https://en.wikipedia.org/wiki/Puerto_Carabuco_Municipality,5712,0,1,2001,"{{Infobox settlement
<!--See the Table at Infobox Settlement for all fields and descriptions of usage-->
<!-- Basic info  ---------------->
|official_name          = Puerto Carabuco Municipality
|other_name             =
|native_name            = 
|nickname               = 
|settlement_type        = Municipality 
|motto                  =
<!-- images and maps  ----------->
|image_skyline          = 
|imagesize              = 250px
|image_caption          =  
|image_flag             = 
|flag_size              =
|image_seal             = 
|seal_size              =
|image_shield           = 
|shield_size            =
|image_blank_emblem     =
|blank_emblem_type      =
|blank_emblem_size      =
|image_map              = 
|mapsize                = 
|map_caption            = 
|image_map1             = 
|mapsize1               = 
|map_caption1           = 
|image_dot_map          =
|dot_mapsize            =
|dot_map_caption        =
|dot_x =  |dot_y =
|pushpin_map            = Bolivia<!-- the name of a location map as per http://en.wikipedia.org/wiki/Template:Location_map -->
|pushpin_label_position =bottom
|pushpin_map_caption    =Location of the Puerto Carabuco Municipality within Bolivia
<!-- Location ------------------>
|subdivision_type       = Country
|subdivision_name       = [[Image:Flag of Bolivia.svg|25px]] [[Bolivia]]
|subdivision_type1      = [[Departments of Bolivia|Department]]
|subdivision_name1      = [[La Paz Department (Bolivia)|La Paz Department]]
|subdivision_type2      = [[Provinces of Bolivia|Province]]
|subdivision_name2      = [[Eliodoro Camacho Province]]
<!-- Smaller parts (e.g. boroughs of a city) and seat of government -->
|seat_type              = Seat
|seat                   = [[Puerto Carabuco]] 
<!-- Politics ----------------->
|government_footnotes   =
|government_type        = 
|leader_title           = Mayor
|leader_name            = Rene Corino Palli (2007)
|leader_title1          =President<!-- for places with, say, both a mayor and a city manager -->
|leader_name1           = Zenon Huanca Nina  (2007)
|leader_title2          = 
|leader_name2           = 
|leader_title3          =
|leader_name3           =
|leader_title4          =
|leader_name4           =
|established_title      = Foundation<!-- Settled -->
|established_date       = 
|established_title2     =  <!-- Incorporated (town) -->
|established_date2      = 
|established_title3     =  <!-- Incorporated (city) -->
|established_date3      =
<!-- Area    --------------------->
|area_magnitude         = 
|unit_pref                =Imperial <!--Enter: Imperial, if Imperial (metric) is desired-->
|area_footnotes           =
|area_total_km2           = 408 <!-- ALL fields dealing with a measurements are subject to automatic unit conversion-->
|area_land_km2            = <!--See table @ Template:Infobox Settlement for details on automatic unit conversion-->
|area_water_km2           =
|area_total_sq_mi         =
|area_land_sq_mi          =
|area_water_sq_mi         =
|area_water_percent       =
|area_urban_km2           =
|area_urban_sq_mi         =
|area_metro_km2           =
|area_metro_sq_mi         =
|area_blank1_title        =
|area_blank1_km2          =
|area_blank1_sq_mi        =
<!-- Population   ----------------------->
|population_as_of               = 2001
|population_footnotes           =
|population_note                =
|population_total               = 16499
|population_density_km2         =
|population_density_sq_mi       =
|population_metro               =
|population_density_metro_km2   =
|population_density_metro_sq_mi =
|population_urban               =
|population_density_urban_km2   =
|population_density_urban_sq_mi =
|population_blank1_title        =Ethnicities
|population_blank1              =
|population_blank2_title        =Religions
|population_blank2              =
|population_density_blank1_km2 =   
|population_density_blank1_sq_mi =
<!-- General information  --------------->
|timezone               = BOT
|utc_offset             = -4
|timezone_DST           = 
|utc_offset_DST         = 
|coordinates            = {{coord|15|35|0|S|69|0|0|W|region:BO|display=inline,title}}
|elevation_footnotes    =  <!--for references: use <ref> </ref> tags-->
|elevation_m            =3900
|elevation_ft           =
<!-- Area/postal codes & others -------->
|postal_code_type       =  <!-- enter ZIP code, Postcode, Post code, Postal code... -->
|postal_code            =
|area_code              =
|blank_name             =
|blank_info             =
|blank1_name            =
|blank1_info            =
|website                = 
|footnotes              = 
}}",,29,,NA,NA,Municipality,NA,NA,NA,NA,Bolivia,bottom,Location of the Puerto Carabuco Municipality within Bolivia,Country,25px Bolivia,Department,La Paz Department,Mayor,Rene Corino Palli (2007),Foundation,NA,NA,16499,2001,NA,408,NA,3900,NA,BOT,NA,NA,NA,NA,Puerto Carabuco Municipality,NA,NA,NA,NA,250px,NA,NA,NA,NA,NA,NA,NA,NA,NA,NA,NA,NA,NA,NA,NA,NA,NA,Province,Eliodoro Camacho Province,Seat,Puerto Carabuco,NA,NA,President,Zenon Huanca Nina (2007),NA,NA,NA,NA,NA,NA,NA,NA,NA,NA,NA,Imperial,NA,NA,NA,NA,NA,NA,NA,NA,NA,NA,NA,NA,NA,NA,NA,NA,NA,NA,NA,NA,NA,Ethnicities,NA,Religions,NA,NA,NA,-4,NA,NA,NA,NA,NA,NA,NA,NA,NA,NA,NA,NA,NA,NA,NA,NA,NA,NA,NA,NA,NA,NA,NA,NA,NA,NA,NA,NA,NA,NA,NA,NA,NA,NA,NA,NA,NA,NA,NA,NA,NA,NA,NA,NA,NA,NA,NA
0,Puerto Pérez Municipality,Category:Municipalities of La Paz Department (Bolivia),24861695,5245,Q1544630,https://en.wikipedia.org/wiki/Puerto_Pérez_Municipality,5240,0,1,2001,"{{Infobox settlement
<!--See the Table at Infobox Settlement for all fields and descriptions of usage-->
<!-- Basic info  ---------------->
|official_name          = Puerto Pérez 
|other_name             =
|native_name            = Ch'ililaya
|nickname               = 
|settlement_type        = Municipality 
|motto                  =
<!-- images and maps  ----------->
|image_skyline          =
|imagesize              = 
|image_caption          =  
|image_flag             = 
|flag_size              =
|image_seal             = 
|seal_size              =
|image_shield           = 
|shield_size            =
|image_blank_emblem     =
|blank_emblem_type      =
|blank_emblem_size      =
|image_map              = 
|mapsize                = 
|map_caption            = 
|image_map1             = 
|mapsize1               = 
|map_caption1           = 
|image_dot_map          =
|dot_mapsize            =
|dot_map_caption        =
|dot_x =  |dot_y =
|pushpin_map            =<!-- the name of a location map as per http://en.wikipedia.org/wiki/Template:Location_map -->
|pushpin_label_position =bottom
|pushpin_map_caption    =Location within Bolivia
<!-- Location ------------------>
|subdivision_type       = Country
|subdivision_name       ={{flag|Bolivia}}
|subdivision_type1      = [[Departments of Bolivia|Department]]
|subdivision_name1      = [[La Paz Department (Bolivia)|La Paz Department]]
|subdivision_type2      = [[Provinces of Bolivia|Province]]
|subdivision_name2      = [[Los Andes Province (Bolivia)|Los Andes Province]]
<!-- Smaller parts (e.g. boroughs of a city) and seat of government -->
|seat_type              = Seat
|seat                   = [[Puerto Pérez]] 
<!-- Politics ----------------->
|government_footnotes   =
|government_type        = 
|leader_title           = Mayor
|leader_name            = 
|leader_title1          =President<!-- for places with, say, both a mayor and a city manager -->
|leader_name1           =
|leader_title2          = 
|leader_name2           = 
|leader_title3          =
|leader_name3           =
|leader_title4          =
|leader_name4           =
|established_title      = Foundation<!-- Settled -->
|established_date       = 
|established_title2     =  <!-- Incorporated (town) -->
|established_date2      = 
|established_title3     =  <!-- Incorporated (city) -->
|established_date3      =
<!-- Area    --------------------->
|area_magnitude         = 
|unit_pref                =Imperial <!--Enter: Imperial, if Imperial (metric) is desired-->
|area_footnotes           =
|area_total_km2           =<!-- ALL fields dealing with a measurements are subject to automatic unit conversion-->
|area_land_km2            = <!--See table @ Template:Infobox Settlement for details on automatic unit conversion-->
|area_water_km2           =
|area_total_sq_mi         =
|area_land_sq_mi          =
|area_water_sq_mi         =
|area_water_percent       =
|area_urban_km2           =
|area_urban_sq_mi         =
|area_metro_km2           =
|area_metro_sq_mi         =
|area_blank1_title        =
|area_blank1_km2          =
|area_blank1_sq_mi        =
<!-- Population   ----------------------->
|population_as_of               = 2001
|population_footnotes           =
|population_note                =
|population_total               = 7830
|population_density_km2         =
|population_density_sq_mi       =
|population_metro               =
|population_density_metro_km2   =
|population_density_metro_sq_mi =
|population_urban               =
|population_density_urban_km2   =
|population_density_urban_sq_mi =
|population_blank1_title        =Ethnicities
|population_blank1              =
|population_blank2_title        =Religions
|population_blank2              =
|population_density_blank1_km2 =   
|population_density_blank1_sq_mi =
<!-- General information  --------------->
|timezone               = BOT
|utc_offset             = -4
|timezone_DST           = 
|utc_offset_DST         = 
|coordinates            = 
|elevation_footnotes    =  <!--for references: use <ref> </ref> tags-->
|elevation_m            =
|elevation_ft           =
<!-- Area/postal codes & others -------->
|postal_code_type       =  <!-- enter ZIP code, Postcode, Post code, Postal code... -->
|postal_code            =
|area_code              =
|blank_name             =
|blank_info             =
|blank1_name            =
|blank1_info            =
|website                = 
|footnotes              = 
}}",,23,,NA,NA,Municipality,NA,NA,NA,NA,NA,bottom,Location within Bolivia,Country,Bolivia,Department,La Paz Department,Mayor,NA,Foundation,NA,NA,7830,2001,NA,NA,NA,NA,NA,BOT,NA,NA,NA,NA,Puerto Pérez,NA,Ch'ililaya,NA,NA,NA,NA,NA,NA,NA,NA,NA,NA,NA,NA,NA,NA,NA,NA,NA,NA,NA,NA,Province,Los Andes Province,Seat,Puerto Pérez,NA,NA,President,NA,NA,NA,NA,NA,NA,NA,NA,NA,NA,NA,NA,Imperial,NA,NA,NA,NA,NA,NA,NA,NA,NA,NA,NA,NA,NA,NA,NA,NA,NA,NA,NA,NA,NA,Ethnicities,NA,Religions,NA,NA,NA,-4,NA,NA,NA,NA,NA,NA,NA,NA,NA,NA,NA,NA,NA,NA,NA,NA,NA,NA,NA,NA,NA,NA,NA,NA,NA,NA,NA,NA,NA,NA,NA,NA,NA,NA,NA,NA,NA,NA,NA,NA,NA,NA,NA,NA,NA,NA,NA
0,Quiabaya Municipality,Category:Municipalities of La Paz Department (Bolivia),23464865,7282,Q1585064,https://en.wikipedia.org/wiki/Quiabaya_Municipality,7280,0,1,"2001, 2012","{{Infobox settlement
<!-- See Template:Infobox settlement for additional fields and descriptions -->
<!-- Basic info  ---------------->| official_name                   = Quiabaya Municipality
| other_name                      = 
| native_name                     = 
| nickname                        = 
| settlement_type                 = Municipality
| motto                           = <!-- images and maps  ----------->
| image_skyline                   = Tarata Larecaja.jpg
| imagesize                       = 250px
| image_caption                   = The village Tarata in the Quiabaya Municipality
| image_flag                      = 
| flag_size                       = 
| image_seal                      = 
| seal_size                       = 
| image_shield                    = 
| shield_size                     = 
| image_blank_emblem              = 
| blank_emblem_type               = 
| blank_emblem_size               = 
| image_map                       = 
| mapsize                         = 
| map_caption                     = 
| image_map1                      = 
| mapsize1                        = 
| map_caption1                    = 
| image_dot_map                   = 
| dot_mapsize                     = 
| dot_map_caption                 = 
| dot_x                           = 
| dot_y                           = 
| pushpin_map                     = Bolivia<!-- the name of a location map as per http://en.wikipedia.org/wiki/Template:Location_map -->
| pushpin_label_position          = bottom
| pushpin_map_caption             = Location of the Quiabaya Municipality within Bolivia
<!-- Location ------------------>| subdivision_type                = Country
| subdivision_name                = [[Image:Flag of Bolivia.svg|25px]] [[Bolivia]]
| subdivision_type1               = [[Departments of Bolivia|Department]]
| subdivision_name1               = [[La Paz Department (Bolivia)|La Paz Department]]
| subdivision_type2               = [[Provinces of Bolivia|Province]]
| subdivision_name2               = [[Larecaja Province]]
<!-- Smaller parts (e.g. boroughs of a city) and seat of government -->| seat_type                       = Seat
| seat                            = [[Quiabaya]] 
<!-- Politics ----------------->| government_footnotes            = 
| government_type                 = 
| leader_title                    = Mayor
| leader_name                     = Jorge Callisaya Peralta (2007)
| leader_title1                   = President<!-- for places with, say, both a mayor and a city manager -->
| leader_name1                    = Aurelio Machicado Miranda (2007)
| leader_title2                   = 
| leader_name2                    = 
| leader_title3                   = 
| leader_name3                    = 
| leader_title4                   = 
| leader_name4                    = 
| established_title               = Foundation<!-- Settled -->
| established_date                = 
| established_title2              = <!-- Incorporated (town) -->
| established_date2               = 
| established_title3              = <!-- Incorporated (city) -->
| established_date3               = <!-- Area    --------------------->
| area_magnitude                  = 
| unit_pref                       = Imperial <!--Enter: Imperial, if Imperial (metric) is desired-->
| area_footnotes                  = 
| area_total_km2                  = 132 <!-- ALL fields dealing with a measurements are subject to automatic unit conversion-->
| area_land_km2                   = <!--See table @ Template:Infobox Settlement for details on automatic unit conversion-->
| area_water_km2                  = 
| area_total_sq_mi                = 
| area_land_sq_mi                 = 
| area_water_sq_mi                = 
| area_water_percent              = 
| area_urban_km2                  = 
| area_urban_sq_mi                = 
| area_metro_km2                  = 
| area_metro_sq_mi                = 
| area_blank1_title               = 
| area_blank1_km2                 = 120
| area_blank1_sq_mi               = <!-- Population   ----------------------->
| population_as_of                = 
| population_footnotes            = (from 2012 census)
| population_note                 = 
| population_total                = 2684
| population_density_km2          = 22.36 people per square kilometre
| population_density_sq_mi        = 
| population_metro                = 
| population_density_metro_km2    = 
| population_density_metro_sq_mi  = 
| population_urban                = 
| population_density_urban_km2    = 378
| population_density_urban_sq_mi  = 
| population_blank1_title         = Ethnicities
| population_blank1               = 
| population_blank2_title         = Religions
| population_blank2               = 
| population_density_blank1_km2   = 
| population_density_blank1_sq_mi = <!-- General information  --------------->
| timezone                        = BOT
| utc_offset                      = -4
| timezone_DST                    = 
| utc_offset_DST                  = 
| coordinates                     = {{coord|-15.6167|-68.7667|region:BO-L_type:adm3rd|display=inline,title}}
| elevation_footnotes             = <!--for references: use <ref> </ref> tags-->
| elevation_m                     = 3000
| elevation_ft                    = <!-- Area/postal codes & others -------->
| postal_code_type                = <!-- enter ZIP code, Postcode, Post code, Postal code... -->
| postal_code                     = 
| area_code                       = 
| blank_name                      = 
| blank_info                      = 
| blank1_name                     = 
| blank1_info                     = 
| website                         = 
| footnotes                       = 
| name                            = 
}}",,34,,NA,Tarata Larecaja.jpg,Municipality,NA,NA,NA,NA,Bolivia,bottom,Location of the Quiabaya Municipality within Bolivia,Country,25px Bolivia,Department,La Paz Department,Mayor,Jorge Callisaya Peralta (2007),Foundation,NA,NA,2684,NA,(from 2012 census),132,NA,3000,NA,BOT,NA,NA,NA,NA,Quiabaya Municipality,NA,NA,NA,NA,250px,The village Tarata in the Quiabaya Municipality,NA,NA,NA,NA,NA,NA,NA,NA,NA,NA,NA,NA,NA,NA,NA,NA,Province,Larecaja Province,Seat,Quiabaya,NA,NA,President,Aurelio Machicado Miranda (2007),NA,NA,NA,NA,NA,NA,NA,NA,NA,NA,NA,Imperial,NA,NA,NA,NA,NA,NA,NA,NA,NA,NA,NA,120,NA,NA,22.36 people per square kilometre,NA,NA,NA,NA,378,NA,Ethnicities,NA,Religions,NA,NA,NA,-4,NA,NA,NA,NA,NA,NA,NA,NA,NA,NA,NA,NA,NA,NA,NA,NA,NA,NA,NA,NA,NA,NA,NA,NA,NA,NA,NA,NA,NA,NA,NA,NA,NA,NA,NA,NA,NA,NA,NA,NA,NA,NA,NA,NA,NA,NA,NA
0,Quime Municipality,Category:Municipalities of La Paz Department (Bolivia),24861700,6073,Q1819405,https://en.wikipedia.org/wiki/Quime_Municipality,6067,1,5,2001,"{{Infobox settlement
<!--See the Table at Infobox Settlement for all fields and descriptions of usage-->
<!-- Basic info  ---------------->
|official_name          = Quime
|other_name             = 
|native_name            = 
|nickname               = Un lugar de descanso
|settlement_type        = Municipality
|motto                  = luchar hasta el final
<!-- images and maps  ----------->
|image_skyline          = VQuime.jpg
|imagesize              = 
|image_caption          = Quime
|image_flag             = 
|flag_size              =
|image_seal             = 
|seal_size              =
|image_shield           = Quime Escudo.svg
|shield_size            =
|image_blank_emblem     =
|blank_emblem_type      =
|blank_emblem_size      =
|image_map              = 
|mapsize                = 
|map_caption            = 
|image_map1             = 
|mapsize1               = 
|map_caption1           = 
|image_dot_map          =
|dot_mapsize            =
|dot_map_caption        =
|dot_x =  |dot_y =
|pushpin_map            =Bolivia<!-- the name of a location map as per http://en.wikipedia.org/wiki/Template:Location_map -->
|pushpin_label_position =bottom
|pushpin_map_caption    =Location within Bolivia
<!-- Location ------------------>
|subdivision_type       = Country
|subdivision_name       ={{flag|Bolivia}}
|subdivision_type1      = [[Departments of Bolivia|Department]]
|subdivision_name1      = [[La Paz Department (Bolivia)|La Paz Department]]
|subdivision_type2      = [[Provinces of Bolivia|Province]]
|subdivision_name2      = [[Inquisivi Province]]
<!-- Smaller parts (e.g. boroughs of a city) and seat of government -->
|seat_type              = Seat
|seat                   = [[Quime]] 
<!-- Politics ----------------->
|government_footnotes   =
|government_type        = Democratic
|leader_title           = Mayor
|leader_name            = Paulino Villanueva Oyardo
|leader_title1          = both a mayor and a city manager -->
|leader_name1           = 
|leader_title2          = Sub Mayor
|leader_name2           = Panfilo Marca
|leader_title3          = 
|leader_name3           = Juana Evangelina
|leader_title4          =
|leader_name4           =
|established_title      = Foundation<!-- Settled -->
|established_date       = 
|established_title2     =  <!-- Incorporated (town) -->
|established_date2      = 
|established_title3     =  <!-- Incorporated (city) -->
|established_date3      =
<!-- Area    --------------------->
|area_magnitude         = 
|unit_pref                =Imperial <!--Enter: Imperial, if Imperial (metric) is desired--> 
|area_footnotes           =
|area_total_km2           =<!-- ALL fields dealing with a measurements are subject to automatic unit conversion-->
|area_land_km2            = <!--See table @ Template:Infobox Settlement for details on automatic unit conversion-->
|area_water_km2           =
|area_total_sq_mi         =
|area_land_sq_mi          =
|area_water_sq_mi         =
|area_water_percent       =
|area_urban_km2           =
|area_urban_sq_mi         =
|area_metro_km2           =
|area_metro_sq_mi         =
|area_blank1_title        =
|area_blank1_km2          =
|area_blank1_sq_mi        =
<!-- Population   ----------------------->
|population_as_of               = 2001
|population_footnotes           =
|population_note                =
|population_total               = 7338
|population_density_km2         =
|population_density_sq_mi       =
|population_metro               =
|population_density_metro_km2   =
|population_density_metro_sq_mi =
|population_urban               =
|population_density_urban_km2   =
|population_density_urban_sq_mi =
|population_blank1_title        =Ethnicities
|population_blank1              =
|population_blank2_title        =Religions
|population_blank2              =
|population_density_blank1_km2 =   
|population_density_blank1_sq_mi =
<!-- General information  --------------->
|timezone               =BOT
|utc_offset             = -4
|timezone_DST           = 
|utc_offset_DST         = 
|coordinates            = {{coord|16|45|S|67|20|W|display=inline}}
|elevation_footnotes    =  <!--for references: use <ref> </ref> tags-->
|elevation_m            =
|elevation_ft           =
<!-- Area/postal codes & others -------->
|postal_code_type       =  <!-- enter ZIP code, Postcode, Post code, Postal code... -->
|postal_code            =
|area_code              =
|blank_name             =
|blank_info             =
|blank1_name            =
|blank1_info            =
|website                = 
|footnotes              = 
}}",,34,,NA,VQuime.jpg,Municipality,NA,NA,NA,NA,Bolivia,bottom,Location within Bolivia,Country,Bolivia,Department,La Paz Department,Mayor,Paulino Villanueva Oyardo,Foundation,NA,NA,7338,2001,NA,NA,NA,NA,NA,BOT,NA,NA,NA,NA,Quime,NA,NA,Un lugar de descanso,luchar hasta el final,NA,Quime,NA,NA,Quime Escudo.svg,NA,NA,NA,NA,NA,NA,NA,NA,NA,NA,NA,NA,NA,Province,Inquisivi Province,Seat,Quime,NA,Democratic,both a mayor and a city manager -->,NA,Sub Mayor,Panfilo Marca,NA,Juana Evangelina,NA,NA,NA,NA,NA,NA,NA,Imperial,NA,NA,NA,NA,NA,NA,NA,NA,NA,NA,NA,NA,NA,NA,NA,NA,NA,NA,NA,NA,NA,Ethnicities,NA,Religions,NA,NA,NA,-4,NA,NA,NA,NA,NA,NA,NA,NA,NA,NA,NA,NA,NA,NA,NA,NA,NA,NA,NA,NA,NA,NA,NA,NA,NA,NA,NA,NA,NA,NA,NA,NA,NA,NA,NA,NA,NA,NA,NA,NA,NA,NA,NA,NA,NA,NA,NA
0,San Andrés de Machaca Municipality,Category:Municipalities of La Paz Department (Bolivia),23464545,7280,Q1544522,https://en.wikipedia.org/wiki/San_Andrés_de_Machaca_Municipality,7266,0,4,2001,"{{Infobox settlement
<!--See the Table at Infobox Settlement for all fields and descriptions of usage-->
<!-- Basic info  ---------------->
|official_name          = San Andrés de Machaca Municipality
|other_name             =
|native_name            = 
|nickname               = 
|settlement_type        = Municipality 
|motto                  =
<!-- images and maps  ----------->
|image_skyline          = 
|imagesize              = 250px
|image_caption          =  
|image_flag             = 
|flag_size              =
|image_seal             = 
|seal_size              =
|image_shield           = 
|shield_size            =
|image_blank_emblem     =
|blank_emblem_type      =
|blank_emblem_size      =
|image_map            = Ingavi_Municipios_map.jpg
|mapsize              = 250px
|map_caption           = Location of the municipality within Ingavi province 
|image_map1             = 
|mapsize1               = 
|map_caption1           = 
|image_dot_map          =
|dot_mapsize            =
|dot_map_caption        =
|dot_x =  |dot_y =
|pushpin_map            = Bolivia<!-- the name of a location map as per http://en.wikipedia.org/wiki/Template:Location_map -->
|pushpin_label_position =bottom
|pushpin_map_caption    =Location of the San Andrés de Machaca Municipality within Bolivia
<!-- Location ------------------>
|subdivision_type       = Country
|subdivision_name       = [[Image:Flag of Bolivia.svg|25px]] [[Bolivia]]
|subdivision_type1      = [[Departments of Bolivia|Department]]
|subdivision_name1      = [[La Paz Department (Bolivia)|La Paz Department]]
|subdivision_type2      = [[Provinces of Bolivia|Province]]
|subdivision_name2      = [[Ingavi Province]]
<!-- Smaller parts (e.g. boroughs of a city) and seat of government -->
|seat_type              = Seat
|seat                   = [[San Andrés de Machaca Canton|San Andrés de Machaca]]
<!-- Politics ----------------->
|government_footnotes   =
|government_type        = 
|leader_title           = Mayor
|leader_name            = Erasmo Ticona Quenta (2008)
|leader_title1          =President<!-- for places with, say, both a mayor and a city manager -->
|leader_name1           = Filomena Sarzuri Cruz (2008)
|leader_title2          = 
|leader_name2           = 
|leader_title3          =
|leader_name3           =
|leader_title4          =
|leader_name4           =
|established_title      = Foundation<!-- Settled -->
|established_date       = 
|established_title2     =  <!-- Incorporated (town) -->
|established_date2      = 
|established_title3     =  <!-- Incorporated (city) -->
|established_date3      =
<!-- Area    --------------------->
|area_magnitude         = 
|unit_pref                =Imperial <!--Enter: Imperial, if Imperial (metric) is desired-->
|area_footnotes           =
|area_total_km2           = 1502 <!-- ALL fields dealing with a measurements are subject to automatic unit conversion-->
|area_land_km2            = <!--See table @ Template:Infobox Settlement for details on automatic unit conversion-->
|area_water_km2           =
|area_total_sq_mi         =
|area_land_sq_mi          =
|area_water_sq_mi         =
|area_water_percent       =
|area_urban_km2           =
|area_urban_sq_mi         =
|area_metro_km2           =
|area_metro_sq_mi         =
|area_blank1_title        =
|area_blank1_km2          =
|area_blank1_sq_mi        =
<!-- Population   ----------------------->
|population_as_of               = 2001
|population_footnotes           =
|population_note                =
|population_total               = 6299
|population_density_km2         =
|population_density_sq_mi       =
|population_metro               =
|population_density_metro_km2   =
|population_density_metro_sq_mi =
|population_urban               =
|population_density_urban_km2   =
|population_density_urban_sq_mi =
|population_blank1_title        =Ethnicities
|population_blank1              =
|population_blank2_title        =Religions
|population_blank2              =
|population_density_blank1_km2 =   
|population_density_blank1_sq_mi =
<!-- General information  --------------->
|timezone               = BOT
|utc_offset             = -4
|timezone_DST           = 
|utc_offset_DST         = 
|coordinates            = {{coord|16|54|0|S|69|3|0|W|region:BO|display=inline,title}}
|elevation_footnotes    =  <!--for references: use <ref> </ref> tags-->
|elevation_m            =
|elevation_ft           =
<!-- Area/postal codes & others -------->
|postal_code_type       =  <!-- enter ZIP code, Postcode, Post code, Postal code... -->
|postal_code            =
|area_code              =
|blank_name             =
|blank_info             =
|blank1_name            =
|blank1_info            =
|website                = 
|footnotes              = 
}}",,31,,NA,NA,Municipality,NA,NA,Ingavi_Municipios_map.jpg,Location of the municipality within Ingavi province,Bolivia,bottom,Location of the San Andrés de Machaca Municipality within Bolivia,Country,25px Bolivia,Department,La Paz Department,Mayor,Erasmo Ticona Quenta (2008),Foundation,NA,NA,6299,2001,NA,1502,NA,NA,NA,BOT,NA,NA,NA,NA,San Andrés de Machaca Municipality,NA,NA,NA,NA,250px,NA,NA,NA,NA,NA,NA,NA,NA,250px,NA,NA,NA,NA,NA,NA,NA,NA,Province,Ingavi Province,Seat,San Andrés de Machaca,NA,NA,President,Filomena Sarzuri Cruz (2008),NA,NA,NA,NA,NA,NA,NA,NA,NA,NA,NA,Imperial,NA,NA,NA,NA,NA,NA,NA,NA,NA,NA,NA,NA,NA,NA,NA,NA,NA,NA,NA,NA,NA,Ethnicities,NA,Religions,NA,NA,NA,-4,NA,NA,NA,NA,NA,NA,NA,NA,NA,NA,NA,NA,NA,NA,NA,NA,NA,NA,NA,NA,NA,NA,NA,NA,NA,NA,NA,NA,NA,NA,NA,NA,NA,NA,NA,NA,NA,NA,NA,NA,NA,NA,NA,NA,NA,NA,NA
0,"San Buenaventura Municipality, La Paz",Category:Municipalities of La Paz Department (Bolivia),20761348,4986,Q1814898,"https://en.wikipedia.org/wiki/San_Buenaventura_Municipality,_La_Paz",4984,0,0,,"{{Infobox settlement
|official_name          = San Buenaventura
|other_name             =
|native_name            = 
|nickname               = 
|settlement_type        = Municipality 
|motto                  =
|image_skyline          = San Buenaventura, Bolivia1.JPG
|imagesize              = 
|image_caption          = San Buenaventura
|image_flag             = 
|flag_size              =
|image_seal             = 
|seal_size              =
|image_shield           = 
|shield_size            =
|image_blank_emblem     =
|blank_emblem_type      =
|blank_emblem_size      =
|image_map              = 
|mapsize                = 
|map_caption            = 
|image_map1             = 
|mapsize1               = 
|map_caption1           = 
|image_dot_map          =
|dot_mapsize            =
|dot_map_caption        =
|dot_x =  |dot_y =
|pushpin_map            =Bolivia
|pushpin_label_position =bottom
|pushpin_map_caption    =Location within Bolivia
|subdivision_type       = Country
|subdivision_name       ={{flag|Bolivia}}
|subdivision_type1      = [[Departments of Bolivia|Department]]
|subdivision_name1      = [[La Paz Department (Bolivia)|La Paz Department]]
|subdivision_type2      = [[Provinces of Bolivia|Province]]
|subdivision_name2      = [[Abel Iturralde Province]]
|seat_type              = Seat
|seat                   = [[San Buenaventura, La Paz|San Buenaventura]]
|government_footnotes   =
|government_type        = 
|leader_title           = Mayor
|leader_name            = 
|leader_title1          =President
|leader_name1           =
|leader_title2          = 
|leader_name2           = 
|leader_title3          =
|leader_name3           =
|leader_title4          =
|leader_name4           =
|established_title      = Foundation
|established_date       = 
|established_title2     = 
|established_date2      = 
|established_title3     = 
|established_date3      =
|area_magnitude         = 
|unit_pref                =Imperial
|area_footnotes           =
|area_total_km2           =
|area_land_km2            =
|area_water_km2           =
|area_total_sq_mi         =
|area_land_sq_mi          =
|area_water_sq_mi         =
|area_water_percent       =
|area_urban_km2           =
|area_urban_sq_mi         =
|area_metro_km2           =
|area_metro_sq_mi         =
|area_blank1_title        =
|area_blank1_km2          =
|area_blank1_sq_mi        =
|population_as_of               = 
|population_footnotes           =
|population_note                =
|population_total               = 
|population_density_km2         =
|population_density_sq_mi       =
|population_metro               =
|population_density_metro_km2   =
|population_density_metro_sq_mi =
|population_urban               =
|population_density_urban_km2   =
|population_density_urban_sq_mi =
|population_blank1_title        =Ethnicities
|population_blank1              = [[Quechua people|Quechua]], [[Aymara people|Aymara]]
|population_blank2_title        =Religions
|population_blank2              =
|population_density_blank1_km2 =   
|population_density_blank1_sq_mi =
|timezone               = BOT
|utc_offset             = -4
|timezone_DST           = 
|utc_offset_DST         = 
|coordinates            = {{coord|14|26|S|67|32|W|display=inline}}
|elevation_footnotes    = 
|elevation_m            =
|elevation_ft           =
|postal_code_type       =  
|postal_code            =
|area_code              =
|blank_name             =
|blank_info             =
|blank1_name            =
|blank1_info            =
|website                = 
|footnotes              = 
}}",,25,,NA,"San Buenaventura, Bolivia1.JPG",Municipality,NA,NA,NA,NA,Bolivia,bottom,Location within Bolivia,Country,Bolivia,Department,La Paz Department,Mayor,NA,Foundation,NA,NA,NA,NA,NA,NA,NA,NA,NA,BOT,NA,NA,NA,NA,San Buenaventura,NA,NA,NA,NA,NA,San Buenaventura,NA,NA,NA,NA,NA,NA,NA,NA,NA,NA,NA,NA,NA,NA,NA,NA,Province,Abel Iturralde Province,Seat,San Buenaventura,NA,NA,President,NA,NA,NA,NA,NA,NA,NA,NA,NA,NA,NA,NA,Imperial,NA,NA,NA,NA,NA,NA,NA,NA,NA,NA,NA,NA,NA,NA,NA,NA,NA,NA,NA,NA,NA,Ethnicities,"Quechua, Aymara",Religions,NA,NA,NA,-4,NA,NA,NA,NA,NA,NA,NA,NA,NA,NA,NA,NA,NA,NA,NA,NA,NA,NA,NA,NA,NA,NA,NA,NA,NA,NA,NA,NA,NA,NA,NA,NA,NA,NA,NA,NA,NA,NA,NA,NA,NA,NA,NA,NA,NA,NA,NA
0,San Pedro de Curahuara Municipality,Category:Municipalities of La Paz Department (Bolivia),24861704,5592,Q1544586,https://en.wikipedia.org/wiki/San_Pedro_de_Curahuara_Municipality,5591,1,2,2001,"{{Infobox settlement
<!--See the Table at Infobox Settlement for all fields and descriptions of usage-->
<!-- Basic info  ---------------->
|official_name          = San Pedro de Curahuara Municipality
|other_name             =
|native_name            = 
|nickname               = 
|settlement_type        = Municipality 
|motto                  =
<!-- images and maps  ----------->
|image_skyline          =
|imagesize              = 
|image_caption          =  
|image_flag             = 
|flag_size              =
|image_seal             = 
|seal_size              =
|image_shield           = 
|shield_size            =
|image_blank_emblem     =
|blank_emblem_type      =
|blank_emblem_size      =
|image_map              = 
|mapsize                = 
|map_caption            = 
|image_map1             = 
|mapsize1               = 
|map_caption1           = 
|image_dot_map          =
|dot_mapsize            =
|dot_map_caption        =
|dot_x =  |dot_y =
|pushpin_map            =<!-- the name of a location map as per http://en.wikipedia.org/wiki/Template:Location_map -->
|pushpin_label_position =bottom
|pushpin_map_caption    =Location within Bolivia
<!-- Location ------------------>
|subdivision_type       = Country
|subdivision_name       ={{flag|Bolivia}}
|subdivision_type1      = [[Departments of Bolivia|Department]]
|subdivision_name1      = [[La Paz Department (Bolivia)|La Paz Department]]
|subdivision_type2      = [[Provinces of Bolivia|Province]]
|subdivision_name2      = [[Gualberto Villarroel Province]]
<!-- Smaller parts (e.g. boroughs of a city) and seat of government -->
|seat_type              = Seat
|seat                   = [[San Pedro de Curahuara de Carangas|San Pedro de Curahuara]] 
<!-- Politics ----------------->
|government_footnotes   =
|government_type        = 
|leader_title           = Mayor
|leader_name            = 
|leader_title1          =President<!-- for places with, say, both a mayor and a city manager -->
|leader_name1           =
|leader_title2          = 
|leader_name2           = 
|leader_title3          =
|leader_name3           =
|leader_title4          =
|leader_name4           =
|established_title      = Foundation<!-- Settled -->
|established_date       = 
|established_title2     =  <!-- Incorporated (town) -->
|established_date2      = 
|established_title3     =  <!-- Incorporated (city) -->
|established_date3      =
<!-- Area    --------------------->
|area_magnitude         = 
|unit_pref                =Imperial <!--Enter: Imperial, if Imperial (metric) is desired-->
|area_footnotes           =
|area_total_km2           =<!-- ALL fields dealing with a measurements are subject to automatic unit conversion-->
|area_land_km2            = <!--See table @ Template:Infobox Settlement for details on automatic unit conversion-->
|area_water_km2           =
|area_total_sq_mi         =
|area_land_sq_mi          =
|area_water_sq_mi         =
|area_water_percent       =
|area_urban_km2           =
|area_urban_sq_mi         =
|area_metro_km2           =
|area_metro_sq_mi         =
|area_blank1_title        =
|area_blank1_km2          =
|area_blank1_sq_mi        =
<!-- Population   ----------------------->
|population_as_of               = 2001
|population_footnotes           =
|population_note                =
|population_total               = 
|population_density_km2         =
|population_density_sq_mi       =
|population_metro               =
|population_density_metro_km2   =
|population_density_metro_sq_mi =
|population_urban               =
|population_density_urban_km2   =
|population_density_urban_sq_mi =
|population_blank1_title        =Ethnicities
|population_blank1              =
|population_blank2_title        =Religions
|population_blank2              =
|population_density_blank1_km2 =   
|population_density_blank1_sq_mi =
<!-- General information  --------------->
|timezone               = BOT
|utc_offset             = -4
|timezone_DST           = 
|utc_offset_DST         = 
|coordinates            = 
|elevation_footnotes    =  <!--for references: use <ref> </ref> tags-->
|elevation_m            =
|elevation_ft           =
<!-- Area/postal codes & others -------->
|postal_code_type       =  <!-- enter ZIP code, Postcode, Post code, Postal code... -->
|postal_code            =
|area_code              =
|blank_name             =
|blank_info             =
|blank1_name            =
|blank1_info            =
|website                = 
|footnotes              = 
}}",,21,,NA,NA,Municipality,NA,NA,NA,NA,NA,bottom,Location within Bolivia,Country,Bolivia,Department,La Paz Department,Mayor,NA,Foundation,NA,NA,NA,2001,NA,NA,NA,NA,NA,BOT,NA,NA,NA,NA,San Pedro de Curahuara Municipality,NA,NA,NA,NA,NA,NA,NA,NA,NA,NA,NA,NA,NA,NA,NA,NA,NA,NA,NA,NA,NA,NA,Province,Gualberto Villarroel Province,Seat,San Pedro de Curahuara,NA,NA,President,NA,NA,NA,NA,NA,NA,NA,NA,NA,NA,NA,NA,Imperial,NA,NA,NA,NA,NA,NA,NA,NA,NA,NA,NA,NA,NA,NA,NA,NA,NA,NA,NA,NA,NA,Ethnicities,NA,Religions,NA,NA,NA,-4,NA,NA,NA,NA,NA,NA,NA,NA,NA,NA,NA,NA,NA,NA,NA,NA,NA,NA,NA,NA,NA,NA,NA,NA,NA,NA,NA,NA,NA,NA,NA,NA,NA,NA,NA,NA,NA,NA,NA,NA,NA,NA,NA,NA,NA,NA,NA
0,San Pedro de Tiquina Municipality,Category:Municipalities of La Paz Department (Bolivia),21293960,7497,Q1819398,https://en.wikipedia.org/wiki/San_Pedro_de_Tiquina_Municipality,7493,0,2,2001,"{{Infobox settlement
<!--See the Table at Infobox Settlement for all fields and descriptions of usage-->
<!-- Basic info  ---------------->
|official_name          = San Pedro de Tiquina 
|other_name             =
|native_name            = 
|nickname               = 
|settlement_type        = Municipality 
|motto                  =
<!-- images and maps  ----------->
|image_skyline          = Tiquina (5).JPG
|imagesize              = 250px
|image_caption          = [[Strait of Tiquina]], [[Lake Titicaca]], Bolivia
|image_flag             = 
|flag_size              =
|image_seal             = 
|seal_size              =
|image_shield           = 
|shield_size            =
|image_blank_emblem     =
|blank_emblem_type      =
|blank_emblem_size      =
|image_map              = 
|mapsize                = 
|map_caption            = 
|image_map1             = 
|mapsize1               = 
|map_caption1           = 
|image_dot_map          =
|dot_mapsize            =
|dot_map_caption        =
|dot_x =  |dot_y =
|pushpin_map            = Bolivia<!-- the name of a location map as per http://en.wikipedia.org/wiki/Template:Location_map -->
|pushpin_label_position =bottom
|pushpin_map_caption    =Location of the Arani Municipality within Bolivia
<!-- Location ------------------>
|subdivision_type       = Country
|subdivision_name       = [[Image:Flag of Bolivia.svg|25px]] [[Bolivia]]
|subdivision_type1      = [[Departments of Bolivia|Department]]
|subdivision_name1      = [[La Paz Department, Bolivia|La Paz Department]]
|subdivision_type2      = [[Provinces of Bolivia|Province]]
|subdivision_name2      = [[Manco Kapac Province]]
<!-- Smaller parts (e.g. boroughs of a city) and seat of government -->
|seat_type              = Seat
|seat                   = [[San Pedro de Tiquina]]
<!-- Politics ----------------->
|government_footnotes   =
|government_type        = 
|leader_title           = Mayor
|leader_name            = Gregorio Argani Quispe
|leader_title1          =President<!-- for places with, say, both a mayor and a city manager -->
|leader_name1           = 	Freddy Poma Peñaranda
|leader_title2          = 
|leader_name2           = 
|leader_title3          =
|leader_name3           =
|leader_title4          =
|leader_name4           =
|established_title      =  <!-- Settled -->
|established_date       = 
|established_title2     =  <!-- Incorporated (town) -->
|established_date2      = 
|established_title3     =  <!-- Incorporated (city) -->
|established_date3      =
<!-- Area    --------------------->
|area_magnitude         = 
|unit_pref                =Imperial <!--Enter: Imperial, if Imperial (metric) is desired-->
|area_footnotes           =
|area_total_km2           = 60 <!-- ALL fields dealing with a measurements are subject to automatic unit conversion-->
|area_land_km2            = <!--See table @ Template:Infobox Settlement for details on automatic unit conversion-->
|area_water_km2           =
|area_total_sq_mi         =
|area_land_sq_mi          =
|area_water_sq_mi         =
|area_water_percent       =
|area_urban_km2           =
|area_urban_sq_mi         =
|area_metro_km2           =
|area_metro_sq_mi         =
|area_blank1_title        =
|area_blank1_km2          =
|area_blank1_sq_mi        =
<!-- Population   ----------------------->
|population_as_of               = 2001
|population_footnotes           =
|population_note                =
|population_total               =6093
|population_density_km2         =
|population_density_sq_mi       =
|population_metro               =
|population_density_metro_km2   =
|population_density_metro_sq_mi =
|population_urban               =
|population_density_urban_km2   =
|population_density_urban_sq_mi =
|population_blank1_title        =Ethnicities
|population_blank1              =[[Aymara people|Aymara]]
|population_blank2_title        =Religions
|population_blank2              =
|population_density_blank1_km2 =   
|population_density_blank1_sq_mi =
<!-- General information  --------------->
|timezone                 = BOT
|utc_offset               = -4
|timezone_DST             = 
|utc_offset_DST           = 
|coordinates            = {{coord|16|14|0|S|68|52|0|W|region:BO|display=inline,title}}
|elevation_footnotes    =  <!--for references: use <ref> </ref> tags-->
|elevation_m            = 3850
|elevation_ft           =
<!-- Area/postal codes & others -------->
|postal_code_type       =  <!-- enter ZIP code, Postcode, Post code, Postal code... -->
|postal_code            =
|area_code              =
|blank_name             =
|blank_info             =
|blank1_name            =
|blank1_info            =
|website                = 
|footnotes              = 
}}",,31,,NA,Tiquina (5).JPG,Municipality,NA,NA,NA,NA,Bolivia,bottom,Location of the Arani Municipality within Bolivia,Country,25px Bolivia,Department,La Paz Department,Mayor,Gregorio Argani Quispe,NA,NA,NA,6093,2001,NA,60,NA,3850,NA,BOT,NA,NA,NA,NA,San Pedro de Tiquina,NA,NA,NA,NA,250px,"Strait of Tiquina, Lake Titicaca, Bolivia",NA,NA,NA,NA,NA,NA,NA,NA,NA,NA,NA,NA,NA,NA,NA,NA,Province,Manco Kapac Province,Seat,San Pedro de Tiquina,NA,NA,President,Freddy Poma Peñaranda,NA,NA,NA,NA,NA,NA,NA,NA,NA,NA,NA,Imperial,NA,NA,NA,NA,NA,NA,NA,NA,NA,NA,NA,NA,NA,NA,NA,NA,NA,NA,NA,NA,NA,Ethnicities,Aymara,Religions,NA,NA,NA,-4,NA,NA,NA,NA,NA,NA,NA,NA,NA,NA,NA,NA,NA,NA,NA,NA,NA,NA,NA,NA,NA,NA,NA,NA,NA,NA,NA,NA,NA,NA,NA,NA,NA,NA,NA,NA,NA,NA,NA,NA,NA,NA,NA,NA,NA,NA,NA
0,Santiago de Callapa Municipality,Category:Municipalities of La Paz Department (Bolivia),23466842,5535,Q741915,https://en.wikipedia.org/wiki/Santiago_de_Callapa_Municipality,5534,0,1,2001,"{{Infobox settlement
<!--See the Table at Infobox Settlement for all fields and descriptions of usage-->
<!-- Basic info  ---------------->
|official_name          = Santiago de Callapa Municipality
|other_name             =
|native_name            = 
|nickname               = 
|settlement_type        = Municipality 
|motto                  =
<!-- images and maps  ----------->
|image_skyline          = 
|imagesize              = 250px
|image_caption          =  
|image_flag             = 
|flag_size              =
|image_seal             = 
|seal_size              =
|image_shield           = 
|shield_size            =
|image_blank_emblem     =
|blank_emblem_type      =
|blank_emblem_size      =
|image_map              = 
|mapsize                = 
|map_caption            = 
|image_map1             = 
|mapsize1               = 
|map_caption1           = 
|image_dot_map          =
|dot_mapsize            =
|dot_map_caption        =
|dot_x =  |dot_y =
|pushpin_map            = Bolivia<!-- the name of a location map as per http://en.wikipedia.org/wiki/Template:Location_map -->
|pushpin_label_position =bottom
|pushpin_map_caption    =Location of the Santiago de Callapa Municipality within Bolivia
<!-- Location ------------------>
|subdivision_type       = Country
|subdivision_name       = [[Image:Flag of Bolivia.svg|25px]] [[Bolivia]]
|subdivision_type1      = [[Departments of Bolivia|Department]]
|subdivision_name1      = [[La Paz Department (Bolivia)|La Paz Department]]
|subdivision_type2      = [[Provinces of Bolivia|Province]]
|subdivision_name2      = [[Pacajes Province]]
<!-- Smaller parts (e.g. boroughs of a city) and seat of government -->
|seat_type              = Seat
|seat                   = [[Callapa]] 
<!-- Politics ----------------->
|government_footnotes   =
|government_type        = 
|leader_title           = Mayor
|leader_name            = Cristobal Ramos Navarro  (2007)
|leader_title1          =President<!-- for places with, say, both a mayor and a city manager -->
|leader_name1           = Teodoro Gutiérrez Villca (2007)
|leader_title2          = 
|leader_name2           = 
|leader_title3          =
|leader_name3           =
|leader_title4          =
|leader_name4           =
|established_title      = Foundation<!-- Settled -->
|established_date       = 
|established_title2     =  <!-- Incorporated (town) -->
|established_date2      = 
|established_title3     =  <!-- Incorporated (city) -->
|established_date3      =
<!-- Area    --------------------->
|area_magnitude         = 
|unit_pref                =Imperial <!--Enter: Imperial, if Imperial (metric) is desired-->
|area_footnotes           =
|area_total_km2           = 1218 <!-- ALL fields dealing with a measurements are subject to automatic unit conversion-->
|area_land_km2            = <!--See table @ Template:Infobox Settlement for details on automatic unit conversion-->
|area_water_km2           =
|area_total_sq_mi         =
|area_land_sq_mi          =
|area_water_sq_mi         =
|area_water_percent       =
|area_urban_km2           =
|area_urban_sq_mi         =
|area_metro_km2           =
|area_metro_sq_mi         =
|area_blank1_title        =
|area_blank1_km2          =
|area_blank1_sq_mi        =
<!-- Population   ----------------------->
|population_as_of               = 2001
|population_footnotes           =
|population_note                =
|population_total               = 8099 
|population_density_km2         =
|population_density_sq_mi       =
|population_metro               =
|population_density_metro_km2   =
|population_density_metro_sq_mi =
|population_urban               =
|population_density_urban_km2   =
|population_density_urban_sq_mi =
|population_blank1_title        =Ethnicities
|population_blank1              =
|population_blank2_title        =Religions
|population_blank2              =
|population_density_blank1_km2 =   
|population_density_blank1_sq_mi =
<!-- General information  --------------->
|timezone               = BOT
|utc_offset             = -4
|timezone_DST           = 
|utc_offset_DST         = 
|coordinates            = {{coord|17|15|0|S|68|20|0|W|region:BO|display=inline,title}}
|elevation_footnotes    =  <!--for references: use <ref> </ref> tags-->
|elevation_m            =3800
|elevation_ft           =
<!-- Area/postal codes & others -------->
|postal_code_type       =  <!-- enter ZIP code, Postcode, Post code, Postal code... -->
|postal_code            =
|area_code              =
|blank_name             =
|blank_info             =
|blank1_name            =
|blank1_info            =
|website                = 
|footnotes              = 
}}",,29,,NA,NA,Municipality,NA,NA,NA,NA,Bolivia,bottom,Location of the Santiago de Callapa Municipality within Bolivia,Country,25px Bolivia,Department,La Paz Department,Mayor,Cristobal Ramos Navarro (2007),Foundation,NA,NA,8099,2001,NA,1218,NA,3800,NA,BOT,NA,NA,NA,NA,Santiago de Callapa Municipality,NA,NA,NA,NA,250px,NA,NA,NA,NA,NA,NA,NA,NA,NA,NA,NA,NA,NA,NA,NA,NA,NA,Province,Pacajes Province,Seat,Callapa,NA,NA,President,Teodoro Gutiérrez Villca (2007),NA,NA,NA,NA,NA,NA,NA,NA,NA,NA,NA,Imperial,NA,NA,NA,NA,NA,NA,NA,NA,NA,NA,NA,NA,NA,NA,NA,NA,NA,NA,NA,NA,NA,Ethnicities,NA,Religions,NA,NA,NA,-4,NA,NA,NA,NA,NA,NA,NA,NA,NA,NA,NA,NA,NA,NA,NA,NA,NA,NA,NA,NA,NA,NA,NA,NA,NA,NA,NA,NA,NA,NA,NA,NA,NA,NA,NA,NA,NA,NA,NA,NA,NA,NA,NA,NA,NA,NA,NA
0,Santiago de Huata Municipality,Category:Municipalities of La Paz Department (Bolivia),75095968,3686,Q1953187,https://en.wikipedia.org/wiki/Santiago_de_Huata_Municipality,3682,3,3,2020,"{{Infobox place
| name               = Santiago de Huata
| settlement_type    = [[Municipalities of Bolivia|Municipality]]
| pushpin_map        = Bolivia
| coordinates        = {{coord|16|05|00|S|68|50|00|W|region:BO|format=dms|display=inline,title}}
| subdivision_type   = [[List of sovereign states|Country]]
| subdivision_name   = {{flag|Bolivia}}
| subdivision_type1  = [[Departments of Bolivia|Department]]
| subdivision_type2  = [[Provinces of Bolivia|Province]]
| subdivision_name1  = [[La Paz Department (Bolivia)|La Paz]]
| subdivision_name2  = [[Omasuyos Province|Omasuyos]]
| leader_title1      = [[Mayor]]
| leader_name1       = Roberto Huaycho Villca
| area_total_km2     = 125
| elevation_m        = 3911
| population_total   = 9158
| population_as_of   = 2020
| population_density_km2 = auto
| demographics_type1 = Language
| demographics1_title1 = Official
| demographics1_info1 = [[Spanish language|Spanish]]
| timezone1          = [[UTC−04:00|BOT]]
| utc_offset         = -4
}}",,22,,Santiago de Huata,NA,Municipality,NA,NA,NA,NA,Bolivia,NA,NA,Country,Bolivia,Department,La Paz,NA,NA,NA,NA,NA,9158,2020,NA,125,NA,3911,NA,NA,NA,NA,NA,NA,NA,NA,NA,NA,NA,NA,NA,NA,NA,NA,NA,NA,NA,NA,NA,NA,NA,NA,NA,NA,NA,NA,NA,Province,Omasuyos,NA,NA,NA,NA,Mayor,Roberto Huaycho Villca,NA,NA,NA,NA,NA,NA,NA,NA,NA,NA,NA,NA,NA,NA,NA,NA,NA,NA,NA,NA,NA,NA,NA,NA,NA,NA,auto,NA,NA,NA,NA,NA,NA,NA,NA,NA,NA,NA,NA,-4,NA,NA,NA,NA,NA,NA,NA,NA,NA,NA,NA,NA,NA,NA,NA,BOT,NA,NA,NA,NA,NA,NA,NA,NA,NA,Language,Official,Spanish,NA,NA,NA,NA,NA,NA,NA,NA,NA,NA,NA,NA,NA,NA,NA,NA,NA,NA,NA
0,Santiago de Machaca Municipality,Category:Municipalities of La Paz Department (Bolivia),24861708,5273,Q1544546,https://en.wikipedia.org/wiki/Santiago_de_Machaca_Municipality,5268,0,1,2001,"{{Infobox settlement
<!--See the Table at Infobox Settlement for all fields and descriptions of usage-->
<!-- Basic info  ---------------->
|official_name          = Santiago de Machaca 
|other_name             =
|native_name            = 
|nickname               = 
|settlement_type        = Municipality 
|motto                  =
<!-- images and maps  ----------->
|image_skyline          =Nuño Qollo.JPG
|imagesize              = 
|image_caption          = Nuñu Qullu (""breast mountain"") in the Santiago de Machaca Municipality
|image_flag             = 
|flag_size              =
|image_seal             = 
|seal_size              =
|image_shield           = 
|shield_size            =
|image_blank_emblem     =
|blank_emblem_type      =
|blank_emblem_size      =
|image_map              = 
|mapsize                = 
|map_caption            = 
|image_map1             = 
|mapsize1               = 
|map_caption1           = 
|image_dot_map          =
|dot_mapsize            =
|dot_map_caption        =
|dot_x =  |dot_y =
|pushpin_map            =<!-- the name of a location map as per http://en.wikipedia.org/wiki/Template:Location_map -->
|pushpin_label_position =bottom
|pushpin_map_caption    =Location within Bolivia
<!-- Location ------------------>
|subdivision_type       = Country
|subdivision_name       ={{flag|Bolivia}}
|subdivision_type1      = [[Departments of Bolivia|Department]]
|subdivision_name1      = [[La Paz Department (Bolivia)|La Paz Department]]
|subdivision_type2      = [[Provinces of Bolivia|Province]]
|subdivision_name2      = [[José Manuel Pando Province]]
<!-- Smaller parts (e.g. boroughs of a city) and seat of government -->
|seat_type              = Seat
|seat                   = [[Santiago de Machaca]] 
<!-- Politics ----------------->
|government_footnotes   =
|government_type        = 
|leader_title           = Mayor
|leader_name            = 
|leader_title1          =President<!-- for places with, say, both a mayor and a city manager -->
|leader_name1           =
|leader_title2          = 
|leader_name2           = 
|leader_title3          =
|leader_name3           =
|leader_title4          =
|leader_name4           =
|established_title      = Foundation<!-- Settled -->
|established_date       = 
|established_title2     =  <!-- Incorporated (town) -->
|established_date2      = 
|established_title3     =  <!-- Incorporated (city) -->
|established_date3      =
<!-- Area    --------------------->
|area_magnitude         = 
|unit_pref                =Imperial <!--Enter: Imperial, if Imperial (metric) is desired-->
|area_footnotes           =
|area_total_km2           =<!-- ALL fields dealing with a measurements are subject to automatic unit conversion-->
|area_land_km2            = <!--See table @ Template:Infobox Settlement for details on automatic unit conversion-->
|area_water_km2           =
|area_total_sq_mi         =
|area_land_sq_mi          =
|area_water_sq_mi         =
|area_water_percent       =
|area_urban_km2           =
|area_urban_sq_mi         =
|area_metro_km2           =
|area_metro_sq_mi         =
|area_blank1_title        =
|area_blank1_km2          =
|area_blank1_sq_mi        =
<!-- Population   ----------------------->
|population_as_of               = 2001
|population_footnotes           =
|population_note                =
|population_total               = 
|population_density_km2         =
|population_density_sq_mi       =
|population_metro               =
|population_density_metro_km2   =
|population_density_metro_sq_mi =
|population_urban               =
|population_density_urban_km2   =
|population_density_urban_sq_mi =
|population_blank1_title        =Ethnicities
|population_blank1              =
|population_blank2_title        =Religions
|population_blank2              =
|population_density_blank1_km2 =   
|population_density_blank1_sq_mi =
<!-- General information  --------------->
|timezone               = BOT
|utc_offset             = -4
|timezone_DST           = 
|utc_offset_DST         = 
|coordinates            = 
|elevation_footnotes    =  <!--for references: use <ref> </ref> tags-->
|elevation_m            =
|elevation_ft           =
<!-- Area/postal codes & others -------->
|postal_code_type       =  <!-- enter ZIP code, Postcode, Post code, Postal code... -->
|postal_code            =
|area_code              =
|blank_name             =
|blank_info             =
|blank1_name            =
|blank1_info            =
|website                = 
|footnotes              = 
}}",,23,,NA,Nuño Qollo.JPG,Municipality,NA,NA,NA,NA,NA,bottom,Location within Bolivia,Country,Bolivia,Department,La Paz Department,Mayor,NA,Foundation,NA,NA,NA,2001,NA,NA,NA,NA,NA,BOT,NA,NA,NA,NA,Santiago de Machaca,NA,NA,NA,NA,NA,"Nuñu Qullu (""breast mountain"") in the Santiago de Machaca Municipality",NA,NA,NA,NA,NA,NA,NA,NA,NA,NA,NA,NA,NA,NA,NA,NA,Province,José Manuel Pando Province,Seat,Santiago de Machaca,NA,NA,President,NA,NA,NA,NA,NA,NA,NA,NA,NA,NA,NA,NA,Imperial,NA,NA,NA,NA,NA,NA,NA,NA,NA,NA,NA,NA,NA,NA,NA,NA,NA,NA,NA,NA,NA,Ethnicities,NA,Religions,NA,NA,NA,-4,NA,NA,NA,NA,NA,NA,NA,NA,NA,NA,NA,NA,NA,NA,NA,NA,NA,NA,NA,NA,NA,NA,NA,NA,NA,NA,NA,NA,NA,NA,NA,NA,NA,NA,NA,NA,NA,NA,NA,NA,NA,NA,NA,NA,NA,NA,NA
0,Sapahaqui Municipality,Category:Municipalities of La Paz Department (Bolivia),24861714,5246,Q491527,https://en.wikipedia.org/wiki/Sapahaqui_Municipality,5282,0,1,2001,"{{Infobox settlement
<!--See the Table at Infobox Settlement for all fields and descriptions of usage-->
<!-- Basic info  ---------------->
|official_name          = Sapahaqui
|other_name             =
|native_name            = Sapa Jaqhi
|nickname               = 
|settlement_type        = Municipality 
|motto                  =
<!-- images and maps  ----------->
|image_skyline          =
|imagesize              = 
|image_caption          =  
|image_flag             = 
|flag_size              =
|image_seal             = 
|seal_size              =
|image_shield           = 
|shield_size            =
|image_blank_emblem     =
|blank_emblem_type      =
|blank_emblem_size      =
|image_map              = 
|mapsize                = 
|map_caption            = 
|image_map1             = 
|mapsize1               = 
|map_caption1           = 
|image_dot_map          =
|dot_mapsize            =
|dot_map_caption        =
|dot_x =  |dot_y =
|pushpin_map            =Bolivia<!-- the name of a location map as per http://en.wikipedia.org/wiki/Template:Location_map -->
|pushpin_label_position =bottom
|pushpin_map_caption    =Location within Bolivia
<!-- Location ------------------>
|subdivision_type       = Country
|subdivision_name       ={{flag|Bolivia}}
|subdivision_type1      = [[Departments of Bolivia|Department]]
|subdivision_name1      = [[La Paz Department (Bolivia)|La Paz Department]]
|subdivision_type2      = [[Provinces of Bolivia|Province]]
|subdivision_name2      = [[Loayza Province]]
<!-- Smaller parts (e.g. boroughs of a city) and seat of government -->
|seat_type              = Seat
|seat                   = [[Sapahaqui]] 
<!-- Politics ----------------->
|government_footnotes   =
|government_type        = 
|leader_title           = Mayor
|leader_name            = 
|leader_title1          =President<!-- for places with, say, both a mayor and a city manager -->
|leader_name1           =
|leader_title2          = 
|leader_name2           = 
|leader_title3          =
|leader_name3           =
|leader_title4          =
|leader_name4           =
|established_title      = Foundation<!-- Settled -->
|established_date       = 
|established_title2     =  <!-- Incorporated (town) -->
|established_date2      = 
|established_title3     =  <!-- Incorporated (city) -->
|established_date3      =
<!-- Area    --------------------->
|area_magnitude         = 
|unit_pref                =Imperial <!--Enter: Imperial, if Imperial (metric) is desired-->
|area_footnotes           =
|area_total_km2           =<!-- ALL fields dealing with a measurements are subject to automatic unit conversion-->
|area_land_km2            = <!--See table @ Template:Infobox Settlement for details on automatic unit conversion-->
|area_water_km2           =
|area_total_sq_mi         =
|area_land_sq_mi          =
|area_water_sq_mi         =
|area_water_percent       =
|area_urban_km2           =
|area_urban_sq_mi         =
|area_metro_km2           =
|area_metro_sq_mi         =
|area_blank1_title        =
|area_blank1_km2          =
|area_blank1_sq_mi        =
<!-- Population   ----------------------->
|population_as_of               = 2001
|population_footnotes           =
|population_note                =
|population_total               = 
|population_density_km2         =
|population_density_sq_mi       =
|population_metro               =
|population_density_metro_km2   =
|population_density_metro_sq_mi =
|population_urban               =
|population_density_urban_km2   =
|population_density_urban_sq_mi =
|population_blank1_title        =Ethnicities
|population_blank1              =
|population_blank2_title        =Religions
|population_blank2              =
|population_density_blank1_km2 =   
|population_density_blank1_sq_mi =
<!-- General information  --------------->
|timezone               = BOT
|utc_offset             = -4
|timezone_DST           = 
|utc_offset_DST         = 
|coordinates            = {{coord|16|55|S|67|50|W|display=inline}}
|elevation_footnotes    =  <!--for references: use <ref> </ref> tags-->
|elevation_m            =
|elevation_ft           =
<!-- Area/postal codes & others -------->
|postal_code_type       =  <!-- enter ZIP code, Postcode, Post code, Postal code... -->
|postal_code            =
|area_code              =
|blank_name             =
|blank_info             =
|blank1_name            =
|blank1_info            =
|website                = 
|footnotes              = 
}}",,24,,NA,NA,Municipality,NA,NA,NA,NA,Bolivia,bottom,Location within Bolivia,Country,Bolivia,Department,La Paz Department,Mayor,NA,Foundation,NA,NA,NA,2001,NA,NA,NA,NA,NA,BOT,NA,NA,NA,NA,Sapahaqui,NA,Sapa Jaqhi,NA,NA,NA,NA,NA,NA,NA,NA,NA,NA,NA,NA,NA,NA,NA,NA,NA,NA,NA,NA,Province,Loayza Province,Seat,Sapahaqui,NA,NA,President,NA,NA,NA,NA,NA,NA,NA,NA,NA,NA,NA,NA,Imperial,NA,NA,NA,NA,NA,NA,NA,NA,NA,NA,NA,NA,NA,NA,NA,NA,NA,NA,NA,NA,NA,Ethnicities,NA,Religions,NA,NA,NA,-4,NA,NA,NA,NA,NA,NA,NA,NA,NA,NA,NA,NA,NA,NA,NA,NA,NA,NA,NA,NA,NA,NA,NA,NA,NA,NA,NA,NA,NA,NA,NA,NA,NA,NA,NA,NA,NA,NA,NA,NA,NA,NA,NA,NA,NA,NA,NA
0,Sica Sica Municipality,Category:Municipalities of La Paz Department (Bolivia),24861716,5957,Q491501,https://en.wikipedia.org/wiki/Sica_Sica_Municipality,5956,1,10,2001,"{{Infobox settlement
<!--See the Table at Infobox Settlement for all fields and descriptions of usage-->
<!-- Basic info  ---------------->
|official_name          = Sica Sica 
|other_name             =
|native_name            = Sika Sika
|nickname               = 
|settlement_type        = Municipality 
|motto                  =
<!-- images and maps  ----------->
|image_skyline          =
|imagesize              = 
|image_caption          =  
|image_flag             = 
|flag_size              =
|image_seal             = 
|seal_size              =
|image_shield           = 
|shield_size            =
|image_blank_emblem     =
|blank_emblem_type      =
|blank_emblem_size      =
|image_map              = 
|mapsize                = 
|map_caption            = 
|image_map1             = 
|mapsize1               = 
|map_caption1           = 
|image_dot_map          =
|pushpin_map            =Bolivia<!-- the name of a location map as per http://en.wikipedia.org/wiki/Template:Location_map -->
|pushpin_label_position =bottom
|pushpin_map_caption    =Location within Bolivia
<!-- Location ------------------>
|subdivision_type       = Country
|subdivision_name       ={{flag|Bolivia}}
|subdivision_type1      = [[Departments of Bolivia|Department]]
|subdivision_name1      = [[La Paz Department (Bolivia)|La Paz Department]]
|subdivision_type2      = [[Provinces of Bolivia|Province]]
|subdivision_name2      = [[Aroma Province]]
<!-- Smaller parts (e.g. boroughs of a city) and seat of government -->
|seat_type              = Seat
|seat                   = [[Sica Sica]] 
<!-- Politics ----------------->
|government_footnotes   =
|government_type        = 
|leader_title           = Mayor
|leader_name            = 
|leader_title1          =President<!-- for places with, say, both a mayor and a city manager -->
|leader_name1           =
|leader_title2          = 
|leader_name2           = 
|leader_title3          =
|leader_name3           =
|leader_title4          =
|leader_name4           =
|established_title      = Foundation<!-- Settled -->
|established_date       = 
|established_title2     =  <!-- Incorporated (town) -->
|established_date2      = 
|established_title3     =  <!-- Incorporated (city) -->
|established_date3      =
<!-- Area    --------------------->
|area_magnitude         = 
|unit_pref                =Imperial <!--Enter: Imperial, if Imperial (metric) is desired-->
|area_footnotes           =
|area_total_km2           =<!-- ALL fields dealing with a measurements are subject to automatic unit conversion-->
|area_land_km2            = <!--See table @ Template:Infobox Settlement for details on automatic unit conversion-->
|area_water_km2           =
|area_total_sq_mi         =
|area_land_sq_mi          =
|area_water_sq_mi         =
|area_water_percent       =
|area_urban_km2           =
|area_urban_sq_mi         =
|area_metro_km2           =
|area_metro_sq_mi         =
|area_blank1_title        =
|area_blank1_km2          =
|area_blank1_sq_mi        =
<!-- Population   ----------------------->
|population_as_of               = 2001
|population_footnotes           =
|population_note                =
|population_total               = 26818
|population_density_km2         =
|population_density_sq_mi       =
|population_metro               =
|population_density_metro_km2   =
|population_density_metro_sq_mi =
|population_urban               =
|population_density_urban_km2   =
|population_density_urban_sq_mi =
|population_blank1_title        =Ethnicities
|population_blank1              =
|population_blank2_title        =Religions
|population_blank2              =
|population_density_blank1_km2 =   
|population_density_blank1_sq_mi =
<!-- General information  --------------->
|timezone               = BOT
|utc_offset             = -4
|timezone_DST           = 
|utc_offset_DST         = 
|coordinates            = {{coord|17|20|S|67|30|W|display=inline}}
|elevation_footnotes    =  <!--for references: use <ref> </ref> tags-->
|elevation_m            =
|elevation_ft           =
<!-- Area/postal codes & others -------->
|postal_code_type       =  <!-- enter ZIP code, Postcode, Post code, Postal code... -->
|postal_code            =
|area_code              =
|blank_name             =
|blank_info             =
|blank1_name            =
|blank1_info            =
|website                = 
|footnotes              = 
}}",,25,,NA,NA,Municipality,NA,NA,NA,NA,Bolivia,bottom,Location within Bolivia,Country,Bolivia,Department,La Paz Department,Mayor,NA,Foundation,NA,NA,26818,2001,NA,NA,NA,NA,NA,BOT,NA,NA,NA,NA,Sica Sica,NA,Sika Sika,NA,NA,NA,NA,NA,NA,NA,NA,NA,NA,NA,NA,NA,NA,NA,NA,NA,NA,NA,NA,Province,Aroma Province,Seat,Sica Sica,NA,NA,President,NA,NA,NA,NA,NA,NA,NA,NA,NA,NA,NA,NA,Imperial,NA,NA,NA,NA,NA,NA,NA,NA,NA,NA,NA,NA,NA,NA,NA,NA,NA,NA,NA,NA,NA,Ethnicities,NA,Religions,NA,NA,NA,-4,NA,NA,NA,NA,NA,NA,NA,NA,NA,NA,NA,NA,NA,NA,NA,NA,NA,NA,NA,NA,NA,NA,NA,NA,NA,NA,NA,NA,NA,NA,NA,NA,NA,NA,NA,NA,NA,NA,NA,NA,NA,NA,NA,NA,NA,NA,NA
0,Sorata Municipality,Category:Municipalities of La Paz Department (Bolivia),21294291,7515,Q1860758,https://en.wikipedia.org/wiki/Sorata_Municipality,7478,0,6,2001,"{{Infobox settlement
<!--See the Table at Infobox Settlement for all fields and descriptions of usage-->
<!-- Basic info  ---------------->
|official_name          = Sorata Municipality
|other_name             =
|native_name            = 
|nickname               = 
|settlement_type        = Municipality 
|motto                  =
<!-- images and maps  ----------->
|image_skyline          = Vue de Sorata (Bolivie) depuis les hauteurs de Purani Churiquimbaya..JPG
|imagesize              = 250px
|image_caption          = [[Sorata]] town as seen from Purani Churiquimbaya botanic garden
|image_flag             = 
|flag_size              =
|image_seal             = 
|seal_size              =
|image_shield           = 
|shield_size            =
|image_blank_emblem     =
|blank_emblem_type      =
|blank_emblem_size      =
|image_map              = 
|mapsize                = 
|map_caption            = 
|image_map1             = 
|mapsize1               = 
|map_caption1           = 
|image_dot_map          =
|dot_mapsize            =
|dot_map_caption        =
|dot_x =  |dot_y =
|pushpin_map            = Bolivia<!-- the name of a location map as per http://en.wikipedia.org/wiki/Template:Location_map -->
|pushpin_label_position =bottom
|pushpin_map_caption    =Location of the Arani Municipality within Bolivia
<!-- Location ------------------>
|subdivision_type       = Country
|subdivision_name       = [[Image:Flag of Bolivia.svg|25px]] [[Bolivia]]
|subdivision_type1      = [[Departments of Bolivia|Department]]
|subdivision_name1      = [[La Paz Department, Bolivia|La Paz Department]]
|subdivision_type2      = [[Provinces of Bolivia|Province]]
|subdivision_name2      = [[Larecaja Province]]
<!-- Smaller parts (e.g. boroughs of a city) and seat of government -->
|seat_type              = Seat
|seat                   = [[Sorata]]
<!-- Politics ----------------->
|government_footnotes   =
|government_type        = 
|leader_title           = 
|leader_name            = 
|leader_title1          =President<!-- for places with, say, both a mayor and a city manager -->
|leader_name1           = 
|leader_title2          = 
|leader_name2           = 
|leader_title3          =
|leader_name3           =
|leader_title4          =
|leader_name4           =
|established_title      =  <!-- Settled -->
|established_date       = 
|established_title2     =  <!-- Incorporated (town) -->
|established_date2      = 
|established_title3     =  <!-- Incorporated (city) -->
|established_date3      =
<!-- Area    --------------------->
|area_magnitude         = 
|unit_pref                =Imperial <!--Enter: Imperial, if Imperial (metric) is desired-->
|area_footnotes           =
|area_total_km2           = 2056 <!-- ALL fields dealing with a measurements are subject to automatic unit conversion-->
|area_land_km2            = <!--See table @ Template:Infobox Settlement for details on automatic unit conversion-->
|area_water_km2           =
|area_total_sq_mi         =
|area_land_sq_mi          =
|area_water_sq_mi         =
|area_water_percent       =
|area_urban_km2           =
|area_urban_sq_mi         =
|area_metro_km2           =
|area_metro_sq_mi         =
|area_blank1_title        =
|area_blank1_km2          =
|area_blank1_sq_mi        =
<!-- Population   ----------------------->
|population_as_of               = 2001
|population_footnotes           =
|population_note                =
|population_total               =18932 
|population_density_km2         =
|population_density_sq_mi       =
|population_metro               =
|population_density_metro_km2   =
|population_density_metro_sq_mi =
|population_urban               =
|population_density_urban_km2   =
|population_density_urban_sq_mi =
|population_blank1_title        =Ethnicities
|population_blank1              =[[Aymara people|Aymara]]
|population_blank2_title        =Religions
|population_blank2              =
|population_density_blank1_km2 =   
|population_density_blank1_sq_mi =
<!-- General information  --------------->
|timezone               = BOT
|utc_offset             = -4
|timezone_DST           = 
|utc_offset_DST         = 
|coordinates            = {{coord|15|45|0|S|68|32|0|W|region:BO-L|display=inline,title}}
|elevation_footnotes    =  <!--for references: use <ref> </ref> tags-->
|elevation_m            =
|elevation_ft           =
<!-- Area/postal codes & others -------->
|postal_code_type       =  <!-- enter ZIP code, Postcode, Post code, Postal code... -->
|postal_code            =
|area_code              =
|blank_name             =
|blank_info             =
|blank1_name            =
|blank1_info            =
|website                = 
|footnotes              = 
}}",,27,,NA,Vue de Sorata (Bolivie) depuis les hauteurs de Purani Churiquimbaya..JPG,Municipality,NA,NA,NA,NA,Bolivia,bottom,Location of the Arani Municipality within Bolivia,Country,25px Bolivia,Department,La Paz Department,NA,NA,NA,NA,NA,18932,2001,NA,2056,NA,NA,NA,BOT,NA,NA,NA,NA,Sorata Municipality,NA,NA,NA,NA,250px,Sorata town as seen from Purani Churiquimbaya botanic garden,NA,NA,NA,NA,NA,NA,NA,NA,NA,NA,NA,NA,NA,NA,NA,NA,Province,Larecaja Province,Seat,Sorata,NA,NA,President,NA,NA,NA,NA,NA,NA,NA,NA,NA,NA,NA,NA,Imperial,NA,NA,NA,NA,NA,NA,NA,NA,NA,NA,NA,NA,NA,NA,NA,NA,NA,NA,NA,NA,NA,Ethnicities,Aymara,Religions,NA,NA,NA,-4,NA,NA,NA,NA,NA,NA,NA,NA,NA,NA,NA,NA,NA,NA,NA,NA,NA,NA,NA,NA,NA,NA,NA,NA,NA,NA,NA,NA,NA,NA,NA,NA,NA,NA,NA,NA,NA,NA,NA,NA,NA,NA,NA,NA,NA,NA,NA
0,Tacacoma Municipality,Category:Municipalities of La Paz Department (Bolivia),23464802,6007,Q1860830,https://en.wikipedia.org/wiki/Tacacoma_Municipality,6005,0,1,2001,"{{Infobox settlement
<!-- See Template:Infobox settlement for additional fields and descriptions -->
<!-- Basic info  ---------------->
|official_name          = Tacacoma Municipality
|other_name             =
|native_name            = 
|nickname               = 
|settlement_type        = Municipality 
|motto                  =
<!-- images and maps  ----------->
|image_skyline          = 
|imagesize              = 250px
|image_caption          =  
|image_flag             = 
|flag_size              =
|image_seal             = 
|seal_size              =
|image_shield           = 
|shield_size            =
|image_blank_emblem     =
|blank_emblem_type      =
|blank_emblem_size      =
|image_map              = 
|mapsize                = 
|map_caption            = 
|image_map1             = 
|mapsize1               = 
|map_caption1           = 
|image_dot_map          =
|dot_mapsize            =
|dot_map_caption        =
|dot_x =  |dot_y =
|pushpin_map            =Bolivia <!-- the name of a location map as per http://en.wikipedia.org/wiki/Template:Location_map -->
|pushpin_label_position =bottom
|pushpin_map_caption    =Location of the Tacacoma Municipality within Bolivia
<!-- Location ------------------>
|subdivision_type       = Country
|subdivision_name       = [[Image:Flag of Bolivia.svg|25px]] [[Bolivia]]
|subdivision_type1      = [[Departments of Bolivia|Department]]
|subdivision_name1      = [[La Paz Department (Bolivia)|La Paz Department]]
|subdivision_type2      = [[Provinces of Bolivia|Province]]
|subdivision_name2      = [[Larecaja Province]]
<!-- Smaller parts (e.g. boroughs of a city) and seat of government -->
|seat_type              = Seat
|seat                   = [[Tacacoma]] 
<!-- Politics ----------------->
|government_footnotes   =
|government_type        = 
|leader_title           = Mayor
|leader_name            = Carlos Mamani Rodriguez  (2007)
|leader_title1          =President<!-- for places with, say, both a mayor and a city manager -->
|leader_name1           = Guido Machicado Pizza (2007)
|leader_title2          = 
|leader_name2           = 
|leader_title3          =
|leader_name3           =
|leader_title4          =
|leader_name4           =
|established_title      = Foundation<!-- Settled -->
|established_date       = 
|established_title2     =  <!-- Incorporated (town) -->
|established_date2      = 
|established_title3     =  <!-- Incorporated (city) -->
|established_date3      =
<!-- Area    --------------------->
|area_magnitude         = 
|unit_pref                =Imperial <!--Enter: Imperial, if Imperial (metric) is desired-->
|area_footnotes           =
|area_total_km2           = 815 <!-- ALL fields dealing with a measurements are subject to automatic unit conversion-->
|area_land_km2            = <!--See table @ Template:Infobox Settlement for details on automatic unit conversion-->
|area_water_km2           =
|area_total_sq_mi         =
|area_land_sq_mi          =
|area_water_sq_mi         =
|area_water_percent       =
|area_urban_km2           =
|area_urban_sq_mi         =
|area_metro_km2           =
|area_metro_sq_mi         =
|area_blank1_title        =
|area_blank1_km2          =
|area_blank1_sq_mi        =
<!-- Population   ----------------------->
|population_as_of               = 2001
|population_footnotes           =
|population_note                =
|population_total               = 6269
|population_density_km2         =
|population_density_sq_mi       =
|population_metro               =
|population_density_metro_km2   =
|population_density_metro_sq_mi =
|population_urban               =
|population_density_urban_km2   =
|population_density_urban_sq_mi =
|population_blank1_title        =Ethnicities
|population_blank1              =
|population_blank2_title        =Religions
|population_blank2              =
|population_density_blank1_km2 =   
|population_density_blank1_sq_mi =
<!-- General information  --------------->
|timezone               = BOT
|utc_offset             = -4
|timezone_DST           = 
|utc_offset_DST         = 
|coordinates            = {{coord|-15.5834|-68.7167|region:BO-L_type:adm3rd|display=inline,title}}
|elevation_footnotes    =  <!--for references: use <ref> </ref> tags-->
|elevation_m            = 3000 
|elevation_ft           =
<!-- Area/postal codes & others -------->
|postal_code_type       =  <!-- enter ZIP code, Postcode, Post code, Postal code... -->
|postal_code            =
|area_code              =
|blank_name             =
|blank_info             =
|blank1_name            =
|blank1_info            =
|website                = 
|footnotes              = 
}}",,29,,NA,NA,Municipality,NA,NA,NA,NA,Bolivia,bottom,Location of the Tacacoma Municipality within Bolivia,Country,25px Bolivia,Department,La Paz Department,Mayor,Carlos Mamani Rodriguez (2007),Foundation,NA,NA,6269,2001,NA,815,NA,3000,NA,BOT,NA,NA,NA,NA,Tacacoma Municipality,NA,NA,NA,NA,250px,NA,NA,NA,NA,NA,NA,NA,NA,NA,NA,NA,NA,NA,NA,NA,NA,NA,Province,Larecaja Province,Seat,Tacacoma,NA,NA,President,Guido Machicado Pizza (2007),NA,NA,NA,NA,NA,NA,NA,NA,NA,NA,NA,Imperial,NA,NA,NA,NA,NA,NA,NA,NA,NA,NA,NA,NA,NA,NA,NA,NA,NA,NA,NA,NA,NA,Ethnicities,NA,Religions,NA,NA,NA,-4,NA,NA,NA,NA,NA,NA,NA,NA,NA,NA,NA,NA,NA,NA,NA,NA,NA,NA,NA,NA,NA,NA,NA,NA,NA,NA,NA,NA,NA,NA,NA,NA,NA,NA,NA,NA,NA,NA,NA,NA,NA,NA,NA,NA,NA,NA,NA
0,Taraco Municipality,Category:Municipalities of La Paz Department (Bolivia),23464616,7423,Q1544565,https://en.wikipedia.org/wiki/Taraco_Municipality,7418,0,4,2001,"{{Infobox settlement
<!--See the Table at Infobox Settlement for all fields and descriptions of usage-->
<!-- Basic info  ---------------->
|official_name          = Taraco Municipality
|other_name             =
|native_name            = 
|nickname               = 
|settlement_type        = Municipality 
|motto                  =
<!-- images and maps  ----------->
|image_skyline          = 
|imagesize              = 250px
|image_caption          =  
|image_flag             = 
|flag_size              =
|image_seal             = 
|seal_size              =
|image_shield           = 
|shield_size            =
|image_blank_emblem     =
|blank_emblem_type      =
|blank_emblem_size      =
|image_map            = Ingavi_Municipios_map.jpg
|mapsize              = 250px
|map_caption           = Location of the municipality within Ingavi province 
|image_map1             = 
|mapsize1               = 
|map_caption1           = 
|image_dot_map          =
|dot_mapsize            =
|dot_map_caption        =
|dot_x =  |dot_y =
|pushpin_map            = Bolivia<!-- the name of a location map as per http://en.wikipedia.org/wiki/Template:Location_map -->
|pushpin_label_position =bottom
|pushpin_map_caption    =Location of the Taraco Municipality within Bolivia
<!-- Location ------------------>
|subdivision_type       = Country
|subdivision_name       = [[Image:Flag of Bolivia.svg|25px]] [[Bolivia]]
|subdivision_type1      = [[Departments of Bolivia|Department]]
|subdivision_name1      = [[La Paz Department (Bolivia)|La Paz Department]]
|subdivision_type2      = [[Provinces of Bolivia|Province]]
|subdivision_name2      = [[Ingavi Province]]
<!-- Smaller parts (e.g. boroughs of a city) and seat of government -->
|seat_type              = Seat
|seat                   = [[Taraco, La Paz|Taraco]] 
<!-- Politics ----------------->
|government_footnotes   =
|government_type        = 
|leader_title           = Mayor
|leader_name            = Idelfonso Choque Cortez (2008)
|leader_title1          =President<!-- for places with, say, both a mayor and a city manager -->
|leader_name1           = Fidel Tapia Choquehuanca (2008)
|leader_title2          = 
|leader_name2           = 
|leader_title3          =
|leader_name3           =
|leader_title4          =
|leader_name4           =
|established_title      = Foundation<!-- Settled -->
|established_date       = 
|established_title2     =  <!-- Incorporated (town) -->
|established_date2      = 
|established_title3     =  <!-- Incorporated (city) -->
|established_date3      =
<!-- Area    --------------------->
|area_magnitude         = 
|unit_pref                =Imperial <!--Enter: Imperial, if Imperial (metric) is desired-->
|area_footnotes           =
|area_total_km2           = 108 <!-- ALL fields dealing with a measurements are subject to automatic unit conversion-->
|area_land_km2            = <!--See table @ Template:Infobox Settlement for details on automatic unit conversion-->
|area_water_km2           =
|area_total_sq_mi         =
|area_land_sq_mi          =
|area_water_sq_mi         =
|area_water_percent       =
|area_urban_km2           =
|area_urban_sq_mi         =
|area_metro_km2           =
|area_metro_sq_mi         =
|area_blank1_title        =
|area_blank1_km2          =
|area_blank1_sq_mi        =
<!-- Population   ----------------------->
|population_as_of               = 2001
|population_footnotes           =
|population_note                =
|population_total               = 5922
|population_density_km2         =
|population_density_sq_mi       =
|population_metro               =
|population_density_metro_km2   =
|population_density_metro_sq_mi =
|population_urban               =
|population_density_urban_km2   =
|population_density_urban_sq_mi =
|population_blank1_title        =Ethnicities
|population_blank1              =
|population_blank2_title        =Religions
|population_blank2              =
|population_density_blank1_km2 =   
|population_density_blank1_sq_mi =
<!-- General information  --------------->
|timezone               = BOT
|utc_offset             = -4
|timezone_DST           = 
|utc_offset_DST         = 
|coordinates            = {{coord|16|27|0|S|68|50|0|W|region:BO|display=inline,title}}
|elevation_footnotes    =  <!--for references: use <ref> </ref> tags-->
|elevation_m            =3900
|elevation_ft           =
<!-- Area/postal codes & others -------->
|postal_code_type       =  <!-- enter ZIP code, Postcode, Post code, Postal code... -->
|postal_code            =
|area_code              =
|blank_name             =
|blank_info             =
|blank1_name            =
|blank1_info            =
|website                = 
|footnotes              = 
}}",,32,,NA,NA,Municipality,NA,NA,Ingavi_Municipios_map.jpg,Location of the municipality within Ingavi province,Bolivia,bottom,Location of the Taraco Municipality within Bolivia,Country,25px Bolivia,Department,La Paz Department,Mayor,Idelfonso Choque Cortez (2008),Foundation,NA,NA,5922,2001,NA,108,NA,3900,NA,BOT,NA,NA,NA,NA,Taraco Municipality,NA,NA,NA,NA,250px,NA,NA,NA,NA,NA,NA,NA,NA,250px,NA,NA,NA,NA,NA,NA,NA,NA,Province,Ingavi Province,Seat,Taraco,NA,NA,President,Fidel Tapia Choquehuanca (2008),NA,NA,NA,NA,NA,NA,NA,NA,NA,NA,NA,Imperial,NA,NA,NA,NA,NA,NA,NA,NA,NA,NA,NA,NA,NA,NA,NA,NA,NA,NA,NA,NA,NA,Ethnicities,NA,Religions,NA,NA,NA,-4,NA,NA,NA,NA,NA,NA,NA,NA,NA,NA,NA,NA,NA,NA,NA,NA,NA,NA,NA,NA,NA,NA,NA,NA,NA,NA,NA,NA,NA,NA,NA,NA,NA,NA,NA,NA,NA,NA,NA,NA,NA,NA,NA,NA,NA,NA,NA
0,Teoponte Municipality,Category:Municipalities of La Paz Department (Bolivia),23465001,6061,Q692960,https://en.wikipedia.org/wiki/Teoponte_Municipality,6059,0,1,2001,"{{Infobox settlement
<!-- See Template:Infobox settlement for additional fields and descriptions -->
<!-- Basic info  ---------------->
|official_name          = Teoponte Municipality
|other_name             =
|native_name            = 
|nickname               = 
|settlement_type        = Municipality 
|motto                  =
<!-- images and maps  ----------->
|image_skyline          = 
|imagesize              = 250px
|image_caption          =  
|image_flag             = 
|flag_size              =
|image_seal             = 
|seal_size              =
|image_shield           = 
|shield_size            =
|image_blank_emblem     =
|blank_emblem_type      =
|blank_emblem_size      =
|image_map              = 
|mapsize                = 
|map_caption            = 
|image_map1             = 
|mapsize1               = 
|map_caption1           = 
|image_dot_map          =
|dot_mapsize            =
|dot_map_caption        =
|dot_x =  |dot_y =
|pushpin_map            = Bolivia<!-- the name of a location map as per http://en.wikipedia.org/wiki/Template:Location_map -->
|pushpin_label_position =bottom
|pushpin_map_caption    =Location of the Teoponte Municipality within Bolivia
<!-- Location ------------------>
|subdivision_type       = Country
|subdivision_name       = [[Image:Flag of Bolivia.svg|25px]] [[Bolivia]]
|subdivision_type1      = [[Departments of Bolivia|Department]]
|subdivision_name1      = [[La Paz Department (Bolivia)|La Paz Department]]
|subdivision_type2      = [[Provinces of Bolivia|Province]]
|subdivision_name2      = [[Larecaja Province]]
<!-- Smaller parts (e.g. boroughs of a city) and seat of government -->
|seat_type              = Seat
|seat                   = [[Teoponte]] 
<!-- Politics ----------------->
|government_footnotes   =
|government_type        = 
|leader_title           = Mayor
|leader_name            = Secundino Sanga Silvestre (2007)
|leader_title1          =President<!-- for places with, say, both a mayor and a city manager -->
|leader_name1           = Roner River Antelo (2007)
|leader_title2          = 
|leader_name2           = 
|leader_title3          =
|leader_name3           =
|leader_title4          =
|leader_name4           =
|established_title      = Foundation<!-- Settled -->
|established_date       = 
|established_title2     =  <!-- Incorporated (town) -->
|established_date2      = 
|established_title3     =  <!-- Incorporated (city) -->
|established_date3      =
<!-- Area    --------------------->
|area_magnitude         = 
|unit_pref                =Imperial <!--Enter: Imperial, if Imperial (metric) is desired-->
|area_footnotes           =
|area_total_km2           = 1579 <!-- ALL fields dealing with a measurements are subject to automatic unit conversion-->
|area_land_km2            = <!--See table @ Template:Infobox Settlement for details on automatic unit conversion-->
|area_water_km2           =
|area_total_sq_mi         =
|area_land_sq_mi          =
|area_water_sq_mi         =
|area_water_percent       =
|area_urban_km2           =
|area_urban_sq_mi         =
|area_metro_km2           =
|area_metro_sq_mi         =
|area_blank1_title        =
|area_blank1_km2          =
|area_blank1_sq_mi        =
<!-- Population   ----------------------->
|population_as_of               = 2001
|population_footnotes           =
|population_note                =
|population_total               = 7109 
|population_density_km2         =
|population_density_sq_mi       =
|population_metro               =
|population_density_metro_km2   =
|population_density_metro_sq_mi =
|population_urban               =
|population_density_urban_km2   =
|population_density_urban_sq_mi =
|population_blank1_title        =Ethnicities
|population_blank1              =
|population_blank2_title        =Religions
|population_blank2              =
|population_density_blank1_km2 =   
|population_density_blank1_sq_mi =
<!-- General information  --------------->
|timezone               = BOT
|utc_offset             = -4
|timezone_DST           = 
|utc_offset_DST         = 
|coordinates            = {{coord|-15.3742|-67.7403|region:BO-L_type:adm3rd|display=inline,title}}
|elevation_footnotes    =  <!--for references: use <ref> </ref> tags-->
|elevation_m            = 500  
|elevation_ft           =
<!-- Area/postal codes & others -------->
|postal_code_type       =  <!-- enter ZIP code, Postcode, Post code, Postal code... -->
|postal_code            =
|area_code              =
|blank_name             =
|blank_info             =
|blank1_name            =
|blank1_info            =
|website                = 
|footnotes              = 
}}",,29,,NA,NA,Municipality,NA,NA,NA,NA,Bolivia,bottom,Location of the Teoponte Municipality within Bolivia,Country,25px Bolivia,Department,La Paz Department,Mayor,Secundino Sanga Silvestre (2007),Foundation,NA,NA,7109,2001,NA,1579,NA,500,NA,BOT,NA,NA,NA,NA,Teoponte Municipality,NA,NA,NA,NA,250px,NA,NA,NA,NA,NA,NA,NA,NA,NA,NA,NA,NA,NA,NA,NA,NA,NA,Province,Larecaja Province,Seat,Teoponte,NA,NA,President,Roner River Antelo (2007),NA,NA,NA,NA,NA,NA,NA,NA,NA,NA,NA,Imperial,NA,NA,NA,NA,NA,NA,NA,NA,NA,NA,NA,NA,NA,NA,NA,NA,NA,NA,NA,NA,NA,Ethnicities,NA,Religions,NA,NA,NA,-4,NA,NA,NA,NA,NA,NA,NA,NA,NA,NA,NA,NA,NA,NA,NA,NA,NA,NA,NA,NA,NA,NA,NA,NA,NA,NA,NA,NA,NA,NA,NA,NA,NA,NA,NA,NA,NA,NA,NA,NA,NA,NA,NA,NA,NA,NA,NA
0,Tipuani Municipality,Category:Municipalities of La Paz Department (Bolivia),23464937,6043,Q1585089,https://en.wikipedia.org/wiki/Tipuani_Municipality,6022,0,1,2001,"{{Infobox settlement
<!-- See Template:Infobox settlement for additional fields and descriptions -->
<!-- Basic info  ---------------->
|official_name          = Tipuani Municipality
|other_name             =
|native_name            = 
|nickname               = 
|settlement_type        = Municipality 
|motto                  =
<!-- images and maps  ----------->
|image_skyline          = 
|imagesize              = 250px
|image_caption          =  
|image_flag             = 
|flag_size              =
|image_seal             = 
|seal_size              =
|image_shield           = 
|shield_size            =
|image_blank_emblem     =
|blank_emblem_type      =
|blank_emblem_size      =
|image_map              = 
|mapsize                = 
|map_caption            = 
|image_map1             = 
|mapsize1               = 
|map_caption1           = 
|image_dot_map          =
|dot_mapsize            =
|dot_map_caption        =
|dot_x =  |dot_y =
|pushpin_map            = Bolivia<!-- the name of a location map as per http://en.wikipedia.org/wiki/Template:Location_map -->
|pushpin_label_position =bottom
|pushpin_map_caption    =Location of the Tipuani Municipality within Bolivia
<!-- Location ------------------>
|subdivision_type       = Country
|subdivision_name       = [[Image:Flag of Bolivia.svg|25px]] [[Bolivia]]
|subdivision_type1      = [[Departments of Bolivia|Department]]
|subdivision_name1      = [[La Paz Department (Bolivia)|La Paz Department]]
|subdivision_type2      = [[Provinces of Bolivia|Province]]
|subdivision_name2      = [[Larecaja Province]]
<!-- Smaller parts (e.g. boroughs of a city) and seat of government -->
|seat_type              = Seat
|seat                   = [[Tipuani]] 
<!-- Politics ----------------->
|government_footnotes   =
|government_type        = 
|leader_title           = Mayor
|leader_name            = Amadeo Herrera Cerruto (2007)
|leader_title1          =President<!-- for places with, say, both a mayor and a city manager -->
|leader_name1           = Oscar Vera Gonzales (2007)
|leader_title2          = 
|leader_name2           = 
|leader_title3          =
|leader_name3           =
|leader_title4          =
|leader_name4           =
|established_title      = Foundation<!-- Settled -->
|established_date       = 
|established_title2     =  <!-- Incorporated (town) -->
|established_date2      = 
|established_title3     =  <!-- Incorporated (city) -->
|established_date3      =
<!-- Area    --------------------->
|area_magnitude         = 
|unit_pref                =Imperial <!--Enter: Imperial, if Imperial (metric) is desired-->
|area_footnotes           =
|area_total_km2           = 297 <!-- ALL fields dealing with a measurements are subject to automatic unit conversion-->
|area_land_km2            = <!--See table @ Template:Infobox Settlement for details on automatic unit conversion-->
|area_water_km2           =
|area_total_sq_mi         =
|area_land_sq_mi          =
|area_water_sq_mi         =
|area_water_percent       =
|area_urban_km2           =
|area_urban_sq_mi         =
|area_metro_km2           =
|area_metro_sq_mi         =
|area_blank1_title        =
|area_blank1_km2          =
|area_blank1_sq_mi        =
<!-- Population   ----------------------->
|population_as_of               = 2001
|population_footnotes           =
|population_note                =
|population_total               = 9321
|population_density_km2         =
|population_density_sq_mi       =
|population_metro               =
|population_density_metro_km2   =
|population_density_metro_sq_mi =
|population_urban               =
|population_density_urban_km2   =
|population_density_urban_sq_mi =
|population_blank1_title        =Ethnicities
|population_blank1              =
|population_blank2_title        =Religions
|population_blank2              =
|population_density_blank1_km2 =   
|population_density_blank1_sq_mi =
<!-- General information  --------------->
|timezone               = BOT
|utc_offset             = -4
|timezone_DST           = 
|utc_offset_DST         = 
|coordinates            = {{coord|-15.5477|-68.0255|region:BO-L_type:adm3rd|display=inline,title}}
|elevation_footnotes    =  <!--for references: use <ref> </ref> tags-->
|elevation_m            = 1000
|elevation_ft           =
<!-- Area/postal codes & others -------->
|postal_code_type       =  <!-- enter ZIP code, Postcode, Post code, Postal code... -->
|postal_code            =
|area_code              =
|blank_name             =
|blank_info             =
|blank1_name            =
|blank1_info            =
|website                = 
|footnotes              = 
}}",,29,,NA,NA,Municipality,NA,NA,NA,NA,Bolivia,bottom,Location of the Tipuani Municipality within Bolivia,Country,25px Bolivia,Department,La Paz Department,Mayor,Amadeo Herrera Cerruto (2007),Foundation,NA,NA,9321,2001,NA,297,NA,1000,NA,BOT,NA,NA,NA,NA,Tipuani Municipality,NA,NA,NA,NA,250px,NA,NA,NA,NA,NA,NA,NA,NA,NA,NA,NA,NA,NA,NA,NA,NA,NA,Province,Larecaja Province,Seat,Tipuani,NA,NA,President,Oscar Vera Gonzales (2007),NA,NA,NA,NA,NA,NA,NA,NA,NA,NA,NA,Imperial,NA,NA,NA,NA,NA,NA,NA,NA,NA,NA,NA,NA,NA,NA,NA,NA,NA,NA,NA,NA,NA,Ethnicities,NA,Religions,NA,NA,NA,-4,NA,NA,NA,NA,NA,NA,NA,NA,NA,NA,NA,NA,NA,NA,NA,NA,NA,NA,NA,NA,NA,NA,NA,NA,NA,NA,NA,NA,NA,NA,NA,NA,NA,NA,NA,NA,NA,NA,NA,NA,NA,NA,NA,NA,NA,NA,NA
0,Tito Yupanqui Municipality,Category:Municipalities of La Paz Department (Bolivia),24861720,5090,Q1552084,https://en.wikipedia.org/wiki/Tito_Yupanqui_Municipality,5090,0,1,2001,"{{Infobox settlement
<!--See the Table at Infobox Settlement for all fields and descriptions of usage-->
<!-- Basic info  ---------------->
|official_name          = Tito Yupanqui
|other_name             =
|native_name            = Titu Yupanki
|nickname               = 
|settlement_type        = Municipality 
|motto                  =
<!-- images and maps  ----------->
|image_skyline          =
|imagesize              = 
|image_caption          =  
|image_flag             = 
|flag_size              =
|image_seal             = 
|seal_size              =
|image_shield           = 
|shield_size            =
|image_blank_emblem     =
|blank_emblem_type      =
|blank_emblem_size      =
|image_map              = 
|mapsize                = 
|map_caption            = 
|image_map1             = 
|mapsize1               = 
|map_caption1           = 
|image_dot_map          =
|dot_mapsize            =
|dot_map_caption        =
|dot_x =  |dot_y =
|pushpin_map            =Bolivia<!-- the name of a location map as per http://en.wikipedia.org/wiki/Template:Location_map -->
|pushpin_label_position =bottom
|pushpin_map_caption    =Location within Bolivia
<!-- Location ------------------>
|subdivision_type       = Country
|subdivision_name       ={{flag|Bolivia}}
|subdivision_type1      = [[Departments of Bolivia|Department]]
|subdivision_name1      = [[La Paz Department (Bolivia)|La Paz Department]]
|subdivision_type2      = [[Provinces of Bolivia|Province]]
|subdivision_name2      = [[Manco Kapac Province]]
<!-- Smaller parts (e.g. boroughs of a city) and seat of government -->
|seat_type              = Seat
|seat                   = [[Tito Yupanqui, Bolivia|Tito Yupanqui]] 
<!-- Politics ----------------->
|government_footnotes   =
|government_type        = 
|leader_title           = Mayor
|leader_name            = 
|leader_title1          =President<!-- for places with, say, both a mayor and a city manager -->
|leader_name1           =
|leader_title2          = 
|leader_name2           = 
|leader_title3          =
|leader_name3           =
|leader_title4          =
|leader_name4           =
|established_title      = Foundation<!-- Settled -->
|established_date       = 
|established_title2     =  <!-- Incorporated (town) -->
|established_date2      = 
|established_title3     =  <!-- Incorporated (city) -->
|established_date3      =
<!-- Area    --------------------->
|area_magnitude         = 
|unit_pref                =Imperial <!--Enter: Imperial, if Imperial (metric) is desired-->
|area_footnotes           =
|area_total_km2           =<!-- ALL fields dealing with a measurements are subject to automatic unit conversion-->
|area_land_km2            = <!--See table @ Template:Infobox Settlement for details on automatic unit conversion-->
|area_water_km2           =
|area_total_sq_mi         =
|area_land_sq_mi          =
|area_water_sq_mi         =
|area_water_percent       =
|area_urban_km2           =
|area_urban_sq_mi         =
|area_metro_km2           =
|area_metro_sq_mi         =
|area_blank1_title        =
|area_blank1_km2          =
|area_blank1_sq_mi        =
<!-- Population   ----------------------->
|population_as_of               = 2001
|population_footnotes           =
|population_note                =
|population_total               = 
|population_density_km2         =
|population_density_sq_mi       =
|population_metro               =
|population_density_metro_km2   =
|population_density_metro_sq_mi =
|population_urban               =
|population_density_urban_km2   =
|population_density_urban_sq_mi =
|population_blank1_title        =Ethnicities
|population_blank1              =
|population_blank2_title        =Religions
|population_blank2              =
|population_density_blank1_km2 =   
|population_density_blank1_sq_mi =
<!-- General information  --------------->
|timezone               = BOT
|utc_offset             = -4
|timezone_DST           = 
|utc_offset_DST         = 
|coordinates            = {{coord|16|11|S|68|58|W|display=inline}}
|elevation_footnotes    =  <!--for references: use <ref> </ref> tags-->
|elevation_m            =
|elevation_ft           =
<!-- Area/postal codes & others -------->
|postal_code_type       =  <!-- enter ZIP code, Postcode, Post code, Postal code... -->
|postal_code            =
|area_code              =
|blank_name             =
|blank_info             =
|blank1_name            =
|blank1_info            =
|website                = 
|footnotes              = 
}}",,24,,NA,NA,Municipality,NA,NA,NA,NA,Bolivia,bottom,Location within Bolivia,Country,Bolivia,Department,La Paz Department,Mayor,NA,Foundation,NA,NA,NA,2001,NA,NA,NA,NA,NA,BOT,NA,NA,NA,NA,Tito Yupanqui,NA,Titu Yupanki,NA,NA,NA,NA,NA,NA,NA,NA,NA,NA,NA,NA,NA,NA,NA,NA,NA,NA,NA,NA,Province,Manco Kapac Province,Seat,Tito Yupanqui,NA,NA,President,NA,NA,NA,NA,NA,NA,NA,NA,NA,NA,NA,NA,Imperial,NA,NA,NA,NA,NA,NA,NA,NA,NA,NA,NA,NA,NA,NA,NA,NA,NA,NA,NA,NA,NA,Ethnicities,NA,Religions,NA,NA,NA,-4,NA,NA,NA,NA,NA,NA,NA,NA,NA,NA,NA,NA,NA,NA,NA,NA,NA,NA,NA,NA,NA,NA,NA,NA,NA,NA,NA,NA,NA,NA,NA,NA,NA,NA,NA,NA,NA,NA,NA,NA,NA,NA,NA,NA,NA,NA,NA
0,Tiwanaku Municipality,Category:Municipalities of La Paz Department (Bolivia),21294037,8529,Q681960,https://en.wikipedia.org/wiki/Tiwanaku_Municipality,8522,0,3,2001,"{{Infobox settlement
<!--See the Table at Infobox Settlement for all fields and descriptions of usage-->
<!-- Basic info  ---------------->
|official_name          = Tiwanaku Municipality
|other_name             =
|native_name            = 
|nickname               = 
|settlement_type        = Municipality 
|motto                  =
<!-- images and maps  ----------->
|image_skyline          = Tiwanaku Statue Der Moench.jpg
|imagesize              = 250px
|image_caption          = The [[Ponce Monolith]], [[Tiwanaku]], 
|image_flag             = 
|flag_size              =
|image_seal             = 
|seal_size              =
|image_shield           = 
|shield_size            =
|image_blank_emblem     =
|blank_emblem_type      =
|blank_emblem_size      =
|image_map            = Ingavi_Municipios_map.jpg
|mapsize              = 250px
|map_caption           = Location of the municipality within the Ingavi Province 
|image_map1             = 
|mapsize1               = 
|map_caption1           = 
|image_dot_map          =
|dot_mapsize            =
|dot_map_caption        =
|dot_x =  |dot_y =
|pushpin_map            = Bolivia<!-- the name of a location map as per http://en.wikipedia.org/wiki/Template:Location_map -->
|pushpin_label_position =bottom
|pushpin_map_caption    =Location of the Tiwanaku Municipality within Bolivia
<!-- Location ------------------>
|subdivision_type       = Country
|subdivision_name       = [[Image:Flag of Bolivia.svg|25px]] [[Bolivia]]
|subdivision_type1      = [[Departments of Bolivia|Department]]
|subdivision_name1      = [[La Paz Department (Bolivia)|La Paz Department]]
|subdivision_type2      = [[Provinces of Bolivia|Province]]
|subdivision_name2      = [[Ingavi Province]]
<!-- Smaller parts (e.g. boroughs of a city) and seat of government -->
|seat_type              = Seat
|seat                   = [[Tiwanaku]] (village)
<!-- Politics ----------------->
|government_footnotes   =
|government_type        = 
|leader_title           = Mayor
|leader_name            = Eulogia Quispe Cabrera (2008)
|leader_title1          =President<!-- for places with, say, both a mayor and a city manager -->
|leader_name1           = Laureano Coronel Quispe (2008)
|leader_title2          = 
|leader_name2           = 
|leader_title3          =
|leader_name3           =
|leader_title4          =
|leader_name4           =
|established_title      = Foundation<!-- Settled -->
|established_date       = November 22, 1947 
|established_title2     =  <!-- Incorporated (town) -->
|established_date2      = 
|established_title3     =  <!-- Incorporated (city) -->
|established_date3      =
<!-- Area    --------------------->
|area_magnitude         = 
|unit_pref                =Imperial <!--Enter: Imperial, if Imperial (metric) is desired-->
|area_footnotes           =
|area_total_km2           = 347<!-- ALL fields dealing with a measurements are subject to automatic unit conversion-->
|area_land_km2            = <!--See table @ Template:Infobox Settlement for details on automatic unit conversion-->
|area_water_km2           =
|area_total_sq_mi         =
|area_land_sq_mi          =
|area_water_sq_mi         =
|area_water_percent       =
|area_urban_km2           =
|area_urban_sq_mi         =
|area_metro_km2           =
|area_metro_sq_mi         =
|area_blank1_title        =
|area_blank1_km2          =
|area_blank1_sq_mi        =
<!-- Population   ----------------------->
|population_as_of               = 2001
|population_footnotes           =
|population_note                =
|population_total               = 11309
|population_density_km2         =
|population_density_sq_mi       =
|population_metro               =
|population_density_metro_km2   =
|population_density_metro_sq_mi =
|population_urban               =
|population_density_urban_km2   =
|population_density_urban_sq_mi =
|population_blank1_title        =Ethnicities
|population_blank1              =
|population_blank2_title        =Religions
|population_blank2              =
|population_density_blank1_km2 =   
|population_density_blank1_sq_mi =
<!-- General information  --------------->
|timezone               = BOT
|utc_offset             = -4
|timezone_DST           = 
|utc_offset_DST         = 
|coordinates            = {{coord|16|35|0|S|68|40|0|W|region:BO|display=inline,title}}
|elevation_footnotes    =  <!--for references: use <ref> </ref> tags-->
|elevation_m            =3900
|elevation_ft           =
<!-- Area/postal codes & others -------->
|postal_code_type       =  <!-- enter ZIP code, Postcode, Post code, Postal code... -->
|postal_code            =
|area_code              =
|blank_name             =
|blank_info             =
|blank1_name            =
|blank1_info            =
|website                = 
|footnotes              = 
}}",,35,,NA,Tiwanaku Statue Der Moench.jpg,Municipality,NA,NA,Ingavi_Municipios_map.jpg,Location of the municipality within the Ingavi Province,Bolivia,bottom,Location of the Tiwanaku Municipality within Bolivia,Country,25px Bolivia,Department,La Paz Department,Mayor,Eulogia Quispe Cabrera (2008),Foundation,"November 22, 1947",NA,11309,2001,NA,347,NA,3900,NA,BOT,NA,NA,NA,NA,Tiwanaku Municipality,NA,NA,NA,NA,250px,"The Ponce Monolith, Tiwanaku,",NA,NA,NA,NA,NA,NA,NA,250px,NA,NA,NA,NA,NA,NA,NA,NA,Province,Ingavi Province,Seat,Tiwanaku (village),NA,NA,President,Laureano Coronel Quispe (2008),NA,NA,NA,NA,NA,NA,NA,NA,NA,NA,NA,Imperial,NA,NA,NA,NA,NA,NA,NA,NA,NA,NA,NA,NA,NA,NA,NA,NA,NA,NA,NA,NA,NA,Ethnicities,NA,Religions,NA,NA,NA,-4,NA,NA,NA,NA,NA,NA,NA,NA,NA,NA,NA,NA,NA,NA,NA,NA,NA,NA,NA,NA,NA,NA,NA,NA,NA,NA,NA,NA,NA,NA,NA,NA,NA,NA,NA,NA,NA,NA,NA,NA,NA,NA,NA,NA,NA,NA,NA
0,Umala Municipality,Category:Municipalities of La Paz Department (Bolivia),24861722,5051,Q490956,https://en.wikipedia.org/wiki/Umala_Municipality,5049,0,1,2001,"{{Infobox settlement
<!--See the Table at Infobox Settlement for all fields and descriptions of usage-->
<!-- Basic info  ---------------->
|official_name          = Umala Municipality
|other_name             =
|native_name            = 
|nickname               = 
|settlement_type        = Municipality 
|motto                  =
<!-- images and maps  ----------->
|image_skyline          =
|imagesize              = 
|image_caption          =  
|image_flag             = 
|flag_size              =
|image_seal             = 
|seal_size              =
|image_shield           = 
|shield_size            =
|image_blank_emblem     =
|blank_emblem_type      =
|blank_emblem_size      =
|image_map              = 
|mapsize                = 
|map_caption            = 
|image_map1             = 
|mapsize1               = 
|map_caption1           = 
|image_dot_map          =
|dot_mapsize            =
|dot_map_caption        =
|dot_x =  |dot_y =
|pushpin_map            =Bolivia<!-- the name of a location map as per http://en.wikipedia.org/wiki/Template:Location_map -->
|pushpin_label_position =bottom
|pushpin_map_caption    =Location within Bolivia
<!-- Location ------------------>
|subdivision_type       = Country
|subdivision_name       ={{flag|Bolivia}}
|subdivision_type1      = [[Departments of Bolivia|Department]]
|subdivision_name1      = [[La Paz Department (Bolivia)|La Paz Department]]
|subdivision_type2      = [[Provinces of Bolivia|Province]]
|subdivision_name2      = [[Aroma Province]]
<!-- Smaller parts (e.g. boroughs of a city) and seat of government -->
|seat_type              = Seat
|seat                   = [[Umala]] 
<!-- Politics ----------------->
|government_footnotes   =
|government_type        = 
|leader_title           = Mayor
|leader_name            = 
|leader_title1          =President<!-- for places with, say, both a mayor and a city manager -->
|leader_name1           =
|leader_title2          = 
|leader_name2           = 
|leader_title3          =
|leader_name3           =
|leader_title4          =
|leader_name4           =
|established_title      = Foundation<!-- Settled -->
|established_date       = 
|established_title2     =  <!-- Incorporated (town) -->
|established_date2      = 
|established_title3     =  <!-- Incorporated (city) -->
|established_date3      =
<!-- Area    --------------------->
|area_magnitude         = 
|unit_pref                =Imperial <!--Enter: Imperial, if Imperial (metric) is desired-->
|area_footnotes           =
|area_total_km2           =<!-- ALL fields dealing with a measurements are subject to automatic unit conversion-->
|area_land_km2            = <!--See table @ Template:Infobox Settlement for details on automatic unit conversion-->
|area_water_km2           =
|area_total_sq_mi         =
|area_land_sq_mi          =
|area_water_sq_mi         =
|area_water_percent       =
|area_urban_km2           =
|area_urban_sq_mi         =
|area_metro_km2           =
|area_metro_sq_mi         =
|area_blank1_title        =
|area_blank1_km2          =
|area_blank1_sq_mi        =
<!-- Population   ----------------------->
|population_as_of               = 2001
|population_footnotes           =
|population_note                =
|population_total               = 9583
|population_density_km2         =
|population_density_sq_mi       =
|population_metro               =
|population_density_metro_km2   =
|population_density_metro_sq_mi =
|population_urban               =
|population_density_urban_km2   =
|population_density_urban_sq_mi =
|population_blank1_title        =Ethnicities
|population_blank1              =
|population_blank2_title        =Religions
|population_blank2              =
|population_density_blank1_km2 =   
|population_density_blank1_sq_mi =
<!-- General information  --------------->
|timezone               = BOT
|utc_offset             = -4
|timezone_DST           = 
|utc_offset_DST         = 
|coordinates            = {{coord|17|22|S|68|1|W|display=inline}}
|elevation_footnotes    =  <!--for references: use <ref> </ref> tags-->
|elevation_m            =
|elevation_ft           =
<!-- Area/postal codes & others -------->
|postal_code_type       =  <!-- enter ZIP code, Postcode, Post code, Postal code... -->
|postal_code            =
|area_code              =
|blank_name             =
|blank_info             =
|blank1_name            =
|blank1_info            =
|website                = 
|footnotes              = 
}}",,24,,NA,NA,Municipality,NA,NA,NA,NA,Bolivia,bottom,Location within Bolivia,Country,Bolivia,Department,La Paz Department,Mayor,NA,Foundation,NA,NA,9583,2001,NA,NA,NA,NA,NA,BOT,NA,NA,NA,NA,Umala Municipality,NA,NA,NA,NA,NA,NA,NA,NA,NA,NA,NA,NA,NA,NA,NA,NA,NA,NA,NA,NA,NA,NA,Province,Aroma Province,Seat,Umala,NA,NA,President,NA,NA,NA,NA,NA,NA,NA,NA,NA,NA,NA,NA,Imperial,NA,NA,NA,NA,NA,NA,NA,NA,NA,NA,NA,NA,NA,NA,NA,NA,NA,NA,NA,NA,NA,Ethnicities,NA,Religions,NA,NA,NA,-4,NA,NA,NA,NA,NA,NA,NA,NA,NA,NA,NA,NA,NA,NA,NA,NA,NA,NA,NA,NA,NA,NA,NA,NA,NA,NA,NA,NA,NA,NA,NA,NA,NA,NA,NA,NA,NA,NA,NA,NA,NA,NA,NA,NA,NA,NA,NA
0,Umanata Municipality,Category:Municipalities of La Paz Department (Bolivia),33103494,5841,Q1952986,https://en.wikipedia.org/wiki/Umanata_Municipality,5841,0,3,2001,"{{Infobox settlement
<!--See the Table at Infobox Settlement for all fields and descriptions of usage-->
<!-- Basic info  ---------------->
|official_name          = Umanata
|other_name             =
|native_name            = 
|nickname               = 
|settlement_type        = Municipality 
|motto                  =
<!-- images and maps  ----------->
|image_skyline          = Makayani.jpg
|imagesize              = 250px
|image_caption          = [[Suches River]], Umanata
|image_flag             = 
|flag_size              =
|image_seal             = 
|seal_size              =
|image_shield           = 
|shield_size            =
|image_blank_emblem     =
|blank_emblem_type      =
|blank_emblem_size      =
|image_map              = 
|mapsize                = 
|map_caption            = 
|image_map1             = 
|mapsize1               = 
|map_caption1           = 
|image_dot_map          =
|dot_mapsize            =
|dot_map_caption        =
|dot_x =  |dot_y =
|pushpin_map            = Bolivia<!-- the name of a location map as per http://en.wikipedia.org/wiki/Template:Location_map -->
|pushpin_label_position =bottom
|pushpin_map_caption    =Location of the Umanata Municipality within Bolivia
<!-- Location ------------------>
|subdivision_type       = Country
|subdivision_name       = [[Image:Flag of Bolivia.svg|25px]] [[Bolivia]]
|subdivision_type1      = [[Departments of Bolivia|Department]]
|subdivision_name1      = [[La Paz Department (Bolivia)|La Paz Department]]
|subdivision_type2      = [[Provinces of Bolivia|Province]]
|subdivision_name2      = [[Eliodoro Camacho Province]]
<!-- Smaller parts (e.g. boroughs of a city) and seat of government -->
|seat_type              = Seat
|seat                   = [[Umanata]] 
<!-- Politics ----------------->
|government_footnotes   =
|government_type        = 
|leader_title           = 
|leader_name            = 
|leader_title1          =<!-- for places with, say, both a mayor and a city manager -->
|leader_name1           = 
|leader_title2          = 
|leader_name2           = 
|leader_title3          =
|leader_name3           =
|leader_title4          =
|leader_name4           =
|established_title      = Foundation<!-- Settled -->
|established_date       = February 6, 2009
|established_title2     =  <!-- Incorporated (town) -->
|established_date2      = 
|established_title3     =  <!-- Incorporated (city) -->
|established_date3      =
<!-- Area    --------------------->
|area_magnitude         = 
|unit_pref                =Imperial <!--Enter: Imperial, if Imperial (metric) is desired-->
|area_footnotes           =
|area_total_km2           =  <!-- ALL fields dealing with a measurements are subject to automatic unit conversion-->
|area_land_km2            = <!--See table @ Template:Infobox Settlement for details on automatic unit conversion-->
|area_water_km2           =
|area_total_sq_mi         =
|area_land_sq_mi          =
|area_water_sq_mi         =
|area_water_percent       =
|area_urban_km2           =
|area_urban_sq_mi         =
|area_metro_km2           =
|area_metro_sq_mi         =
|area_blank1_title        =
|area_blank1_km2          =
|area_blank1_sq_mi        =
<!-- Population   ----------------------->
|population_as_of               = 2001
|population_footnotes           =
|population_note                =
|population_total               = 6447 	
|population_density_km2         =
|population_density_sq_mi       =
|population_metro               =
|population_density_metro_km2   =
|population_density_metro_sq_mi =
|population_urban               =
|population_density_urban_km2   =
|population_density_urban_sq_mi =
|population_blank1_title        =Ethnicities
|population_blank1              =
|population_blank2_title        =Religions
|population_blank2              =
|population_density_blank1_km2 =   
|population_density_blank1_sq_mi =
<!-- General information  --------------->
|timezone               = BOT
|utc_offset             = -4
|timezone_DST           = 
|utc_offset_DST         = 
|coordinates            = {{coord|15|24|0|S|69|11|0|W|region:BO|display=inline,title}}
|elevation_footnotes    =  <!--for references: use <ref> </ref> tags-->
|elevation_m            =4200
|elevation_ft           =
<!-- Area/postal codes & others -------->
|postal_code_type       =  <!-- enter ZIP code, Postcode, Post code, Postal code... -->
|postal_code            =
|area_code              =
|blank_name             =
|blank_info             =
|blank1_name            =
|blank1_info            =
|website                = 
|footnotes              = 
}}",,27,,NA,Makayani.jpg,Municipality,NA,NA,NA,NA,Bolivia,bottom,Location of the Umanata Municipality within Bolivia,Country,25px Bolivia,Department,La Paz Department,NA,NA,Foundation,"February 6, 2009",NA,6447,2001,NA,NA,NA,4200,NA,BOT,NA,NA,NA,NA,Umanata,NA,NA,NA,NA,250px,"Suches River, Umanata",NA,NA,NA,NA,NA,NA,NA,NA,NA,NA,NA,NA,NA,NA,NA,NA,Province,Eliodoro Camacho Province,Seat,Umanata,NA,NA,NA,NA,NA,NA,NA,NA,NA,NA,NA,NA,NA,NA,NA,Imperial,NA,NA,NA,NA,NA,NA,NA,NA,NA,NA,NA,NA,NA,NA,NA,NA,NA,NA,NA,NA,NA,Ethnicities,NA,Religions,NA,NA,NA,-4,NA,NA,NA,NA,NA,NA,NA,NA,NA,NA,NA,NA,NA,NA,NA,NA,NA,NA,NA,NA,NA,NA,NA,NA,NA,NA,NA,NA,NA,NA,NA,NA,NA,NA,NA,NA,NA,NA,NA,NA,NA,NA,NA,NA,NA,NA,NA
0,Viacha Municipality,Category:Municipalities of La Paz Department (Bolivia),23464101,7199,Q1544198,https://en.wikipedia.org/wiki/Viacha_Municipality,7195,0,4,2001,"{{Infobox settlement
<!--See the Table at Infobox Settlement for all fields and descriptions of usage-->
<!-- Basic info  ---------------->
|official_name          = Viacha
|other_name             =
|native_name            = Wiyacha
|nickname               = 
|settlement_type        = Municipality 
|motto                  =
<!-- images and maps  ----------->
|image_skyline          = 
|imagesize              = 250px
|image_caption          =  
|image_flag             = 
|flag_size              =
|image_seal             = 
|seal_size              =
|image_shield           = 
|shield_size            =
|image_blank_emblem     =
|blank_emblem_type      =
|blank_emblem_size      =
|image_map            = Ingavi_Municipios_map.jpg
|mapsize              = 250px
|map_caption           = Location of the municipality within Ingavi province 
|dot_mapsize            =
|dot_map_caption        =
|dot_x =  |dot_y =
|pushpin_map            = Bolivia<!-- the name of a location map as per http://en.wikipedia.org/wiki/Template:Location_map -->
|pushpin_label_position =bottom
|pushpin_map_caption    =Location of the Viacha Municipality within Bolivia
<!-- Location ------------------>
|subdivision_type       = Country
|subdivision_name       = [[Image:Flag of Bolivia.svg|25px]] [[Bolivia]]
|subdivision_type1      = [[Departments of Bolivia|Department]]
|subdivision_name1      = [[La Paz Department (Bolivia)|La Paz Department]]
|subdivision_type2      = [[Provinces of Bolivia|Province]]
|subdivision_name2      = [[Ingavi Province]]
<!-- Smaller parts (e.g. boroughs of a city) and seat of government -->
|seat_type              = Seat
|seat                   = [[Viacha]] 
<!-- Politics ----------------->
|government_footnotes   =
|government_type        = 
|leader_title           = Mayor
|leader_name            = Arsenio Lamas Chambi (2007)
|leader_title1          =President<!-- for places with, say, both a mayor and a city manager -->
|leader_name1           = Heriberto Quispe Flores (2007)
|leader_title2          = 
|leader_name2           = 
|leader_title3          =
|leader_name3           =
|leader_title4          =
|leader_name4           =
|established_title      = Foundation<!-- Settled -->
|established_date       = 
|established_title2     =  <!-- Incorporated (town) -->
|established_date2      = 
|established_title3     =  <!-- Incorporated (city) -->
|established_date3      =
<!-- Area    --------------------->
|area_magnitude         = 
|unit_pref                =Imperial <!--Enter: Imperial, if Imperial (metric) is desired-->
|area_footnotes           =
|area_total_km2           = 845 <!-- ALL fields dealing with a measurements are subject to automatic unit conversion-->
|area_land_km2            = <!--See table @ Template:Infobox Settlement for details on automatic unit conversion-->
|area_water_km2           =
|area_total_sq_mi         =
|area_land_sq_mi          =
|area_water_sq_mi         =
|area_water_percent       =
|area_urban_km2           =
|area_urban_sq_mi         =
|area_metro_km2           =
|area_metro_sq_mi         =
|area_blank1_title        =
|area_blank1_km2          =
|area_blank1_sq_mi        =
<!-- Population   ----------------------->
|population_as_of               = 2001
|population_footnotes           =
|population_note                =
|population_total               = 46596 
|population_density_km2         =
|population_density_sq_mi       =
|population_metro               =
|population_density_metro_km2   =
|population_density_metro_sq_mi =
|population_urban               =
|population_density_urban_km2   =
|population_density_urban_sq_mi =
|population_blank1_title        =Ethnicities
|population_blank1              =
|population_blank2_title        =Religions
|population_blank2              =
|population_density_blank1_km2 =   
|population_density_blank1_sq_mi =
<!-- General information  --------------->
|timezone               = BOT
|utc_offset             = -4
|timezone_DST           = 
|utc_offset_DST         = 
|coordinates            = {{coord|16|45|0|S|68|20|0|W|region:BO|display=inline,title}}
|elevation_footnotes    =  <!--for references: use <ref> </ref> tags-->
|elevation_m            =3900
|elevation_ft           =
<!-- Area/postal codes & others -------->
|postal_code_type       =  <!-- enter ZIP code, Postcode, Post code, Postal code... -->
|postal_code            =
|area_code              =
|blank_name             =
|blank_info             =
|blank1_name            =
|blank1_info            =
|website                = 
|footnotes              = 
}}",,33,,NA,NA,Municipality,NA,NA,Ingavi_Municipios_map.jpg,Location of the municipality within Ingavi province,Bolivia,bottom,Location of the Viacha Municipality within Bolivia,Country,25px Bolivia,Department,La Paz Department,Mayor,Arsenio Lamas Chambi (2007),Foundation,NA,NA,46596,2001,NA,845,NA,3900,NA,BOT,NA,NA,NA,NA,Viacha,NA,Wiyacha,NA,NA,250px,NA,NA,NA,NA,NA,NA,NA,NA,250px,NA,NA,NA,NA,NA,NA,NA,NA,Province,Ingavi Province,Seat,Viacha,NA,NA,President,Heriberto Quispe Flores (2007),NA,NA,NA,NA,NA,NA,NA,NA,NA,NA,NA,Imperial,NA,NA,NA,NA,NA,NA,NA,NA,NA,NA,NA,NA,NA,NA,NA,NA,NA,NA,NA,NA,NA,Ethnicities,NA,Religions,NA,NA,NA,-4,NA,NA,NA,NA,NA,NA,NA,NA,NA,NA,NA,NA,NA,NA,NA,NA,NA,NA,NA,NA,NA,NA,NA,NA,NA,NA,NA,NA,NA,NA,NA,NA,NA,NA,NA,NA,NA,NA,NA,NA,NA,NA,NA,NA,NA,NA,NA
0,Waldo Ballivián Municipality,Category:Municipalities of La Paz Department (Bolivia),23466686,5435,Q1481997,https://en.wikipedia.org/wiki/Waldo_Ballivián_Municipality,5428,0,1,2001,"{{Infobox settlement
<!--See the Table at Infobox Settlement for all fields and descriptions of usage-->
<!-- Basic info  ---------------->
|official_name          = Waldo Ballivián Municipality
|other_name             =
|native_name            = 
|nickname               = 
|settlement_type        = Municipality 
|motto                  =
<!-- images and maps  ----------->
|image_skyline          = 
|imagesize              = 250px
|image_caption          =  
|image_flag             = 
|flag_size              =
|image_seal             = 
|seal_size              =
|image_shield           = 
|shield_size            =
|image_blank_emblem     =
|blank_emblem_type      =
|blank_emblem_size      =
|image_map              = 
|mapsize                = 
|map_caption            = 
|image_map1             = 
|mapsize1               = 
|map_caption1           = 
|image_dot_map          =
|dot_mapsize            =
|dot_map_caption        =
|dot_x =  |dot_y =
|pushpin_map            = Bolivia<!-- the name of a location map as per http://en.wikipedia.org/wiki/Template:Location_map -->
|pushpin_label_position =bottom
|pushpin_map_caption    =Location of the Waldo Ballivián Municipality within Bolivia
<!-- Location ------------------>
|subdivision_type       = Country
|subdivision_name       = [[Image:Flag of Bolivia.svg|25px]] [[Bolivia]]
|subdivision_type1      = [[Departments of Bolivia|Department]]
|subdivision_name1      = [[La Paz Department (Bolivia)|La Paz Department]]
|subdivision_type2      = [[Provinces of Bolivia|Province]]
|subdivision_name2      = [[Pacajes Province]]
<!-- Smaller parts (e.g. boroughs of a city) and seat of government -->
|seat_type              = Seat
|seat                   = [[Tumarapi]] (or Waldo Ballivián)
<!-- Politics ----------------->
|government_footnotes   =
|government_type        = 
|leader_title           = Mayor
|leader_name            = Jovito Oruño Ortega (2007)
|leader_title1          =President<!-- for places with, say, both a mayor and a city manager -->
|leader_name1           = Walter Eusebio Ortega Mollo (2007)
|leader_title2          = 
|leader_name2           = 
|leader_title3          =
|leader_name3           =
|leader_title4          =
|leader_name4           =
|established_title      = Foundation<!-- Settled -->
|established_date       = 
|established_title2     =  <!-- Incorporated (town) -->
|established_date2      = 
|established_title3     =  <!-- Incorporated (city) -->
|established_date3      =
<!-- Area    --------------------->
|area_magnitude         = 
|unit_pref                =Imperial <!--Enter: Imperial, if Imperial (metric) is desired-->
|area_footnotes           =
|area_total_km2           = 122 <!-- ALL fields dealing with a measurements are subject to automatic unit conversion-->
|area_land_km2            = <!--See table @ Template:Infobox Settlement for details on automatic unit conversion-->
|area_water_km2           =
|area_total_sq_mi         =
|area_land_sq_mi          =
|area_water_sq_mi         =
|area_water_percent       =
|area_urban_km2           =
|area_urban_sq_mi         =
|area_metro_km2           =
|area_metro_sq_mi         =
|area_blank1_title        =
|area_blank1_km2          =
|area_blank1_sq_mi        =
<!-- Population   ----------------------->
|population_as_of               = 2001
|population_footnotes           =
|population_note                =
|population_total               = 1657
|population_density_km2         =
|population_density_sq_mi       =
|population_metro               =
|population_density_metro_km2   =
|population_density_metro_sq_mi =
|population_urban               =
|population_density_urban_km2   =
|population_density_urban_sq_mi =
|population_blank1_title        =Ethnicities
|population_blank1              =
|population_blank2_title        =Religions
|population_blank2              =
|population_density_blank1_km2 =   
|population_density_blank1_sq_mi =
<!-- General information  --------------->
|timezone               = BOT
|utc_offset             = -4
|timezone_DST           = 
|utc_offset_DST         = 
|coordinates            = {{coord|17|5|0|S|68|10|0|W|region:BO|display=inline,title}}
|elevation_footnotes    =  <!--for references: use <ref> </ref> tags-->
|elevation_m            =4000
|elevation_ft           =
<!-- Area/postal codes & others -------->
|postal_code_type       =  <!-- enter ZIP code, Postcode, Post code, Postal code... -->
|postal_code            =
|area_code              =
|blank_name             =
|blank_info             =
|blank1_name            =
|blank1_info            =
|website                = 
|footnotes              = 
}}",,29,,NA,NA,Municipality,NA,NA,NA,NA,Bolivia,bottom,Location of the Waldo Ballivián Municipality within Bolivia,Country,25px Bolivia,Department,La Paz Department,Mayor,Jovito Oruño Ortega (2007),Foundation,NA,NA,1657,2001,NA,122,NA,4000,NA,BOT,NA,NA,NA,NA,Waldo Ballivián Municipality,NA,NA,NA,NA,250px,NA,NA,NA,NA,NA,NA,NA,NA,NA,NA,NA,NA,NA,NA,NA,NA,NA,Province,Pacajes Province,Seat,Tumarapi (or Waldo Ballivián),NA,NA,President,Walter Eusebio Ortega Mollo (2007),NA,NA,NA,NA,NA,NA,NA,NA,NA,NA,NA,Imperial,NA,NA,NA,NA,NA,NA,NA,NA,NA,NA,NA,NA,NA,NA,NA,NA,NA,NA,NA,NA,NA,Ethnicities,NA,Religions,NA,NA,NA,-4,NA,NA,NA,NA,NA,NA,NA,NA,NA,NA,NA,NA,NA,NA,NA,NA,NA,NA,NA,NA,NA,NA,NA,NA,NA,NA,NA,NA,NA,NA,NA,NA,NA,NA,NA,NA,NA,NA,NA,NA,NA,NA,NA,NA,NA,NA,NA
0,Yaco Municipality,Category:Municipalities of La Paz Department (Bolivia),24861724,5177,Q1552018,https://en.wikipedia.org/wiki/Yaco_Municipality,5175,0,1,2001,"{{Infobox settlement
<!--See the Table at Infobox Settlement for all fields and descriptions of usage-->
<!-- Basic info  ---------------->
|official_name          = Yaco Municipality
|other_name             =
|native_name            = 
|nickname               = 
|settlement_type        = Municipality 
|motto                  =
<!-- images and maps  ----------->
|image_skyline          =
|imagesize              = 
|image_caption          =  
|image_flag             = 
|flag_size              =
|image_seal             = 
|seal_size              =
|image_shield           = 
|shield_size            =
|image_blank_emblem     =
|blank_emblem_type      =
|blank_emblem_size      =
|image_map              = 
|mapsize                = 
|map_caption            = 
|image_map1             = 
|mapsize1               = 
|map_caption1           = 
|image_dot_map          =
|dot_mapsize            =
|dot_map_caption        =
|dot_x =  |dot_y =
|pushpin_map            =<!-- the name of a location map as per http://en.wikipedia.org/wiki/Template:Location_map -->
|pushpin_label_position =bottom
|pushpin_map_caption    =Location within Bolivia
<!-- Location ------------------>
|subdivision_type       = Country
|subdivision_name       ={{flag|Bolivia}}
|subdivision_type1      = [[Departments of Bolivia|Department]]
|subdivision_name1      = [[La Paz Department (Bolivia)|La Paz Department]]
|subdivision_type2      = [[Provinces of Bolivia|Province]]
|subdivision_name2      = [[Loayza Province]]
<!-- Smaller parts (e.g. boroughs of a city) and seat of government -->
|seat_type              = Seat
|seat                   = [[Yaco]] 
<!-- Politics ----------------->
|government_footnotes   =
|government_type        = 
|leader_title           = Mayor
|leader_name            = 
|leader_title1          =President<!-- for places with, say, both a mayor and a city manager -->
|leader_name1           =
|leader_title2          = 
|leader_name2           = 
|leader_title3          =
|leader_name3           =
|leader_title4          =
|leader_name4           =
|established_title      = Foundation<!-- Settled -->
|established_date       = 
|established_title2     =  <!-- Incorporated (town) -->
|established_date2      = 
|established_title3     =  <!-- Incorporated (city) -->
|established_date3      =
<!-- Area    --------------------->
|area_magnitude         = 
|unit_pref                =Imperial <!--Enter: Imperial, if Imperial (metric) is desired-->
|area_footnotes           =
|area_total_km2           =<!-- ALL fields dealing with a measurements are subject to automatic unit conversion-->
|area_land_km2            = <!--See table @ Template:Infobox Settlement for details on automatic unit conversion-->
|area_water_km2           =
|area_total_sq_mi         =
|area_land_sq_mi          =
|area_water_sq_mi         =
|area_water_percent       =
|area_urban_km2           =
|area_urban_sq_mi         =
|area_metro_km2           =
|area_metro_sq_mi         =
|area_blank1_title        =
|area_blank1_km2          =
|area_blank1_sq_mi        =
<!-- Population   ----------------------->
|population_as_of               = 2001
|population_footnotes           =
|population_note                =
|population_total               = 
|population_density_km2         =
|population_density_sq_mi       =
|population_metro               =
|population_density_metro_km2   =
|population_density_metro_sq_mi =
|population_urban               =
|population_density_urban_km2   =
|population_density_urban_sq_mi =
|population_blank1_title        =Ethnicities
|population_blank1              =
|population_blank2_title        =Religions
|population_blank2              =
|population_density_blank1_km2 =   
|population_density_blank1_sq_mi =
<!-- General information  --------------->
|timezone               = BOT
|utc_offset             = -4
|timezone_DST           = 
|utc_offset_DST         = 
|coordinates            = 
|elevation_footnotes    =  <!--for references: use <ref> </ref> tags-->
|elevation_m            =
|elevation_ft           =
<!-- Area/postal codes & others -------->
|postal_code_type       =  <!-- enter ZIP code, Postcode, Post code, Postal code... -->
|postal_code            =
|area_code              =
|blank_name             =
|blank_info             =
|blank1_name            =
|blank1_info            =
|website                = 
|footnotes              = 
}}",,21,,NA,NA,Municipality,NA,NA,NA,NA,NA,bottom,Location within Bolivia,Country,Bolivia,Department,La Paz Department,Mayor,NA,Foundation,NA,NA,NA,2001,NA,NA,NA,NA,NA,BOT,NA,NA,NA,NA,Yaco Municipality,NA,NA,NA,NA,NA,NA,NA,NA,NA,NA,NA,NA,NA,NA,NA,NA,NA,NA,NA,NA,NA,NA,Province,Loayza Province,Seat,Yaco,NA,NA,President,NA,NA,NA,NA,NA,NA,NA,NA,NA,NA,NA,NA,Imperial,NA,NA,NA,NA,NA,NA,NA,NA,NA,NA,NA,NA,NA,NA,NA,NA,NA,NA,NA,NA,NA,Ethnicities,NA,Religions,NA,NA,NA,-4,NA,NA,NA,NA,NA,NA,NA,NA,NA,NA,NA,NA,NA,NA,NA,NA,NA,NA,NA,NA,NA,NA,NA,NA,NA,NA,NA,NA,NA,NA,NA,NA,NA,NA,NA,NA,NA,NA,NA,NA,NA,NA,NA,NA,NA,NA,NA
0,Yanacachi Municipality,Category:Municipalities of La Paz Department (Bolivia),24861727,5799,Q284758,https://en.wikipedia.org/wiki/Yanacachi_Municipality,5799,0,2,2001,"{{Infobox settlement
<!--See the Table at Infobox Settlement for all fields and descriptions of usage-->
<!-- Basic info  ---------------->
|official_name          = Yanacachi
|other_name             =
|native_name            = Yana K'achi
|nickname               = 
|settlement_type        = Municipality 
|motto                  =
<!-- images and maps  ----------->
|image_skyline          = La_Paz_Bolivia.jpg
|imagesize              = 
|image_caption          = A view of [[La Paz, Bolivia|La Paz]] with the [[Cordillera Real, Bolivia|Cordillera Real]] in the background. [[Jathi Qullu]] of the Yanacachi Municipality lies in the sector shown in the upper left part of this image. 
|image_flag             = 
|flag_size              =
|image_seal             = 
|seal_size              =
|image_shield           = 
|shield_size            =
|image_blank_emblem     =
|blank_emblem_type      =
|blank_emblem_size      =
|image_map              = 
|mapsize                = 
|map_caption            = 
|image_map1             = 
|mapsize1               = 
|map_caption1           = 
|image_dot_map          =
|dot_mapsize            =
|dot_map_caption        =
|dot_x =  |dot_y =
|pushpin_map            =Bolivia<!-- the name of a location map as per http://en.wikipedia.org/wiki/Template:Location_map -->
|pushpin_label_position =bottom
|pushpin_map_caption    =Location within Bolivia
<!-- Location ------------------>
|subdivision_type       = Country
|subdivision_name       ={{flag|Bolivia}}
|subdivision_type1      = [[Departments of Bolivia|Department]]
|subdivision_name1      = [[La Paz Department (Bolivia)|La Paz Department]]
|subdivision_type2      = [[Provinces of Bolivia|Province]]
|subdivision_name2      = [[Sud Yungas Province]]
<!-- Smaller parts (e.g. boroughs of a city) and seat of government -->
|seat_type              = Seat
|seat                   = [[Yanacachi]]
<!-- Politics ----------------->
|government_footnotes   =
|government_type        = 
|leader_title           = Mayor
|leader_name            = 
|leader_title1          =President<!-- for places with, say, both a mayor and a city manager -->
|leader_name1           =
|leader_title2          = 
|leader_name2           = 
|leader_title3          =
|leader_name3           =
|leader_title4          =
|leader_name4           =
|established_title      = Foundation<!-- Settled -->
|established_date       = 
|established_title2     =  <!-- Incorporated (town) -->
|established_date2      = 
|established_title3     =  <!-- Incorporated (city) -->
|established_date3      =
<!-- Area    --------------------->
|area_magnitude         = 
|unit_pref                =Imperial <!--Enter: Imperial, if Imperial (metric) is desired-->
|area_footnotes           =
|area_total_km2           =<!-- ALL fields dealing with a measurements are subject to automatic unit conversion-->
|area_land_km2            = <!--See table @ Template:Infobox Settlement for details on automatic unit conversion-->
|area_water_km2           =
|area_total_sq_mi         =
|area_land_sq_mi          =
|area_water_sq_mi         =
|area_water_percent       =
|area_urban_km2           =
|area_urban_sq_mi         =
|area_metro_km2           =
|area_metro_sq_mi         =
|area_blank1_title        =
|area_blank1_km2          =
|area_blank1_sq_mi        =
<!-- Population   ----------------------->
|population_as_of               = 2001
|population_footnotes           =
|population_note                =
|population_total               = 
|population_density_km2         =
|population_density_sq_mi       =
|population_metro               =
|population_density_metro_km2   =
|population_density_metro_sq_mi =
|population_urban               =
|population_density_urban_km2   =
|population_density_urban_sq_mi =
|population_blank1_title        =Ethnicities
|population_blank1              =
|population_blank2_title        =Religions
|population_blank2              =
|population_density_blank1_km2 =   
|population_density_blank1_sq_mi =
<!-- General information  --------------->
|timezone               = BOT
|utc_offset             = -4
|timezone_DST           = 
|utc_offset_DST         = 
|coordinates            = {{coord|16|27|S|67|47|W|display=inline}}
|elevation_footnotes    =  <!--for references: use <ref> </ref> tags-->
|elevation_m            =
|elevation_ft           =
<!-- Area/postal codes & others -------->
|postal_code_type       =  <!-- enter ZIP code, Postcode, Post code, Postal code... -->
|postal_code            =
|area_code              =
|blank_name             =
|blank_info             =
|blank1_name            =
|blank1_info            =
|website                = 
|footnotes              = 
}}",,26,,NA,La_Paz_Bolivia.jpg,Municipality,NA,NA,NA,NA,Bolivia,bottom,Location within Bolivia,Country,Bolivia,Department,La Paz Department,Mayor,NA,Foundation,NA,NA,NA,2001,NA,NA,NA,NA,NA,BOT,NA,NA,NA,NA,Yanacachi,NA,Yana K'achi,NA,NA,NA,A view of La Paz with the Cordillera Real in the background. Jathi Qullu of the Yanacachi Municipality lies in the sector shown in the upper left part of this image.,NA,NA,NA,NA,NA,NA,NA,NA,NA,NA,NA,NA,NA,NA,NA,NA,Province,Sud Yungas Province,Seat,Yanacachi,NA,NA,President,NA,NA,NA,NA,NA,NA,NA,NA,NA,NA,NA,NA,Imperial,NA,NA,NA,NA,NA,NA,NA,NA,NA,NA,NA,NA,NA,NA,NA,NA,NA,NA,NA,NA,NA,Ethnicities,NA,Religions,NA,NA,NA,-4,NA,NA,NA,NA,NA,NA,NA,NA,NA,NA,NA,NA,NA,NA,NA,NA,NA,NA,NA,NA,NA,NA,NA,NA,NA,NA,NA,NA,NA,NA,NA,NA,NA,NA,NA,NA,NA,NA,NA,NA,NA,NA,NA,NA,NA,NA,NA
0,Coipasa Municipality,Category:Municipalities of Oruro Department,74084247,4389,Q647739,https://en.wikipedia.org/wiki/Coipasa_Municipality,4386,4,4,2020,"{{Infobox place
| name               = Coipasa
| image_skyline = Villa_Vitalina_ruins1.JPG
| settlement_type    = [[Municipalities of Bolivia|Municipality]]
| pushpin_map        = Bolivia
| coordinates        = {{coord|19|16|37|S|68|16|43|W|region:BO|format=dms|display=inline,title}}
| subdivision_type   = [[List of sovereign states|Country]]
| subdivision_name   = {{flag|Bolivia}}
| subdivision_type1  = [[Departments of Bolivia|Department]]
| subdivision_type2  = [[Provinces of Bolivia|Province]]
| subdivision_name1  = [[Oruro Department|Oruro]]
| subdivision_name2  = [[Sabaya Province|Sabaya]]
| leader_title       = Mayor
| leader_name        = Romulo Perez Rojas
| area_total_km2     = 204.2
| elevation_m        = 3709
| population_total   = 951
| population_as_of   = 2020
| population_density_km2 = auto
| timezone1          = [[UTC−04:00|BOT]]
| utc_offset         = -4
}}",,20,,Coipasa,Villa_Vitalina_ruins1.JPG,Municipality,NA,NA,NA,NA,Bolivia,NA,NA,Country,Bolivia,Department,Oruro,Mayor,Romulo Perez Rojas,NA,NA,NA,951,2020,NA,204.2,NA,3709,NA,NA,NA,NA,NA,NA,NA,NA,NA,NA,NA,NA,NA,NA,NA,NA,NA,NA,NA,NA,NA,NA,NA,NA,NA,NA,NA,NA,NA,Province,Sabaya,NA,NA,NA,NA,NA,NA,NA,NA,NA,NA,NA,NA,NA,NA,NA,NA,NA,NA,NA,NA,NA,NA,NA,NA,NA,NA,NA,NA,NA,NA,NA,NA,auto,NA,NA,NA,NA,NA,NA,NA,NA,NA,NA,NA,NA,-4,NA,NA,NA,NA,NA,NA,NA,NA,NA,NA,NA,NA,NA,NA,NA,BOT,NA,NA,NA,NA,NA,NA,NA,NA,NA,NA,NA,NA,NA,NA,NA,NA,NA,NA,NA,NA,NA,NA,NA,NA,NA,NA,NA,NA,NA,NA,NA
0,Pazña Municipality,Category:Municipalities of Oruro Department,31730285,8616,Q528661,https://en.wikipedia.org/wiki/Pazña_Municipality,8591,2,7,2011,"{{Infobox settlement
<!--See the Table at Infobox Settlement for all fields and descriptions of usage-->
<!-- Basic info  ---------------->
|official_name          = Pazña Municipality
|other_name             =
|native_name            = Pasña
|nickname               = 
|settlement_type        = Municipality 
|motto                  =
<!-- images and maps  ----------->
|image_skyline          = 
|imagesize              = 
|image_caption          = 
|image_flag             = 
|flag_size              =
|image_seal             = 
|seal_size              =
|image_shield           = 
|shield_size            =
|image_blank_emblem     =
|blank_emblem_type      =
|blank_emblem_size      =
|image_map              = 
|mapsize                = 
|map_caption            = 
|image_map1             = 
|mapsize1               = 
|map_caption1           = 
|image_dot_map          =
|dot_mapsize            =
|dot_map_caption        =
|dot_x =  |dot_y =
|pushpin_map            = Bolivia<!-- the name of a location map as per http://en.wikipedia.org/wiki/Template:Location_map -->
|pushpin_label_position =bottom
|pushpin_map_caption    =Location of the Pazña Municipality within Bolivia
<!-- Location ------------------>
|subdivision_type       = Country
|subdivision_name       = [[Image:Flag of Bolivia.svg|25px]] [[Bolivia]]
|subdivision_type1      = [[Departments of Bolivia|Department]]
|subdivision_name1      = [[Oruro Department]]
|subdivision_type2      = [[Provinces of Bolivia|Province]]
|subdivision_name2      = [[Poopó Province]]
|subdivision_type4      = [[Cantons of Bolivia|Cantons]]
|subdivision_name4      = 5: Pazña, Totoral, Peñas, Avicaya, and Urmiri
<!-- Smaller parts (e.g. boroughs of a city) and seat of government -->
|seat_type              = Seat
|seat                   = [[Pazña]]
<!-- Politics ----------------->
|government_footnotes   =
|government_type        = 
|leader_title           = Mayor (interim)
|leader_name            = Gualberto Abad Olmos Leaños (2010)
|leader_title1          = Council President<!-- for places with, say, both a mayor and a city manager -->
|leader_name1           = Martin Sabino Quispe Alarcón (2010)
|leader_title2          = 
|leader_name2           = 
|leader_title3          =
|leader_name3           =
|leader_title4          =
|leader_name4           =
|established_title      =  <!-- Settled -->
|established_date       = 
|established_title2     =  Incorporated (vice-canton)<!-- Incorporated (town) -->
|established_date2      = 1904
|established_title3     =  Incorporated (municipality) -->
|established_date3      = 6 January 1961
<!-- Area    --------------------->
|area_magnitude         = 
|unit_pref                =Imperial <!--Enter: Imperial, if Imperial (metric) is desired-->
|area_footnotes           =
|area_total_km2           = <!-- ALL fields dealing with a measurements are subject to automatic unit conversion-->
|area_land_km2            = <!--See table @ Template:Infobox Settlement for details on automatic unit conversion-->
|area_water_km2           =
|area_total_sq_mi         =
|area_land_sq_mi          =
|area_water_sq_mi         =
|area_water_percent       =
|area_urban_km2           =
|area_urban_sq_mi         =
|area_metro_km2           =
|area_metro_sq_mi         =
|area_blank1_title        =
|area_blank1_km2          =
|area_blank1_sq_mi        =
<!-- Population   ----------------------->
|population_as_of               = 2011
|population_footnotes           =
|population_note                =
|population_total               = ~7,000
|population_density_km2         =
|population_density_sq_mi       =
|population_metro               =
|population_density_metro_km2   =
|population_density_metro_sq_mi =
|population_urban               =
|population_density_urban_km2   =
|population_density_urban_sq_mi =
|population_blank1_title        =Ethnicities
|population_blank1              =Quechua (Tapacarí and Cóndor Apacheta ayllus), Urus
|population_blank2_title        =Religions
|population_blank2              =
|population_density_blank1_km2 =   
|population_density_blank1_sq_mi =
<!-- General information  --------------->
|timezone               = BOT
|utc_offset             = -4
|timezone_DST           = 
|utc_offset_DST         = 
|coordinates            = {{coord|18|30|S|66|53|W|region:BO|display=inline,title}}
|elevation_footnotes    =  <!--for references: use <ref> </ref> tags-->
|elevation_m            =
|elevation_ft           =
<!-- Area/postal codes & others -------->
|postal_code_type       =  <!-- enter ZIP code, Postcode, Post code, Postal code... -->
|postal_code            =
|area_code              =
|blank_name             =
|blank_info             =
|blank1_name            =
|blank1_info            =
|website                = 
|footnotes              = 
}}",,33,,NA,NA,Municipality,NA,NA,NA,NA,Bolivia,bottom,Location of the Pazña Municipality within Bolivia,Country,25px Bolivia,Department,Oruro Department,Mayor (interim),Gualberto Abad Olmos Leaños (2010),NA,NA,NA,"~7,000",2011,NA,NA,NA,NA,NA,BOT,NA,NA,NA,NA,Pazña Municipality,NA,Pasña,NA,NA,NA,NA,NA,NA,NA,NA,NA,NA,NA,NA,NA,NA,NA,NA,NA,NA,NA,NA,Province,Poopó Province,Seat,Pazña,NA,NA,Council President,Martin Sabino Quispe Alarcón (2010),NA,NA,NA,NA,NA,NA,Incorporated (vice-canton),1904,Incorporated (municipality) -->,6 January 1961,NA,Imperial,NA,NA,NA,NA,NA,NA,NA,NA,NA,NA,NA,NA,NA,NA,NA,NA,NA,NA,NA,NA,NA,Ethnicities,"Quechua (Tapacarí and Cóndor Apacheta ayllus), Urus",Religions,NA,NA,NA,-4,NA,NA,NA,NA,NA,NA,NA,NA,NA,NA,NA,NA,NA,NA,NA,NA,NA,Cantons,"5: Pazña, Totoral, Peñas, Avicaya, and Urmiri",NA,NA,NA,NA,NA,NA,NA,NA,NA,NA,NA,NA,NA,NA,NA,NA,NA,NA,NA,NA,NA,NA,NA,NA,NA,NA,NA,NA
0,Poopó Municipality,Category:Municipalities of Oruro Department,20761576,7339,Q1520813,https://en.wikipedia.org/wiki/Poopó_Municipality,7308,1,5,2001,"{{Infobox settlement
<!--See the Table at Infobox Settlement for all fields and descriptions of usage-->
<!-- Basic info  ---------------->
|name          = Poopó Municipality, Bolivia
|other_name             =
|native_name            = 
|nickname               = 
|settlement_type        = Municipality 
|motto                  =
<!-- images and maps  ----------->
|image_skyline          = Fishing boat Lake Poopo.jpg
|imagesize              = 250px
|image_caption          = This is a view of [[Lake Poopó]] taken from the south eastern shore near the village of Llapallapani.
|image_flag             = 
|flag_size              =
|image_seal             = 
|seal_size              =
|image_shield           = 
|shield_size            =
|image_blank_emblem     =
|blank_emblem_type      =
|blank_emblem_size      =
|image_map              = 
|mapsize                = 
|map_caption            = 
|image_map1             = 
|mapsize1               = 
|map_caption1           = 
|image_dot_map          =
|dot_mapsize            =
|dot_map_caption        =
|dot_x =  |dot_y =
|pushpin_map            = Bolivia<!-- the name of a location map as per http://en.wikipedia.org/wiki/Template:Location_map -->
|pushpin_label_position =bottom
|pushpin_map_caption    =Location of the Poopó Municipality within Bolivia
<!-- Location ------------------>
|subdivision_type       = [[List of sovereign states|Country]]
|subdivision_name       = Bolivia
|subdivision_type1      = [[Departments of Bolivia|Department]]
|subdivision_name1      = [[Oruro Department]]
|subdivision_type2      = [[Provinces of Bolivia|Province]]
|subdivision_name2      = [[Poopó Province]]
|subdivision_type4      = [[Cantons of Bolivia|Cantons]]
|subdivision_name4      = 3
<!-- Smaller parts (e.g. boroughs of a city) and seat of government -->
|seat_type              = Seat
|seat                   = Poopó
<!-- Politics ----------------->
|government_footnotes   =
|government_type        = 
|leader_title           = Mayor
|leader_name            = Nicanor Lopez Choque (2008)
|leader_title1          =President<!-- for places with, say, both a mayor and a city manager -->
|leader_name1           = Jorge Choque Bautista (2008) 
|leader_title2          = 
|leader_name2           = 
|leader_title3          =
|leader_name3           =
|leader_title4          =
|leader_name4           =
|established_title      =  <!-- Settled -->
|established_date       = 
|established_title2     =  <!-- Incorporated (town) -->
|established_date2      = 
|established_title3     =  <!-- Incorporated (city) -->
|established_date3      =
<!-- Area    --------------------->
|area_magnitude         = 
|unit_pref                =Imperial <!--Enter: Imperial, if Imperial (metric) is desired-->
|area_footnotes           =
|area_total_km2           =697 <!-- ALL fields dealing with a measurements are subject to automatic unit conversion-->
|area_land_km2            = <!--See table @ Template:Infobox Settlement for details on automatic unit conversion-->
|area_water_km2           =
|area_total_sq_mi         =
|area_land_sq_mi          =
|area_water_sq_mi         =
|area_water_percent       =
|area_urban_km2           =
|area_urban_sq_mi         =
|area_metro_km2           =
|area_metro_sq_mi         =
|area_blank1_title        =
|area_blank1_km2          =
|area_blank1_sq_mi        =
<!-- Population   ----------------------->
|population_as_of               = 2001
|population_footnotes           =
|population_note                =
|population_total               = 6163
|population_density_km2         =
|population_density_sq_mi       =
|population_metro               =
|population_density_metro_km2   =
|population_density_metro_sq_mi =
|population_urban               =
|population_density_urban_km2   =
|population_density_urban_sq_mi =
|population_blank1_title        =Ethnicities
|population_blank1              =
|population_blank2_title        =Religions
|population_blank2              =
|population_density_blank1_km2 =   
|population_density_blank1_sq_mi =
<!-- General information  --------------->
|timezone               = BOT
|utc_offset             = -4
|timezone_DST           = 
|utc_offset_DST         = 
|coordinates            = {{coord|18|20|0|S|66|35|0|W|region:BO|display=inline,title}}
|elevation_footnotes    =  <!--for references: use <ref> </ref> tags-->
|elevation_m            =3700
|elevation_ft           =
<!-- Area/postal codes & others -------->
|postal_code_type       =  <!-- enter ZIP code, Postcode, Post code, Postal code... -->
|postal_code            =
|area_code              =
|blank_name             =
|blank_info             =
|blank1_name            =
|blank1_info            =
|website                = 
|footnotes              = 
}}",,32,,"Poopó Municipality, Bolivia",Fishing boat Lake Poopo.jpg,Municipality,NA,NA,NA,NA,Bolivia,bottom,Location of the Poopó Municipality within Bolivia,Country,Bolivia,Department,Oruro Department,Mayor,Nicanor Lopez Choque (2008),NA,NA,NA,6163,2001,NA,697,NA,3700,NA,BOT,NA,NA,NA,NA,NA,NA,NA,NA,NA,250px,This is a view of Lake Poopó taken from the south eastern shore near the village of Llapallapani.,NA,NA,NA,NA,NA,NA,NA,NA,NA,NA,NA,NA,NA,NA,NA,NA,Province,Poopó Province,Seat,Poopó,NA,NA,President,Jorge Choque Bautista (2008),NA,NA,NA,NA,NA,NA,NA,NA,NA,NA,NA,Imperial,NA,NA,NA,NA,NA,NA,NA,NA,NA,NA,NA,NA,NA,NA,NA,NA,NA,NA,NA,NA,NA,Ethnicities,NA,Religions,NA,NA,NA,-4,NA,NA,NA,NA,NA,NA,NA,NA,NA,NA,NA,NA,NA,NA,NA,NA,NA,Cantons,3,NA,NA,NA,NA,NA,NA,NA,NA,NA,NA,NA,NA,NA,NA,NA,NA,NA,NA,NA,NA,NA,NA,NA,NA,NA,NA,NA,NA
0,Turco Municipality,Category:Municipalities of Oruro Department,13895532,16197,Q796998,https://en.wikipedia.org/wiki/Turco_Municipality,16129,2,21,2001,"{{Infobox settlement
<!--See the Table at Infobox Settlement for all fields and descriptions of usage-->
<!-- Basic info  ---------------->
|official_name          = Turco Municipality
|other_name             =
|native_name            = Turku
|nickname               =
|settlement_type        = Municipality
|motto                  =
<!-- images and maps  ----------->
|image_skyline          = Suri 1.JPG
|imagesize              = 250px
|image_caption          = [[Darwin's rhea]] ''(Rhea pennata garleppi)'' photographed at the Tika Uta ranch, Turco Municipality
|image_flag             =
|flag_size              =
|image_seal             =
|seal_size              =
|image_shield           =
|shield_size            =
|image_blank_emblem     =
|blank_emblem_type      =
|blank_emblem_size      =
|image_map              =
|mapsize                =
|map_caption            =
|image_map1             =
|mapsize1               =
|map_caption1           =
|image_dot_map          =
|dot_mapsize            =
|dot_map_caption        =
|dot_x =  |dot_y =
|pushpin_map            = Bolivia<!-- the name of a location map as per http://en.wikipedia.org/wiki/Template:Location_map -->
|pushpin_label_position =bottom
|pushpin_map_caption    =Location of the Turco Municipality within Bolivia
<!-- Location ------------------>
|subdivision_type       = Country
|subdivision_name       = [[Image:Flag of Bolivia.svg|25px]] [[Bolivia]]
|subdivision_type1      = [[Departments of Bolivia|Department]]
|subdivision_name1      = [[Oruro Department]]
|subdivision_type2      = [[Provinces of Bolivia|Province]]
|subdivision_name2      = [[Sajama Province]]
|subdivision_type4      = [[Cantons of Bolivia|Cantons]]
|subdivision_name4      = 4
<!-- Smaller parts (e.g. boroughs of a city) and seat of government -->
|seat_type              = Seat
|seat                   = [[Turco, Bolivia|Turco]]
<!-- Politics ----------------->
|government_footnotes   =
|government_type        =
|leader_title           =
|leader_name            =
|leader_title1          =
|leader_name1           =
|leader_title2          =
|leader_name2           =
|leader_title3          =
|leader_name3           =
|leader_title4          =
|leader_name4           =
|established_title      = Created
|established_date       = February 15, 1957
|established_title2     =  <!-- Incorporated (town) -->
|established_date2      =
|established_title3     =  <!-- Incorporated (city) -->
|established_date3      =
<!-- Area    --------------------->
|area_magnitude         =
|unit_pref                =Imperial <!--Enter: Imperial, if Imperial (metric) is desired-->
|area_footnotes           =
|area_total_km2           =3973 <!-- ALL fields dealing with a measurements are subject to automatic unit conversion-->
|area_land_km2            = <!--See table @ Template:Infobox Settlement for details on automatic unit conversion-->
|area_water_km2           =
|area_total_sq_mi         =
|area_land_sq_mi          =
|area_water_sq_mi         =
|area_water_percent       =
|area_urban_km2           =
|area_urban_sq_mi         =
|area_metro_km2           =
|area_metro_sq_mi         =
|area_blank1_title        =
|area_blank1_km2          =
|area_blank1_sq_mi        =
<!-- Population   ----------------------->
|population_as_of               = 2001
|population_footnotes           =
|population_note                =
|population_total               = 4160
|population_density_km2         =
|population_density_sq_mi       =
|population_metro               =
|population_density_metro_km2   =
|population_density_metro_sq_mi =
|population_urban               =
|population_density_urban_km2   =
|population_density_urban_sq_mi =
|population_blank1_title        =Ethnicities
|population_blank1              =[[Aymara people|Aymara]]
|population_blank2_title        =Religions
|population_blank2              =
|population_density_blank1_km2 =
|population_density_blank1_sq_mi =
<!-- General information  --------------->
|timezone               =
|utc_offset             =
|timezone_DST           =
|utc_offset_DST         =
|coordinates            = {{coord|18|10|S|68|11|W|region:BO|display=inline,title}}
|elevation_footnotes    =  <!--for references: use <ref> </ref> tags-->
|elevation_m            =3860
|elevation_ft           =
<!-- Area/postal codes & others -------->
|postal_code_type       =  <!-- enter ZIP code, Postcode, Post code, Postal code... -->
|postal_code            =
|area_code              =
|blank_name             =
|blank_info             =
|blank1_name            =
|blank1_info            =
|website                =
|footnotes              =
}}",,30,,NA,Suri 1.JPG,Municipality,NA,NA,NA,NA,Bolivia,bottom,Location of the Turco Municipality within Bolivia,Country,25px Bolivia,Department,Oruro Department,NA,NA,Created,"February 15, 1957",NA,4160,2001,NA,3973,NA,3860,NA,NA,NA,NA,NA,NA,Turco Municipality,NA,Turku,NA,NA,250px,"Darwin's rhea ''(Rhea pennata garleppi)'' photographed at the Tika Uta ranch, Turco Municipality",NA,NA,NA,NA,NA,NA,NA,NA,NA,NA,NA,NA,NA,NA,NA,NA,Province,Sajama Province,Seat,Turco,NA,NA,NA,NA,NA,NA,NA,NA,NA,NA,NA,NA,NA,NA,NA,Imperial,NA,NA,NA,NA,NA,NA,NA,NA,NA,NA,NA,NA,NA,NA,NA,NA,NA,NA,NA,NA,NA,Ethnicities,Aymara,Religions,NA,NA,NA,NA,NA,NA,NA,NA,NA,NA,NA,NA,NA,NA,NA,NA,NA,NA,NA,NA,NA,Cantons,4,NA,NA,NA,NA,NA,NA,NA,NA,NA,NA,NA,NA,NA,NA,NA,NA,NA,NA,NA,NA,NA,NA,NA,NA,NA,NA,NA,NA
0,Porvenir Municipality,Category:Municipalities of Pando Department,25934499,5263,Q1953096,https://en.wikipedia.org/wiki/Porvenir_Municipality,5224,0,1,2001,"{{Infobox settlement
<!--See the Table at Infobox Settlement for all fields and descriptions of usage-->
<!-- Basic info  ---------------->
|official_name          = Porvenir Municipality
|other_name             =
|native_name            = 
|nickname               = 
|settlement_type        = Municipality 
|motto                  =
<!-- images and maps  ----------->
|image_skyline          =
|imagesize              = 
|image_caption          =  
|image_flag             = 
|flag_size              =
|image_seal             = 
|seal_size              =
|image_shield           = 
|shield_size            =
|image_blank_emblem     =
|blank_emblem_type      =
|blank_emblem_size      =
|image_map              =Porvenir Municipio map.png
|mapsize                =
|map_caption            =Location within Pando Department
|image_map1             = 
|mapsize1               = 
|map_caption1           = 
|image_dot_map          =
|dot_mapsize            =
|dot_map_caption        =
|dot_x =  |dot_y =
|pushpin_map            =Bolivia<!-- the name of a location map as per http://en.wikipedia.org/wiki/Template:Location_map -->
|pushpin_label_position =bottom
|pushpin_map_caption    =Location within Bolivia
<!-- Location ------------------>
|subdivision_type       = Country
|subdivision_name       ={{flag|Bolivia}}
|subdivision_type1      = [[Departments of Bolivia|Department]]
|subdivision_name1      = [[Pando Department]]
|subdivision_type2      = [[Provinces of Bolivia|Province]]
|subdivision_name2      = [[Nicolás Suárez Province]]
<!-- Smaller parts (e.g. boroughs of a city) and seat of government -->
|seat_type              =
|seat                   =
<!-- Politics ----------------->
|government_footnotes   =
|government_type        = 
|leader_title           = Mayor
|leader_name            = 
|leader_title1          =President<!-- for places with, say, both a mayor and a city manager -->
|leader_name1           =
|leader_title2          = 
|leader_name2           = 
|leader_title3          =
|leader_name3           =
|leader_title4          =
|leader_name4           =
|established_title      = Foundation<!-- Settled -->
|established_date       = 
|established_title2     =  <!-- Incorporated (town) -->
|established_date2      = 
|established_title3     =  <!-- Incorporated (city) -->
|established_date3      =
<!-- Area    --------------------->
|area_magnitude         = 
|unit_pref                =Imperial <!--Enter: Imperial, if Imperial (metric) is desired-->
|area_footnotes           =
|area_total_km2           =<!-- ALL fields dealing with a measurements are subject to automatic unit conversion-->
|area_land_km2            = <!--See table @ Template:Infobox Settlement for details on automatic unit conversion-->
|area_water_km2           =
|area_total_sq_mi         =
|area_land_sq_mi          =
|area_water_sq_mi         =
|area_water_percent       =
|area_urban_km2           =
|area_urban_sq_mi         =
|area_metro_km2           =
|area_metro_sq_mi         =
|area_blank1_title        =
|area_blank1_km2          =
|area_blank1_sq_mi        =
<!-- Population   ----------------------->
|population_as_of               = 2001
|population_footnotes           = [https://web.archive.org/web/20100126232637/http://www.ine.gov.bo/indice/indice.aspx?d1=0301&d2=6 Instituto Nacional de Estadística]
|population_note                =
|population_total               = 3,713
|population_density_km2         =
|population_density_sq_mi       =
|population_metro               =
|population_density_metro_km2   =
|population_density_metro_sq_mi =
|population_urban               =
|population_density_urban_km2   =
|population_density_urban_sq_mi =
|population_blank1_title        =Ethnicities
|population_blank1              =
|population_blank2_title        =Religions
|population_blank2              =
|population_density_blank1_km2 =   
|population_density_blank1_sq_mi =
<!-- General information  --------------->
|timezone               =-4
|utc_offset             = -4
|timezone_DST           = 
|utc_offset_DST         = 
|coordinates            = {{coord|11|14|S|68|41|W|display=inline}}
|elevation_footnotes    =  <!--for references: use <ref> </ref> tags-->
|elevation_m            =222
|elevation_ft           =
<!-- Area/postal codes & others -------->
|postal_code_type       =  <!-- enter ZIP code, Postcode, Post code, Postal code... -->
|postal_code            =
|area_code              =
|blank_name             =
|blank_info             =
|blank1_name            =
|blank1_info            =
|website                = 
|footnotes              = 
}}",,26,,NA,NA,Municipality,NA,NA,Porvenir Municipio map.png,Location within Pando Department,Bolivia,bottom,Location within Bolivia,Country,Bolivia,Department,Pando Department,Mayor,NA,Foundation,NA,NA,"3,713",2001,Instituto Nacional de Estadística,NA,NA,222,NA,-4,NA,NA,NA,NA,Porvenir Municipality,NA,NA,NA,NA,NA,NA,NA,NA,NA,NA,NA,NA,NA,NA,NA,NA,NA,NA,NA,NA,NA,NA,Province,Nicolás Suárez Province,NA,NA,NA,NA,President,NA,NA,NA,NA,NA,NA,NA,NA,NA,NA,NA,NA,Imperial,NA,NA,NA,NA,NA,NA,NA,NA,NA,NA,NA,NA,NA,NA,NA,NA,NA,NA,NA,NA,NA,Ethnicities,NA,Religions,NA,NA,NA,-4,NA,NA,NA,NA,NA,NA,NA,NA,NA,NA,NA,NA,NA,NA,NA,NA,NA,NA,NA,NA,NA,NA,NA,NA,NA,NA,NA,NA,NA,NA,NA,NA,NA,NA,NA,NA,NA,NA,NA,NA,NA,NA,NA,NA,NA,NA,NA
0,Atocha Municipality,Category:Municipalities of Potosí Department,32217839,8489,Q1477927,https://en.wikipedia.org/wiki/Atocha_Municipality,8471,0,4,2001,"{{Infobox settlement
<!--See the Table at Infobox Settlement for all fields and descriptions of usage-->
<!-- Basic info  ---------------->
|official_name          = Atocha Municipality
|other_name             =
|native_name            =
|nickname               =
|settlement_type        = Municipality
|motto                  =
<!-- images and maps  ----------->
|image_skyline          =Vista Panoramica Atocha.jpg
|imagesize              =
|image_caption          = Atocha 
|image_flag             = Colores bandera Atocheña.jpg
|flag_size              = 100px
|image_seal             =
|seal_size              =
|image_shield           =
|shield_size            =
|image_blank_emblem     =
|blank_emblem_type      =
|blank_emblem_size      =
|image_map              =50802 Atocha Municipio.png
|mapsize                =
|map_caption            =Location within Potosí Department
|image_map1             =
|mapsize1               =
|map_caption1           =
|image_dot_map          =
|dot_mapsize            =
|dot_map_caption        =
|dot_x =  |dot_y =
|pushpin_map            =Bolivia<!-- the name of a location map as per http://en.wikipedia.org/wiki/Template:Location_map -->
|pushpin_label_position =bottom
|pushpin_map_caption    =Location within Bolivia
<!-- Location ------------------>
|subdivision_type       = Country
|subdivision_name       ={{flag|Bolivia}}
|subdivision_type1      = [[Departments of Bolivia|Department]]
|subdivision_name1      = [[Potosí Department]]
|subdivision_type2      = [[Provinces of Bolivia|Province]]
|subdivision_name2      = [[Sud Chichas Province]]
<!-- Smaller parts (e.g. boroughs of a city) and seat of government -->
|seat_type              = Seat
|seat                   = [[Atocha, Bolivia|Atocha]]
<!-- Politics ----------------->
|government_footnotes   =
|government_type        =
|leader_title           = Mayor
|leader_name            = Braulio Flores
|leader_title1          = President<!-- for places with, say, both a mayor and a city manager -->
|leader_name1           =
|leader_title2          =
|leader_name2           =
|leader_title3          =
|leader_name3           =
|leader_title4          =
|leader_name4           =
|established_title      = Foundation<!-- Settled -->
|established_date       = September 21, 1963
|established_title2     =  <!-- Incorporated (town) -->
|established_date2      =
|established_title3     =  <!-- Incorporated (city) -->
|established_date3      =
<!-- Area    --------------------->
|area_magnitude         =
|unit_pref                =Imperial <!--Enter: Imperial, if Imperial (metric) is desired-->
|area_footnotes           =
|area_total_km2           =<!-- ALL fields dealing with a measurements are subject to automatic unit conversion-->
|area_land_km2            = <!--See table @ Template:Infobox Settlement for details on automatic unit conversion-->
|area_water_km2           =
|area_total_sq_mi         =
|area_land_sq_mi          =
|area_water_sq_mi         =
|area_water_percent       =
|area_urban_km2           =
|area_urban_sq_mi         =
|area_metro_km2           =
|area_metro_sq_mi         =
|area_blank1_title        =
|area_blank1_km2          =
|area_blank1_sq_mi        =
<!-- Population   ----------------------->
|population_as_of               = 2001
|population_footnotes           =
|population_note                =
|population_total               = 9,536
|population_density_km2         =
|population_density_sq_mi       =
|population_metro               =
|population_density_metro_km2   =
|population_density_metro_sq_mi =
|population_urban               =
|population_density_urban_km2   =
|population_density_urban_sq_mi =
|population_blank1_title        =Ethnicities
|population_blank1              =[[Quechua people|Quechua]]
|population_blank2_title        =Religions
|population_blank2              =
|population_density_blank1_km2 =
|population_density_blank1_sq_mi =
<!-- General information  --------------->
|timezone               = BOT
|utc_offset             = -4
|timezone_DST           =
|utc_offset_DST         =
|coordinates            = {{coord|21|6|S|66|2|W|region:BO|display=inline,title}}
|elevation_footnotes    =  <!--for references: use <ref> </ref> tags-->
|elevation_m            =
|elevation_ft           =
<!-- Area/postal codes & others -------->
|postal_code_type       =  <!-- enter ZIP code, Postcode, Post code, Postal code... -->
|postal_code            =
|area_code              =
|blank_name             =
|blank_info             =
|blank1_name            =
|blank1_info            =
|website                =
|footnotes              =
}}",,33,,NA,Vista Panoramica Atocha.jpg,Municipality,Colores bandera Atocheña.jpg,NA,50802 Atocha Municipio.png,Location within Potosí Department,Bolivia,bottom,Location within Bolivia,Country,Bolivia,Department,Potosí Department,Mayor,Braulio Flores,Foundation,"September 21, 1963",NA,"9,536",2001,NA,NA,NA,NA,NA,BOT,NA,NA,NA,NA,Atocha Municipality,NA,NA,NA,NA,NA,Atocha,100px,NA,NA,NA,NA,NA,NA,NA,NA,NA,NA,NA,NA,NA,NA,NA,Province,Sud Chichas Province,Seat,Atocha,NA,NA,President,NA,NA,NA,NA,NA,NA,NA,NA,NA,NA,NA,NA,Imperial,NA,NA,NA,NA,NA,NA,NA,NA,NA,NA,NA,NA,NA,NA,NA,NA,NA,NA,NA,NA,NA,Ethnicities,Quechua,Religions,NA,NA,NA,-4,NA,NA,NA,NA,NA,NA,NA,NA,NA,NA,NA,NA,NA,NA,NA,NA,NA,NA,NA,NA,NA,NA,NA,NA,NA,NA,NA,NA,NA,NA,NA,NA,NA,NA,NA,NA,NA,NA,NA,NA,NA,NA,NA,NA,NA,NA,NA
0,Betanzos Municipality,Category:Municipalities of Potosí Department,62601432,5194,Q1477951,https://en.wikipedia.org/wiki/Betanzos_Municipality,5187,0,2,2012,"{{Infobox settlement
<!--See the Table at Infobox Settlement for all fields and descriptions of usage-->
<!-- Basic info  ---------------->
|official_name          = Betanzos Municipality
|other_name             =
|native_name            =
|nickname               =
|settlement_type        = Municipality
|motto                  =
<!-- images and maps  ----------->
|image_skyline          = 
|imagesize              = 250px
|image_caption          =  
|image_flag             = 
|flag_size              = 
|image_seal             =
|seal_size              =
|image_shield           =
|shield_size            =
|image_blank_emblem     =
|blank_emblem_type      =
|blank_emblem_size      =
|image_map              =
|mapsize                =
|map_caption            =Location within Potosí Department
|image_map1             =
|mapsize1               =
|map_caption1           =
|image_dot_map          =
|dot_mapsize            =
|dot_map_caption        =
|dot_x =  |dot_y =
|pushpin_map            =Bolivia<!-- the name of a location map as per http://en.wikipedia.org/wiki/Template:Location_map -->
|pushpin_label_position =bottom
|pushpin_map_caption    =Location within Bolivia
<!-- Location ------------------>
|subdivision_type       = Country
|subdivision_name       ={{flag|Bolivia}}
|subdivision_type1      = [[Departments of Bolivia|Department]]
|subdivision_name1      = [[Potosí Department]]
|subdivision_type2      = [[Provinces of Bolivia|Province]]
|subdivision_name2      = [[Cornelio Saavedra Province]]
<!-- Smaller parts (e.g. boroughs of a city) and seat of government -->
|seat_type              = Seat
|seat                   = [[Betanzos, Bolivia|Betanzos]]
<!-- Politics ----------------->
|government_footnotes   =
|government_type        =
|leader_title           = 
|leader_name            = 
|leader_title1          = <!-- for places with, say, both a mayor and a city manager -->
|leader_name1           =
|leader_title2          =
|leader_name2           =
|leader_title3          =
|leader_name3           =
|leader_title4          =
|leader_name4           =
|established_title      = <!-- Settled -->
|established_date       = 
|established_title2     =  <!-- Incorporated (town) -->
|established_date2      =
|established_title3     =  <!-- Incorporated (city) -->
|established_date3      =
<!-- Area    --------------------->
|area_magnitude         =
|unit_pref                =Imperial <!--Enter: Imperial, if Imperial (metric) is desired-->
|area_footnotes           =
|area_total_km2           =<!-- ALL fields dealing with a measurements are subject to automatic unit conversion-->
|area_land_km2            = <!--See table @ Template:Infobox Settlement for details on automatic unit conversion-->
|area_water_km2           =
|area_total_sq_mi         =
|area_land_sq_mi          =
|area_water_sq_mi         =
|area_water_percent       =
|area_urban_km2           =
|area_urban_sq_mi         =
|area_metro_km2           =
|area_metro_sq_mi         =
|area_blank1_title        =
|area_blank1_km2          =
<!-- Population   ----------------------->
|population_as_of               = 2012
|population_footnotes           =<ref>{{webarchive |url=https://web.archive.org/web/20110722212933/http://censosbolivia.ine.gob.bo/localidades/c_listado |date=July 22, 2011 |title=Instituto Nacional de Estadística (INE) 2012 }}</ref>
|population_note                =
|population_total               = 33455
|population_density_km2         =
|population_density_sq_mi       =
|population_metro               =
|population_density_metro_km2   =
|population_density_metro_sq_mi =
|population_urban               =
|population_density_urban_km2   =
|population_density_urban_sq_mi =
|population_blank1_title        =Ethnicities
|population_blank1              =[[Quechua people|Quechua]]
|population_blank2_title        =Religions
|population_blank2              =
|population_density_blank1_km2 =
|population_density_blank1_sq_mi =
<!-- General information  --------------->
|timezone               = BOT
|utc_offset             = -4
|timezone_DST           =
|utc_offset_DST         =
|coordinates            = {{coord|19|27|S|65|13|W|region:BO|display=inline,title}}
|elevation_footnotes    =  <!--for references: use <ref> </ref> tags-->
|elevation_m            =3300
|elevation_ft           =
<!-- Area/postal codes & others -------->
|postal_code_type       =  <!-- enter ZIP code, Postcode, Post code, Postal code... -->
|postal_code            =
|area_code              =
|blank_name             =
|blank_info             =
|blank1_name            =
|blank1_info            =
|website                =
|footnotes              =
}}",,26,,NA,NA,Municipality,NA,NA,NA,Location within Potosí Department,Bolivia,bottom,Location within Bolivia,Country,Bolivia,Department,Potosí Department,NA,NA,NA,NA,NA,33455,2012,NA,NA,NA,3300,NA,BOT,NA,NA,NA,NA,Betanzos Municipality,NA,NA,NA,NA,250px,NA,NA,NA,NA,NA,NA,NA,NA,NA,NA,NA,NA,NA,NA,NA,NA,NA,Province,Cornelio Saavedra Province,Seat,Betanzos,NA,NA,NA,NA,NA,NA,NA,NA,NA,NA,NA,NA,NA,NA,NA,Imperial,NA,NA,NA,NA,NA,NA,NA,NA,NA,NA,NA,NA,NA,NA,NA,NA,NA,NA,NA,NA,NA,Ethnicities,Quechua,Religions,NA,NA,NA,-4,NA,NA,NA,NA,NA,NA,NA,NA,NA,NA,NA,NA,NA,NA,NA,NA,NA,NA,NA,NA,NA,NA,NA,NA,NA,NA,NA,NA,NA,NA,NA,NA,NA,NA,NA,NA,NA,NA,NA,NA,NA,NA,NA,NA,NA,NA,NA
0,"Caiza ""D"" Municipality",Category:Municipalities of Potosí Department,62418222,5005,Q637609,"https://en.wikipedia.org/wiki/Caiza_""D""_Municipality",4967,0,2,2012,"{{Infobox settlement
<!--See the Table at Infobox Settlement for all fields and descriptions of usage-->
<!-- Basic info  ---------------->
|official_name          = Caiza ""D"" Municipality
|other_name             =
|native_name            =
|nickname               =
|settlement_type        = Municipality
|motto                  =
<!-- images and maps  ----------->
|image_skyline          = 
|imagesize              = 250px
|image_caption          =  
|image_flag             = 
|flag_size              = 
|image_seal             =
|seal_size              =
|image_shield           =
|shield_size            =
|image_blank_emblem     =
|blank_emblem_type      =
|blank_emblem_size      =
|image_map              =
|mapsize                =
|map_caption            =Location within Potosí Department
|image_map1             =
|mapsize1               =
|map_caption1           =
|image_dot_map          =
|dot_mapsize            =
|dot_map_caption        =
|dot_x =  |dot_y =
|pushpin_map            =Bolivia<!-- the name of a location map as per http://en.wikipedia.org/wiki/Template:Location_map -->
|pushpin_label_position =bottom
|pushpin_map_caption    =Location within Bolivia
<!-- Location ------------------>
|subdivision_type       = Country
|subdivision_name       ={{flag|Bolivia}}
|subdivision_type1      = [[Departments of Bolivia|Department]]
|subdivision_name1      = [[Potosí Department]]
|subdivision_type2      = [[Provinces of Bolivia|Province]]
|subdivision_name2      = [[José María Linares Province]]
<!-- Smaller parts (e.g. boroughs of a city) and seat of government -->
|seat_type              = Seat
|seat                   = [[Caiza ""D""]]
<!-- Politics ----------------->
|government_footnotes   =
|government_type        =
|leader_title           = 
|leader_name            = 
|leader_title1          = <!-- for places with, say, both a mayor and a city manager -->
|leader_name1           =
|leader_title2          =
|leader_name2           =
|leader_title3          =
|leader_name3           =
|leader_title4          =
|leader_name4           =
|established_title      = <!-- Settled -->
|established_date       = 
|established_title2     =  <!-- Incorporated (town) -->
|established_date2      =
|established_title3     =  <!-- Incorporated (city) -->
|established_date3      =
<!-- Area    --------------------->
|area_magnitude         =
|unit_pref                =Imperial <!--Enter: Imperial, if Imperial (metric) is desired-->
|area_footnotes           =
|area_total_km2           =<!-- ALL fields dealing with a measurements are subject to automatic unit conversion-->
|area_land_km2            = <!--See table @ Template:Infobox Settlement for details on automatic unit conversion-->
|area_water_km2           =
|area_total_sq_mi         =
|area_land_sq_mi          =
|area_water_sq_mi         =
|area_water_percent       =
|area_urban_km2           =
|area_urban_sq_mi         =
|area_metro_km2           =
|area_metro_sq_mi         =
|area_blank1_title        =
|area_blank1_km2          =
<!-- Population   ----------------------->
|population_as_of               = 2012
|population_footnotes           =<ref>{{webarchive |url=https://web.archive.org/web/20110722212933/http://censosbolivia.ine.gob.bo/localidades/c_listado |date=July 22, 2011 |title=Instituto Nacional de Estadística (INE) 2012 }}</ref>
|population_note                =
|population_total               = 12067
|population_density_km2         =
|population_density_sq_mi       =
|population_metro               =
|population_density_metro_km2   =
|population_density_metro_sq_mi =
|population_urban               =
|population_density_urban_km2   =
|population_density_urban_sq_mi =
|population_blank1_title        =Ethnicities
|population_blank1              =[[Quechua people|Quechua]]
|population_blank2_title        =Religions
|population_blank2              =
|population_density_blank1_km2 =
|population_density_blank1_sq_mi =
<!-- General information  --------------->
|timezone               = BOT
|utc_offset             = -4
|timezone_DST           =
|utc_offset_DST         =
|coordinates            = {{coord|20|0|0|S|65|40|0|W|region:BO|display=inline,title}}
|elevation_footnotes    =  <!--for references: use <ref> </ref> tags-->
|elevation_m            =3400
|elevation_ft           =
<!-- Area/postal codes & others -------->
|postal_code_type       =  <!-- enter ZIP code, Postcode, Post code, Postal code... -->
|postal_code            =
|area_code              =
|blank_name             =
|blank_info             =
|blank1_name            =
|blank1_info            =
|website                =
|footnotes              =
}}",,26,,NA,NA,Municipality,NA,NA,NA,Location within Potosí Department,Bolivia,bottom,Location within Bolivia,Country,Bolivia,Department,Potosí Department,NA,NA,NA,NA,NA,12067,2012,NA,NA,NA,3400,NA,BOT,NA,NA,NA,NA,"Caiza ""D"" Municipality",NA,NA,NA,NA,250px,NA,NA,NA,NA,NA,NA,NA,NA,NA,NA,NA,NA,NA,NA,NA,NA,NA,Province,José María Linares Province,Seat,"Caiza ""D""",NA,NA,NA,NA,NA,NA,NA,NA,NA,NA,NA,NA,NA,NA,NA,Imperial,NA,NA,NA,NA,NA,NA,NA,NA,NA,NA,NA,NA,NA,NA,NA,NA,NA,NA,NA,NA,NA,Ethnicities,Quechua,Religions,NA,NA,NA,-4,NA,NA,NA,NA,NA,NA,NA,NA,NA,NA,NA,NA,NA,NA,NA,NA,NA,NA,NA,NA,NA,NA,NA,NA,NA,NA,NA,NA,NA,NA,NA,NA,NA,NA,NA,NA,NA,NA,NA,NA,NA,NA,NA,NA,NA,NA,NA
0,Chayanta Municipality,Category:Municipalities of Potosí Department,2509300,8552,Q1784443,https://en.wikipedia.org/wiki/Chayanta_Municipality,8539,0,2,2001,"{{Infobox settlement
<!--See the Table at Infobox Settlement for all fields and descriptions of usage-->
<!-- Basic info  ---------------->
|official_name          = Chayanta Municipality
|other_name             =
|native_name            =
|nickname               =
|settlement_type        = Municipality
|motto                  =
<!-- images and maps  ----------->
|image_skyline          = 
|imagesize              =
|image_caption          = 
|image_flag             = 
|flag_size              = 
|image_seal             =
|seal_size              =
|image_shield           =
|shield_size            =
|image_blank_emblem     =
|blank_emblem_type      =
|blank_emblem_size      =
|image_map              =50202 Chayanta Municipio.png
|mapsize                =
|map_caption            =Location within Potosí Department
|image_map1             =
|mapsize1               =
|map_caption1           =
|image_dot_map          =
|dot_mapsize            =
|dot_map_caption        =
|dot_x =  |dot_y =
|pushpin_map            =Bolivia<!-- the name of a location map as per http://en.wikipedia.org/wiki/Template:Location_map -->
|pushpin_label_position =bottom
|pushpin_map_caption    =Location within Bolivia
<!-- Location ------------------>
|subdivision_type       = Country
|subdivision_name       ={{flag|Bolivia}}
|subdivision_type1      = [[Departments of Bolivia|Department]]
|subdivision_name1      = [[Potosí Department]]
|subdivision_type2      = [[Provinces of Bolivia|Province]]
|subdivision_name2      = [[Rafael Bustillo Province]]
<!-- Smaller parts (e.g. boroughs of a city) and seat of government -->
|seat_type              = Seat
|seat                   = [[Chayanta, Bolivia|Chayanta]]
<!-- Politics ----------------->
|government_footnotes   =
|government_type        =
|leader_title           = 
|leader_name            = 
|leader_title1          = <!-- for places with, say, both a mayor and a city manager -->
|leader_name1           =
|leader_title2          =
|leader_name2           =
|leader_title3          =
|leader_name3           =
|leader_title4          =
|leader_name4           =
|established_title      = <!-- Settled -->
|established_date       = 
|established_title2     =  <!-- Incorporated (town) -->
|established_date2      =
|established_title3     =  <!-- Incorporated (city) -->
|established_date3      =
<!-- Area    --------------------->
|area_magnitude         =
|unit_pref                =Imperial <!--Enter: Imperial, if Imperial (metric) is desired-->
|area_footnotes           =
|area_total_km2           =<!-- ALL fields dealing with a measurements are subject to automatic unit conversion-->
|area_land_km2            = <!--See table @ Template:Infobox Settlement for details on automatic unit conversion-->
|area_water_km2           =
|area_total_sq_mi         =
|area_land_sq_mi          =
|area_water_sq_mi         =
|area_water_percent       =
|area_urban_km2           =
|area_urban_sq_mi         =
|area_metro_km2           =
|area_metro_sq_mi         =
|area_blank1_title        =
|area_blank1_km2          =
|area_blank1_sq_mi        =
<!-- Population   ----------------------->
|population_as_of               = 2001
|population_footnotes           =
|population_note                =
|population_total               = 14165 
|population_density_km2         =
|population_density_sq_mi       =
|population_metro               =
|population_density_metro_km2   =
|population_density_metro_sq_mi =
|population_urban               =
|population_density_urban_km2   =
|population_density_urban_sq_mi =
|population_blank1_title        =Ethnicities
|population_blank1              =[[Quechua people|Quechua]]
|population_blank2_title        =Religions
|population_blank2              =
|population_density_blank1_km2 =
|population_density_blank1_sq_mi =
<!-- General information  --------------->
|timezone               = BOT
|utc_offset             = -4
|timezone_DST           =
|utc_offset_DST         =
|coordinates            = {{coord|18|25|S|66|23|W|region:BO|display=inline,title}}
|elevation_footnotes    =  <!--for references: use <ref> </ref> tags-->
|elevation_m            =
|elevation_ft           =
<!-- Area/postal codes & others -------->
|postal_code_type       =  <!-- enter ZIP code, Postcode, Post code, Postal code... -->
|postal_code            =
|area_code              =
|blank_name             =
|blank_info             =
|blank1_name            =
|blank1_info            =
|website                =
|footnotes              =
}}",,24,,NA,NA,Municipality,NA,NA,50202 Chayanta Municipio.png,Location within Potosí Department,Bolivia,bottom,Location within Bolivia,Country,Bolivia,Department,Potosí Department,NA,NA,NA,NA,NA,14165,2001,NA,NA,NA,NA,NA,BOT,NA,NA,NA,NA,Chayanta Municipality,NA,NA,NA,NA,NA,NA,NA,NA,NA,NA,NA,NA,NA,NA,NA,NA,NA,NA,NA,NA,NA,NA,Province,Rafael Bustillo Province,Seat,Chayanta,NA,NA,NA,NA,NA,NA,NA,NA,NA,NA,NA,NA,NA,NA,NA,Imperial,NA,NA,NA,NA,NA,NA,NA,NA,NA,NA,NA,NA,NA,NA,NA,NA,NA,NA,NA,NA,NA,Ethnicities,Quechua,Religions,NA,NA,NA,-4,NA,NA,NA,NA,NA,NA,NA,NA,NA,NA,NA,NA,NA,NA,NA,NA,NA,NA,NA,NA,NA,NA,NA,NA,NA,NA,NA,NA,NA,NA,NA,NA,NA,NA,NA,NA,NA,NA,NA,NA,NA,NA,NA,NA,NA,NA,NA
0,Chuquihuta Municipality,Category:Municipalities of Potosí Department,32775582,5329,Q775675,https://en.wikipedia.org/wiki/Chuquihuta_Municipality,5322,0,1,2001,"{{Infobox settlement
<!--See the Table at Infobox Settlement for all fields and descriptions of usage-->
<!-- Basic info  ---------------->
|official_name          = Chuquihuta
|other_name             =
|native_name            = Chuqi Uta
|nickname               =
|settlement_type        = Municipality
|motto                  =
<!-- images and maps  ----------->
|image_skyline          = 
|imagesize              =
|image_caption          = 
|image_flag             = 
|flag_size              = 
|image_seal             =
|seal_size              =
|image_shield           =
|shield_size            =
|image_blank_emblem     =
|blank_emblem_type      =
|blank_emblem_size      =
|image_map              =
|mapsize                =
|map_caption            =
|image_map1             =
|mapsize1               =
|map_caption1           =
|image_dot_map          =
|dot_mapsize            =
|dot_map_caption        =
|dot_x =  |dot_y =
|pushpin_map            =Bolivia<!-- the name of a location map as per http://en.wikipedia.org/wiki/Template:Location_map -->
|pushpin_label_position =bottom
|pushpin_map_caption    =Location within Bolivia
<!-- Location ------------------>
|subdivision_type       = Country
|subdivision_name       ={{flag|Bolivia}}
|subdivision_type1      = [[Departments of Bolivia|Department]]
|subdivision_name1      = [[Potosí Department]]
|subdivision_type2      = [[Provinces of Bolivia|Province]]
|subdivision_name2      = [[Rafael Bustillo Province]]
<!-- Smaller parts (e.g. boroughs of a city) and seat of government -->
|seat_type              = Seat
|seat                   = [[Chuquihuta]]
<!-- Politics ----------------->
|government_footnotes   =
|government_type        =
|leader_title           = 
|leader_name            = 
|leader_title1          = <!-- for places with, say, both a mayor and a city manager -->
|leader_name1           =
|leader_title2          =
|leader_name2           =
|leader_title3          =
|leader_name3           =
|leader_title4          =
|leader_name4           =
|established_title      = <!-- Settled -->
|established_date       = 
|established_title2     =  <!-- Incorporated (town) -->
|established_date2      =
|established_title3     =  <!-- Incorporated (city) -->
|established_date3      =
<!-- Area    --------------------->
|area_magnitude         =
|unit_pref                =Imperial <!--Enter: Imperial, if Imperial (metric) is desired-->
|area_footnotes           =
|area_total_km2           =<!-- ALL fields dealing with a measurements are subject to automatic unit conversion-->
|area_land_km2            = <!--See table @ Template:Infobox Settlement for details on automatic unit conversion-->
|area_water_km2           =
|area_total_sq_mi         =
|area_land_sq_mi          =
|area_water_sq_mi         =
|area_water_percent       =
|area_urban_km2           =
|area_urban_sq_mi         =
|area_metro_km2           =
|area_metro_sq_mi         =
|area_blank1_title        =
|area_blank1_km2          =
|area_blank1_sq_mi        =
<!-- Population   ----------------------->
|population_as_of               = 2001
|population_footnotes           =
|population_note                =
|population_total               = 6658 
|population_density_km2         =
|population_density_sq_mi       =
|population_metro               =
|population_density_metro_km2   =
|population_density_metro_sq_mi =
|population_urban               =
|population_density_urban_km2   =
|population_density_urban_sq_mi =
|population_blank1_title        =Ethnicities
|population_blank1              =
|population_blank2_title        =Religions
|population_blank2              =
|population_density_blank1_km2 =
|population_density_blank1_sq_mi =
<!-- General information  --------------->
|timezone               = BOT
|utc_offset             = -4
|timezone_DST           =
|utc_offset_DST         =
|coordinates            = {{coord|18|38|S|66|20|W|region:BO|display=inline,title}}
|elevation_footnotes    =  <!--for references: use <ref> </ref> tags-->
|elevation_m            =
|elevation_ft           =
<!-- Area/postal codes & others -------->
|postal_code_type       =  <!-- enter ZIP code, Postcode, Post code, Postal code... -->
|postal_code            =
|area_code              =
|blank_name             =
|blank_info             =
|blank1_name            =
|blank1_info            =
|website                =
|footnotes              =
}}",,22,,NA,NA,Municipality,NA,NA,NA,NA,Bolivia,bottom,Location within Bolivia,Country,Bolivia,Department,Potosí Department,NA,NA,NA,NA,NA,6658,2001,NA,NA,NA,NA,NA,BOT,NA,NA,NA,NA,Chuquihuta,NA,Chuqi Uta,NA,NA,NA,NA,NA,NA,NA,NA,NA,NA,NA,NA,NA,NA,NA,NA,NA,NA,NA,NA,Province,Rafael Bustillo Province,Seat,Chuquihuta,NA,NA,NA,NA,NA,NA,NA,NA,NA,NA,NA,NA,NA,NA,NA,Imperial,NA,NA,NA,NA,NA,NA,NA,NA,NA,NA,NA,NA,NA,NA,NA,NA,NA,NA,NA,NA,NA,Ethnicities,NA,Religions,NA,NA,NA,-4,NA,NA,NA,NA,NA,NA,NA,NA,NA,NA,NA,NA,NA,NA,NA,NA,NA,NA,NA,NA,NA,NA,NA,NA,NA,NA,NA,NA,NA,NA,NA,NA,NA,NA,NA,NA,NA,NA,NA,NA,NA,NA,NA,NA,NA,NA,NA
0,"Colcha ""K"" Municipality",Category:Municipalities of Potosí Department,32817843,7742,Q475470,"https://en.wikipedia.org/wiki/Colcha_""K""_Municipality",7726,2,8,2001,"{{Infobox settlement
<!--See the Table at Infobox Settlement for all fields and descriptions of usage-->
<!-- Basic info  ---------------->
|official_name          = Colcha ""K"" Municipality
|other_name             =
|native_name            =
|nickname               =
|settlement_type        = Municipality
|motto                  =
<!-- images and maps  ----------->
|image_skyline          = Laguna Kara, Uyuni, Bolivia.jpg
|imagesize              = 250px
|image_caption          =  [[Lake Kara]] in Colcha ""K"" Municipality
|image_flag             = 
|flag_size              = 
|image_seal             =
|seal_size              =
|image_shield           =
|shield_size            =
|image_blank_emblem     =
|blank_emblem_type      =
|blank_emblem_size      =
|image_map              =50901 Colcha K Municipio.png
|mapsize                =
|map_caption            =Location within Potosí Department
|image_map1             =
|mapsize1               =
|map_caption1           =
|image_dot_map          =
|dot_mapsize            =
|dot_map_caption        =
|dot_x =  |dot_y =
|pushpin_map            =Bolivia<!-- the name of a location map as per http://en.wikipedia.org/wiki/Template:Location_map -->
|pushpin_label_position =bottom
|pushpin_map_caption    =Location within Bolivia
<!-- Location ------------------>
|subdivision_type       = Country
|subdivision_name       ={{flag|Bolivia}}
|subdivision_type1      = [[Departments of Bolivia|Department]]
|subdivision_name1      = [[Potosí Department]]
|subdivision_type2      = [[Provinces of Bolivia|Province]]
|subdivision_name2      = [[Nor Lípez Province]]
<!-- Smaller parts (e.g. boroughs of a city) and seat of government -->
|seat_type              = Seat
|seat                   = [[Colcha ""K""]]
<!-- Politics ----------------->
|government_footnotes   =
|government_type        =
|leader_title           = 
|leader_name            = 
|leader_title1          = <!-- for places with, say, both a mayor and a city manager -->
|leader_name1           =
|leader_title2          =
|leader_name2           =
|leader_title3          =
|leader_name3           =
|leader_title4          =
|leader_name4           =
|established_title      = <!-- Settled -->
|established_date       = 
|established_title2     =  <!-- Incorporated (town) -->
|established_date2      =
|established_title3     =  <!-- Incorporated (city) -->
|established_date3      =
<!-- Area    --------------------->
|area_magnitude         =
|unit_pref                =Imperial <!--Enter: Imperial, if Imperial (metric) is desired-->
|area_footnotes           =
|area_total_km2           =<!-- ALL fields dealing with a measurements are subject to automatic unit conversion-->
|area_land_km2            = <!--See table @ Template:Infobox Settlement for details on automatic unit conversion-->
|area_water_km2           =
|area_total_sq_mi         =
|area_land_sq_mi          =
|area_water_sq_mi         =
|area_water_percent       =
|area_urban_km2           =
|area_urban_sq_mi         =
|area_metro_km2           =
|area_metro_sq_mi         =
|area_blank1_title        =
|area_blank1_km2          =
|area_blank1_sq_mi        =
<!-- Population   ----------------------->
|population_as_of               = 2001
|population_footnotes           =
|population_note                =
|population_total               = 9645
|population_density_km2         =
|population_density_sq_mi       =
|population_metro               =
|population_density_metro_km2   =
|population_density_metro_sq_mi =
|population_urban               =
|population_density_urban_km2   =
|population_density_urban_sq_mi =
|population_blank1_title        =Ethnicities
|population_blank1              =[[Quechua people|Quechua]]
|population_blank2_title        =Religions
|population_blank2              =
|population_density_blank1_km2 =
|population_density_blank1_sq_mi =
<!-- General information  --------------->
|timezone               = BOT
|utc_offset             = -4
|timezone_DST           =
|utc_offset_DST         =
|coordinates            = {{coord|20|57|S|67|17|W|region:BO|display=inline,title}}
|elevation_footnotes    =  <!--for references: use <ref> </ref> tags-->
|elevation_m            =3800
|elevation_ft           =
<!-- Area/postal codes & others -------->
|postal_code_type       =  <!-- enter ZIP code, Postcode, Post code, Postal code... -->
|postal_code            =
|area_code              =
|blank_name             =
|blank_info             =
|blank1_name            =
|blank1_info            =
|website                =
|footnotes              =
}}",,28,,NA,"Laguna Kara, Uyuni, Bolivia.jpg",Municipality,NA,NA,50901 Colcha K Municipio.png,Location within Potosí Department,Bolivia,bottom,Location within Bolivia,Country,Bolivia,Department,Potosí Department,NA,NA,NA,NA,NA,9645,2001,NA,NA,NA,3800,NA,BOT,NA,NA,NA,NA,"Colcha ""K"" Municipality",NA,NA,NA,NA,250px,"Lake Kara in Colcha ""K"" Municipality",NA,NA,NA,NA,NA,NA,NA,NA,NA,NA,NA,NA,NA,NA,NA,NA,Province,Nor Lípez Province,Seat,"Colcha ""K""",NA,NA,NA,NA,NA,NA,NA,NA,NA,NA,NA,NA,NA,NA,NA,Imperial,NA,NA,NA,NA,NA,NA,NA,NA,NA,NA,NA,NA,NA,NA,NA,NA,NA,NA,NA,NA,NA,Ethnicities,Quechua,Religions,NA,NA,NA,-4,NA,NA,NA,NA,NA,NA,NA,NA,NA,NA,NA,NA,NA,NA,NA,NA,NA,NA,NA,NA,NA,NA,NA,NA,NA,NA,NA,NA,NA,NA,NA,NA,NA,NA,NA,NA,NA,NA,NA,NA,NA,NA,NA,NA,NA,NA,NA
0,Colquechaca Municipality,Category:Municipalities of Potosí Department,32817455,6059,Q933162,https://en.wikipedia.org/wiki/Colquechaca_Municipality,6052,0,3,2001,"{{Infobox settlement
<!--See the Table at Infobox Settlement for all fields and descriptions of usage-->
<!-- Basic info  ---------------->
|official_name          = Colquechaca
|other_name             =
|native_name            = Qullqichaka
|nickname               =
|settlement_type        = Municipality
|motto                  =
<!-- images and maps  ----------->
|image_skyline          = 
|imagesize              =
|image_caption          = 
|image_flag             = 
|flag_size              = 
|image_seal             =
|seal_size              =
|image_shield           =
|shield_size            =
|image_blank_emblem     =
|blank_emblem_type      =
|blank_emblem_size      =
|image_map              =50401 Colquechaca Municipio.png
|mapsize                =
|map_caption            =Location within Potosí Department
|image_map1             =
|mapsize1               =
|map_caption1           =
|image_dot_map          =
|dot_mapsize            =
|dot_map_caption        =
|dot_x =  |dot_y =
|pushpin_map            =Bolivia<!-- the name of a location map as per http://en.wikipedia.org/wiki/Template:Location_map -->
|pushpin_label_position =bottom
|pushpin_map_caption    =Location within Bolivia
<!-- Location ------------------>
|subdivision_type       = Country
|subdivision_name       ={{flag|Bolivia}}
|subdivision_type1      = [[Departments of Bolivia|Department]]
|subdivision_name1      = [[Potosí Department]]
|subdivision_type2      = [[Provinces of Bolivia|Province]]
|subdivision_name2      = [[Chayanta Province]]
<!-- Smaller parts (e.g. boroughs of a city) and seat of government -->
|seat_type              = Seat
|seat                   = [[Colquechaca]]
<!-- Politics ----------------->
|government_footnotes   =
|government_type        =
|leader_title           = 
|leader_name            = 
|leader_title1          = <!-- for places with, say, both a mayor and a city manager -->
|leader_name1           =
|leader_title2          =
|leader_name2           =
|leader_title3          =
|leader_name3           =
|leader_title4          =
|leader_name4           =
|established_title      = <!-- Settled -->
|established_date       = 
|established_title2     =  <!-- Incorporated (town) -->
|established_date2      =
|established_title3     =  <!-- Incorporated (city) -->
|established_date3      =
<!-- Area    --------------------->
|area_magnitude         =
|unit_pref                =Imperial <!--Enter: Imperial, if Imperial (metric) is desired-->
|area_footnotes           =
|area_total_km2           =1846 <!-- ALL fields dealing with a measurements are subject to automatic unit conversion-->
|area_land_km2            = <!--See table @ Template:Infobox Settlement for details on automatic unit conversion-->
|area_water_km2           =
|area_total_sq_mi         =
|area_land_sq_mi          =
|area_water_sq_mi         =
|area_water_percent       =
|area_urban_km2           =
|area_urban_sq_mi         =
|area_metro_km2           =
|area_metro_sq_mi         =
|area_blank1_title        =
|area_blank1_km2          =
|area_blank1_sq_mi        =
<!-- Population   ----------------------->
|population_as_of               = 2001
|population_footnotes           =
|population_note                =
|population_total               = 31037 
|population_density_km2         =
|population_density_sq_mi       =
|population_metro               =
|population_density_metro_km2   =
|population_density_metro_sq_mi =
|population_urban               =
|population_density_urban_km2   =
|population_density_urban_sq_mi =
|population_blank1_title        =Ethnicities
|population_blank1              =[[Quechua people|Quechua]]
|population_blank2_title        =Religions
|population_blank2              =
|population_density_blank1_km2 =
|population_density_blank1_sq_mi =
<!-- General information  --------------->
|timezone               = BOT
|utc_offset             = -4
|timezone_DST           =
|utc_offset_DST         =
|coordinates            = {{coord|18|53|S|66|5|W|region:BO|display=inline,title}}
|elevation_footnotes    =  <!--for references: use <ref> </ref> tags-->
|elevation_m            =4000
|elevation_ft           =
<!-- Area/postal codes & others -------->
|postal_code_type       =  <!-- enter ZIP code, Postcode, Post code, Postal code... -->
|postal_code            =
|area_code              =
|blank_name             =
|blank_info             =
|blank1_name            =
|blank1_info            =
|website                =
|footnotes              =
}}",,27,,NA,NA,Municipality,NA,NA,50401 Colquechaca Municipio.png,Location within Potosí Department,Bolivia,bottom,Location within Bolivia,Country,Bolivia,Department,Potosí Department,NA,NA,NA,NA,NA,31037,2001,NA,1846,NA,4000,NA,BOT,NA,NA,NA,NA,Colquechaca,NA,Qullqichaka,NA,NA,NA,NA,NA,NA,NA,NA,NA,NA,NA,NA,NA,NA,NA,NA,NA,NA,NA,NA,Province,Chayanta Province,Seat,Colquechaca,NA,NA,NA,NA,NA,NA,NA,NA,NA,NA,NA,NA,NA,NA,NA,Imperial,NA,NA,NA,NA,NA,NA,NA,NA,NA,NA,NA,NA,NA,NA,NA,NA,NA,NA,NA,NA,NA,Ethnicities,Quechua,Religions,NA,NA,NA,-4,NA,NA,NA,NA,NA,NA,NA,NA,NA,NA,NA,NA,NA,NA,NA,NA,NA,NA,NA,NA,NA,NA,NA,NA,NA,NA,NA,NA,NA,NA,NA,NA,NA,NA,NA,NA,NA,NA,NA,NA,NA,NA,NA,NA,NA,NA,NA
0,Llallagua Municipality,Category:Municipalities of Potosí Department,32775497,5821,Q624490,https://en.wikipedia.org/wiki/Llallagua_Municipality,5814,0,2,2001,"{{Infobox settlement
<!--See the Table at Infobox Settlement for all fields and descriptions of usage-->
<!-- Basic info  ---------------->
|official_name          = Llallagua
|other_name             =
|native_name            = Llallawa
|nickname               =
|settlement_type        = Municipality
|motto                  =
<!-- images and maps  ----------->
|image_skyline          = Llallagua.jpg
|imagesize              =
|image_caption          = Llallagua
|image_flag             = 
|flag_size              = 
|image_seal             =
|seal_size              =
|image_shield           =
|shield_size            =
|image_blank_emblem     =
|blank_emblem_type      =
|blank_emblem_size      =
|image_map              =50203 Llallagua Municipio.png
|mapsize                =
|map_caption            =Location within Potosí Department
|image_map1             =
|mapsize1               =
|map_caption1           =
|image_dot_map          =
|dot_mapsize            =
|dot_map_caption        =
|dot_x =  |dot_y =
|pushpin_map            =Bolivia<!-- the name of a location map as per http://en.wikipedia.org/wiki/Template:Location_map -->
|pushpin_label_position =bottom
|pushpin_map_caption    =Location within Bolivia
<!-- Location ------------------>
|subdivision_type       = Country
|subdivision_name       ={{flag|Bolivia}}
|subdivision_type1      = [[Departments of Bolivia|Department]]
|subdivision_name1      = [[Potosí Department]]
|subdivision_type2      = [[Provinces of Bolivia|Province]]
|subdivision_name2      = [[Rafael Bustillo Province]]
<!-- Smaller parts (e.g. boroughs of a city) and seat of government -->
|seat_type              = Seat
|seat                   = [[Llallagua]]
<!-- Politics ----------------->
|government_footnotes   =
|government_type        =
|leader_title           = 
|leader_name            = 
|leader_title1          = <!-- for places with, say, both a mayor and a city manager -->
|leader_name1           =
|leader_title2          =
|leader_name2           =
|leader_title3          =
|leader_name3           =
|leader_title4          =
|leader_name4           =
|established_title      = <!-- Settled -->
|established_date       = 
|established_title2     =  <!-- Incorporated (town) -->
|established_date2      =
|established_title3     =  <!-- Incorporated (city) -->
|established_date3      =
<!-- Area    --------------------->
|area_magnitude         =
|unit_pref                =Imperial <!--Enter: Imperial, if Imperial (metric) is desired-->
|area_footnotes           =
|area_total_km2           =<!-- ALL fields dealing with a measurements are subject to automatic unit conversion-->
|area_land_km2            = <!--See table @ Template:Infobox Settlement for details on automatic unit conversion-->
|area_water_km2           =
|area_total_sq_mi         =
|area_land_sq_mi          =
|area_water_sq_mi         =
|area_water_percent       =
|area_urban_km2           =
|area_urban_sq_mi         =
|area_metro_km2           =
|area_metro_sq_mi         =
|area_blank1_title        =
|area_blank1_km2          =
|area_blank1_sq_mi        =
<!-- Population   ----------------------->
|population_as_of               = 2001
|population_footnotes           =
|population_note                =
|population_total               = 36909 
|population_density_km2         =
|population_density_sq_mi       =
|population_metro               =
|population_density_metro_km2   =
|population_density_metro_sq_mi =
|population_urban               =
|population_density_urban_km2   =
|population_density_urban_sq_mi =
|population_blank1_title        =Ethnicities
|population_blank1              =[[Quechua people|Quechua]], [[Aymara people|Aymara]]
|population_blank2_title        =Religions
|population_blank2              =
|population_density_blank1_km2 =
|population_density_blank1_sq_mi =
<!-- General information  --------------->
|timezone               =-4
|utc_offset             = -4
|timezone_DST           =
|utc_offset_DST         =
|coordinates            = {{coord|18|22|S|66|36|W|region:BO|display=inline,title}}
|elevation_footnotes    =  <!--for references: use <ref> </ref> tags-->
|elevation_m            =
|elevation_ft           =
<!-- Area/postal codes & others -------->
|postal_code_type       =  <!-- enter ZIP code, Postcode, Post code, Postal code... -->
|postal_code            =
|area_code              =
|blank_name             =
|blank_info             =
|blank1_name            =
|blank1_info            =
|website                =
|footnotes              =
}}",,27,,NA,Llallagua.jpg,Municipality,NA,NA,50203 Llallagua Municipio.png,Location within Potosí Department,Bolivia,bottom,Location within Bolivia,Country,Bolivia,Department,Potosí Department,NA,NA,NA,NA,NA,36909,2001,NA,NA,NA,NA,NA,-4,NA,NA,NA,NA,Llallagua,NA,Llallawa,NA,NA,NA,Llallagua,NA,NA,NA,NA,NA,NA,NA,NA,NA,NA,NA,NA,NA,NA,NA,NA,Province,Rafael Bustillo Province,Seat,Llallagua,NA,NA,NA,NA,NA,NA,NA,NA,NA,NA,NA,NA,NA,NA,NA,Imperial,NA,NA,NA,NA,NA,NA,NA,NA,NA,NA,NA,NA,NA,NA,NA,NA,NA,NA,NA,NA,NA,Ethnicities,"Quechua, Aymara",Religions,NA,NA,NA,-4,NA,NA,NA,NA,NA,NA,NA,NA,NA,NA,NA,NA,NA,NA,NA,NA,NA,NA,NA,NA,NA,NA,NA,NA,NA,NA,NA,NA,NA,NA,NA,NA,NA,NA,NA,NA,NA,NA,NA,NA,NA,NA,NA,NA,NA,NA,NA
0,Llica Municipality,Category:Municipalities of Potosí Department,32817195,7040,Q1477986,https://en.wikipedia.org/wiki/Llica_Municipality,7034,1,3,2001,"{{Infobox settlement
<!--See the Table at Infobox Settlement for all fields and descriptions of usage-->
<!-- Basic info  ---------------->
|official_name          = Llica Municipality
|other_name             =
|native_name            =
|nickname               =
|settlement_type        = Municipality
|motto                  =
<!-- images and maps  ----------->
|image_skyline          = Salar de Uyuni making salt.jpg
|imagesize              =
|image_caption          = A farmer is digging salt on the [[Salar de Uyuni]] 
|image_flag             = 
|flag_size              = 
|image_seal             =
|seal_size              =
|image_shield           =
|shield_size            =
|image_blank_emblem     =
|blank_emblem_type      =
|blank_emblem_size      =
|image_map              =51401 Llica Municipio.png
|mapsize                =
|map_caption            =Location within Potosí Department
|image_map1             =
|mapsize1               =
|map_caption1           =
|image_dot_map          =
|dot_mapsize            =
|dot_map_caption        =
|dot_x =  |dot_y =
|pushpin_map            =Bolivia<!-- the name of a location map as per http://en.wikipedia.org/wiki/Template:Location_map -->
|pushpin_label_position =bottom
|pushpin_map_caption    =Location within Bolivia
<!-- Location ------------------>
|subdivision_type       = Country
|subdivision_name       ={{flag|Bolivia}}
|subdivision_type1      = [[Departments of Bolivia|Department]]
|subdivision_name1      = [[Potosí Department]]
|subdivision_type2      = [[Provinces of Bolivia|Province]]
|subdivision_name2      = [[Daniel Campos Province]]
<!-- Smaller parts (e.g. boroughs of a city) and seat of government -->
|seat_type              = Seat
|seat                   = [[Llica]]
<!-- Politics ----------------->
|government_footnotes   =
|government_type        =
|leader_title           = 
|leader_name            = 
|leader_title1          = <!-- for places with, say, both a mayor and a city manager -->
|leader_name1           =
|leader_title2          =
|leader_name2           =
|leader_title3          =
|leader_name3           =
|leader_title4          =
|leader_name4           =
|established_title      = <!-- Settled -->
|established_date       = 
|established_title2     =  <!-- Incorporated (town) -->
|established_date2      =
|established_title3     =  <!-- Incorporated (city) -->
|established_date3      =
<!-- Area    --------------------->
|area_magnitude         =
|unit_pref                =Imperial <!--Enter: Imperial, if Imperial (metric) is desired-->
|area_footnotes           =
|area_total_km2           =3272<!-- ALL fields dealing with a measurements are subject to automatic unit conversion-->
|area_land_km2            = <!--See table @ Template:Infobox Settlement for details on automatic unit conversion-->
|area_water_km2           =
|area_total_sq_mi         =
|area_land_sq_mi          =
|area_water_sq_mi         =
|area_water_percent       =
|area_urban_km2           =
|area_urban_sq_mi         =
|area_metro_km2           =
|area_metro_sq_mi         =
|area_blank1_title        =
|area_blank1_km2          =
|area_blank1_sq_mi        =
<!-- Population   ----------------------->
|population_as_of               = 2001
|population_footnotes           =
|population_note                =
|population_total               = 2901
|population_density_km2         =
|population_density_sq_mi       =
|population_metro               =
|population_density_metro_km2   =
|population_density_metro_sq_mi =
|population_urban               =
|population_density_urban_km2   =
|population_density_urban_sq_mi =
|population_blank1_title        =Ethnicities
|population_blank1              =[[Aymara people|Aymara]]
|population_blank2_title        =Religions
|population_blank2              =
|population_density_blank1_km2 =
|population_density_blank1_sq_mi =
<!-- General information  --------------->
|timezone               = BOT
|utc_offset             = -4
|timezone_DST           =
|utc_offset_DST         =
|coordinates            = {{coord|20|10|S|68|22|W|region:BO|display=inline,title}}
|elevation_footnotes    =  <!--for references: use <ref> </ref> tags-->
|elevation_m            =4000
|elevation_ft           =
<!-- Area/postal codes & others -------->
|postal_code_type       =  <!-- enter ZIP code, Postcode, Post code, Postal code... -->
|postal_code            =
|area_code              =
|blank_name             =
|blank_info             =
|blank1_name            =
|blank1_info            =
|website                =
|footnotes              =
}}",,28,,NA,Salar de Uyuni making salt.jpg,Municipality,NA,NA,51401 Llica Municipio.png,Location within Potosí Department,Bolivia,bottom,Location within Bolivia,Country,Bolivia,Department,Potosí Department,NA,NA,NA,NA,NA,2901,2001,NA,3272,NA,4000,NA,BOT,NA,NA,NA,NA,Llica Municipality,NA,NA,NA,NA,NA,A farmer is digging salt on the Salar de Uyuni,NA,NA,NA,NA,NA,NA,NA,NA,NA,NA,NA,NA,NA,NA,NA,NA,Province,Daniel Campos Province,Seat,Llica,NA,NA,NA,NA,NA,NA,NA,NA,NA,NA,NA,NA,NA,NA,NA,Imperial,NA,NA,NA,NA,NA,NA,NA,NA,NA,NA,NA,NA,NA,NA,NA,NA,NA,NA,NA,NA,NA,Ethnicities,Aymara,Religions,NA,NA,NA,-4,NA,NA,NA,NA,NA,NA,NA,NA,NA,NA,NA,NA,NA,NA,NA,NA,NA,NA,NA,NA,NA,NA,NA,NA,NA,NA,NA,NA,NA,NA,NA,NA,NA,NA,NA,NA,NA,NA,NA,NA,NA,NA,NA,NA,NA,NA,NA
0,Mojinete Municipality,Category:Municipalities of Potosí Department,32776715,5819,Q1783667,https://en.wikipedia.org/wiki/Mojinete_Municipality,5810,0,2,2001,"{{Infobox settlement
<!--See the Table at Infobox Settlement for all fields and descriptions of usage-->
<!-- Basic info  ---------------->
|official_name          = Mojinete Municipality
|other_name             =
|native_name            =
|nickname               =
|settlement_type        = Municipality
|motto                  =
<!-- images and maps  ----------->
|image_skyline          = Mojinete Bolivia.jpg
|imagesize              =
|image_caption          = Mojinete
|image_flag             = 
|flag_size              = 
|image_seal             =
|seal_size              =
|image_shield           =
|shield_size            =
|image_blank_emblem     =
|blank_emblem_type      =
|blank_emblem_size      =
|image_map              =51002 Mojinete Municipio.png
|mapsize                =
|map_caption            =Location within Potosí Department
|image_map1             =
|mapsize1               =
|map_caption1           =
|image_dot_map          =
|dot_mapsize            =
|dot_map_caption        =
|dot_x =  |dot_y =
|pushpin_map            =Bolivia<!-- the name of a location map as per http://en.wikipedia.org/wiki/Template:Location_map -->
|pushpin_label_position =bottom
|pushpin_map_caption    =Location within Bolivia
<!-- Location ------------------>
|subdivision_type       = Country
|subdivision_name       ={{flag|Bolivia}}
|subdivision_type1      = [[Departments of Bolivia|Department]]
|subdivision_name1      = [[Potosí Department]]
|subdivision_type2      = [[Provinces of Bolivia|Province]]
|subdivision_name2      = [[Sur Lípez Province]]
<!-- Smaller parts (e.g. boroughs of a city) and seat of government -->
|seat_type              = Seat
|seat                   = [[Mojinete Canton|Mojinete]]
<!-- Politics ----------------->
|government_footnotes   =
|government_type        =
|leader_title           = 
|leader_name            = 
|leader_title1          = <!-- for places with, say, both a mayor and a city manager -->
|leader_name1           =
|leader_title2          =
|leader_name2           =
|leader_title3          =
|leader_name3           =
|leader_title4          =
|leader_name4           =
|established_title      = <!-- Settled -->
|established_date       = 
|established_title2     =  <!-- Incorporated (town) -->
|established_date2      =
|established_title3     =  <!-- Incorporated (city) -->
|established_date3      =
<!-- Area    --------------------->
|area_magnitude         =
|unit_pref                =Imperial <!--Enter: Imperial, if Imperial (metric) is desired-->
|area_footnotes           =
|area_total_km2           =<!-- ALL fields dealing with a measurements are subject to automatic unit conversion-->
|area_land_km2            = <!--See table @ Template:Infobox Settlement for details on automatic unit conversion-->
|area_water_km2           =
|area_total_sq_mi         =
|area_land_sq_mi          =
|area_water_sq_mi         =
|area_water_percent       =
|area_urban_km2           =
|area_urban_sq_mi         =
|area_metro_km2           =
|area_metro_sq_mi         =
|area_blank1_title        =
|area_blank1_km2          =
|area_blank1_sq_mi        =
<!-- Population   ----------------------->
|population_as_of               = 2001
|population_footnotes           =
|population_note                =
|population_total               = 716
|population_density_km2         =
|population_density_sq_mi       =
|population_metro               =
|population_density_metro_km2   =
|population_density_metro_sq_mi =
|population_urban               =
|population_density_urban_km2   =
|population_density_urban_sq_mi =
|population_blank1_title        =Ethnicities
|population_blank1              =[[Quechua people|Quechua]]
|population_blank2_title        =Religions
|population_blank2              =
|population_density_blank1_km2 =
|population_density_blank1_sq_mi =
<!-- General information  --------------->
|timezone               = BOT
|utc_offset             = -4
|timezone_DST           =
|utc_offset_DST         =
|coordinates            = {{coord|21|46|S|66|18|W|region:BO|display=inline,title}}
|elevation_footnotes    =  <!--for references: use <ref> </ref> tags-->
|elevation_m            =3500
|elevation_ft           =
<!-- Area/postal codes & others -------->
|postal_code_type       =  <!-- enter ZIP code, Postcode, Post code, Postal code... -->
|postal_code            =
|area_code              =
|blank_name             =
|blank_info             =
|blank1_name            =
|blank1_info            =
|website                =
|footnotes              =
}}",,27,,NA,Mojinete Bolivia.jpg,Municipality,NA,NA,51002 Mojinete Municipio.png,Location within Potosí Department,Bolivia,bottom,Location within Bolivia,Country,Bolivia,Department,Potosí Department,NA,NA,NA,NA,NA,716,2001,NA,NA,NA,3500,NA,BOT,NA,NA,NA,NA,Mojinete Municipality,NA,NA,NA,NA,NA,Mojinete,NA,NA,NA,NA,NA,NA,NA,NA,NA,NA,NA,NA,NA,NA,NA,NA,Province,Sur Lípez Province,Seat,Mojinete,NA,NA,NA,NA,NA,NA,NA,NA,NA,NA,NA,NA,NA,NA,NA,Imperial,NA,NA,NA,NA,NA,NA,NA,NA,NA,NA,NA,NA,NA,NA,NA,NA,NA,NA,NA,NA,NA,Ethnicities,Quechua,Religions,NA,NA,NA,-4,NA,NA,NA,NA,NA,NA,NA,NA,NA,NA,NA,NA,NA,NA,NA,NA,NA,NA,NA,NA,NA,NA,NA,NA,NA,NA,NA,NA,NA,NA,NA,NA,NA,NA,NA,NA,NA,NA,NA,NA,NA,NA,NA,NA,NA,NA,NA
0,Ocurí Municipality,Category:Municipalities of Potosí Department,32817288,5984,Q1784436,https://en.wikipedia.org/wiki/Ocurí_Municipality,5964,0,2,2001,"{{Infobox settlement
<!--See the Table at Infobox Settlement for all fields and descriptions of usage-->
<!-- Basic info  ---------------->
|official_name          = Ocurí Municipality
|other_name             =
|native_name            =
|nickname               =
|settlement_type        = Municipality
|motto                  =
<!-- images and maps  ----------->
|image_skyline          = Ocuri.jpg
|imagesize              =
|image_caption          = Ocurí
|image_flag             = 
|flag_size              = 
|image_seal             =
|seal_size              =
|image_shield           =
|shield_size            =
|image_blank_emblem     =
|blank_emblem_type      =
|blank_emblem_size      =
|image_map              =50404 Ocuri Municipio.png
|mapsize                =
|map_caption            =Location within Potosí Department
|image_map1             =
|mapsize1               =
|map_caption1           =
|image_dot_map          =
|dot_mapsize            =
|dot_map_caption        =
|dot_x =  |dot_y =
|pushpin_map            =Bolivia<!-- the name of a location map as per http://en.wikipedia.org/wiki/Template:Location_map -->
|pushpin_label_position =bottom
|pushpin_map_caption    =Location within Bolivia
<!-- Location ------------------>
|subdivision_type       = Country
|subdivision_name       ={{flag|Bolivia}}
|subdivision_type1      = [[Departments of Bolivia|Department]]
|subdivision_name1      = [[Potosí Department]]
|subdivision_type2      = [[Provinces of Bolivia|Province]]
|subdivision_name2      = [[Chayanta Province]]
<!-- Smaller parts (e.g. boroughs of a city) and seat of government -->
|seat_type              = Seat
|seat                   = [[Ocurí, Potosí|Ocurí]]
<!-- Politics ----------------->
|government_footnotes   =
|government_type        =
|leader_title           = 
|leader_name            = 
|leader_title1          = <!-- for places with, say, both a mayor and a city manager -->
|leader_name1           =
|leader_title2          =
|leader_name2           =
|leader_title3          =
|leader_name3           =
|leader_title4          =
|leader_name4           =
|established_title      = <!-- Settled -->
|established_date       = 
|established_title2     =  <!-- Incorporated (town) -->
|established_date2      =
|established_title3     =  <!-- Incorporated (city) -->
|established_date3      =
<!-- Area    --------------------->
|area_magnitude         =
|unit_pref                =Imperial <!--Enter: Imperial, if Imperial (metric) is desired-->
|area_footnotes           =
|area_total_km2           =	788<!-- ALL fields dealing with a measurements are subject to automatic unit conversion-->
|area_land_km2            = <!--See table @ Template:Infobox Settlement for details on automatic unit conversion-->
|area_water_km2           =
|area_total_sq_mi         =
|area_land_sq_mi          =
|area_water_sq_mi         =
|area_water_percent       =
|area_urban_km2           =
|area_urban_sq_mi         =
|area_metro_km2           =
|area_metro_sq_mi         =
|area_blank1_title        =
|area_blank1_km2          =
|area_blank1_sq_mi        =
<!-- Population   ----------------------->
|population_as_of               = 2001
|population_footnotes           =
|population_note                =
|population_total               = 18516 
|population_density_km2         =
|population_density_sq_mi       =
|population_metro               =
|population_density_metro_km2   =
|population_density_metro_sq_mi =
|population_urban               =
|population_density_urban_km2   =
|population_density_urban_sq_mi =
|population_blank1_title        =Ethnicities
|population_blank1              =[[Quechua people|Quechua]]
|population_blank2_title        =Religions
|population_blank2              =
|population_density_blank1_km2 =
|population_density_blank1_sq_mi =
<!-- General information  --------------->
|timezone               = BOT
|utc_offset             = -4
|timezone_DST           =
|utc_offset_DST         =
|coordinates            = {{coord|18|50|S|65|48|W|region:BO|display=inline,title}}
|elevation_footnotes    =  <!--for references: use <ref> </ref> tags-->
|elevation_m            =4100
|elevation_ft           =
<!-- Area/postal codes & others -------->
|postal_code_type       =  <!-- enter ZIP code, Postcode, Post code, Postal code... -->
|postal_code            =
|area_code              =
|blank_name             =
|blank_info             =
|blank1_name            =
|blank1_info            =
|website                =
|footnotes              =
}}",,28,,NA,Ocuri.jpg,Municipality,NA,NA,50404 Ocuri Municipio.png,Location within Potosí Department,Bolivia,bottom,Location within Bolivia,Country,Bolivia,Department,Potosí Department,NA,NA,NA,NA,NA,18516,2001,NA,788,NA,4100,NA,BOT,NA,NA,NA,NA,Ocurí Municipality,NA,NA,NA,NA,NA,Ocurí,NA,NA,NA,NA,NA,NA,NA,NA,NA,NA,NA,NA,NA,NA,NA,NA,Province,Chayanta Province,Seat,Ocurí,NA,NA,NA,NA,NA,NA,NA,NA,NA,NA,NA,NA,NA,NA,NA,Imperial,NA,NA,NA,NA,NA,NA,NA,NA,NA,NA,NA,NA,NA,NA,NA,NA,NA,NA,NA,NA,NA,Ethnicities,Quechua,Religions,NA,NA,NA,-4,NA,NA,NA,NA,NA,NA,NA,NA,NA,NA,NA,NA,NA,NA,NA,NA,NA,NA,NA,NA,NA,NA,NA,NA,NA,NA,NA,NA,NA,NA,NA,NA,NA,NA,NA,NA,NA,NA,NA,NA,NA,NA,NA,NA,NA,NA,NA
0,Porco Municipality,Category:Municipalities of Potosí Department,32776485,6366,Q628665,https://en.wikipedia.org/wiki/Porco_Municipality,6354,0,5,2001,"{{Infobox settlement
<!--See the Table at Infobox Settlement for all fields and descriptions of usage-->
<!-- Basic info  ---------------->
|official_name          = Porco Municipality
|other_name             =
|native_name            =
|nickname               =
|settlement_type        = Municipality
|motto                  =
<!-- images and maps  ----------->
|image_skyline          = Pueblo de Porco.jpg
|imagesize              =
|image_caption          = Porco
|image_flag             = 
|flag_size              = 
|image_seal             =
|seal_size              =
|image_shield           =
|shield_size            =
|image_blank_emblem     =
|blank_emblem_type      =
|blank_emblem_size      =
|image_map              =51203 Porco Municipio.png
|mapsize                =
|map_caption            =Location within Potosí Department
|image_map1             =
|mapsize1               =
|map_caption1           =
|image_dot_map          =
|pushpin_map            =Bolivia<!-- the name of a location map as per http://en.wikipedia.org/wiki/Template:Location_map -->
|pushpin_label_position =bottom
|pushpin_map_caption    =Location within Bolivia
<!-- Location ------------------>
|subdivision_type       = Country
|subdivision_name       ={{flag|Bolivia}}
|subdivision_type1      = [[Departments of Bolivia|Department]]
|subdivision_name1      = [[Potosí Department]]
|subdivision_type2      = [[Provinces of Bolivia|Province]]
|subdivision_name2      = [[Antonio Quijarro Province]]
<!-- Smaller parts (e.g. boroughs of a city) and seat of government -->
|seat_type              = Seat
|seat                   = [[Porco, Bolivia|Porco]]
<!-- Politics ----------------->
|government_footnotes   =
|government_type        =
|leader_title           = 
|leader_name            = 
|leader_title1          = <!-- for places with, say, both a mayor and a city manager -->
|leader_name1           =
|leader_title2          =
|leader_name2           =
|leader_title3          =
|leader_name3           =
|leader_title4          =
|leader_name4           =
|established_title      = <!-- Settled -->
|established_date       = 
|established_title2     =  <!-- Incorporated (town) -->
|established_date2      =
|established_title3     =  <!-- Incorporated (city) -->
|established_date3      =
<!-- Area    --------------------->
|area_magnitude         =
|unit_pref                =Imperial <!--Enter: Imperial, if Imperial (metric) is desired-->
|area_footnotes           =
|area_total_km2           =<!-- ALL fields dealing with a measurements are subject to automatic unit conversion-->
|area_land_km2            = <!--See table @ Template:Infobox Settlement for details on automatic unit conversion-->
|area_water_km2           =
|area_total_sq_mi         =
|area_land_sq_mi          =
|area_water_sq_mi         =
|area_water_percent       =
|area_urban_km2           =
|area_urban_sq_mi         =
|area_metro_km2           =
|area_metro_sq_mi         =
|area_blank1_title        =
|area_blank1_km2          =
|area_blank1_sq_mi        =
<!-- Population   ----------------------->
|population_as_of               = 2001
|population_footnotes           =
|population_note                =
|population_total               = 5959
|population_density_km2         =
|population_density_sq_mi       =
|population_metro               =
|population_density_metro_km2   =
|population_density_metro_sq_mi =
|population_urban               =
|population_density_urban_km2   =
|population_density_urban_sq_mi =
|population_blank1_title        =Ethnicities
|population_blank1              =[[Quechua people|Quechua]]
|population_blank2_title        =Religions
|population_blank2              =
|population_density_blank1_km2 =
|population_density_blank1_sq_mi =
<!-- General information  --------------->
|timezone               = BOT
|utc_offset             = -4
|timezone_DST           =
|utc_offset_DST         =
|coordinates            = {{coord|19|45|S|66|0|W|region:BO|display=inline,title}}
|elevation_footnotes    =  <!--for references: use <ref> </ref> tags-->
|elevation_m            =
|elevation_ft           =
<!-- Area/postal codes & others -------->
|postal_code_type       =  <!-- enter ZIP code, Postcode, Post code, Postal code... -->
|postal_code            =
|area_code              =
|blank_name             =
|blank_info             =
|blank1_name            =
|blank1_info            =
|website                =
|footnotes              =
}}",,26,,NA,Pueblo de Porco.jpg,Municipality,NA,NA,51203 Porco Municipio.png,Location within Potosí Department,Bolivia,bottom,Location within Bolivia,Country,Bolivia,Department,Potosí Department,NA,NA,NA,NA,NA,5959,2001,NA,NA,NA,NA,NA,BOT,NA,NA,NA,NA,Porco Municipality,NA,NA,NA,NA,NA,Porco,NA,NA,NA,NA,NA,NA,NA,NA,NA,NA,NA,NA,NA,NA,NA,NA,Province,Antonio Quijarro Province,Seat,Porco,NA,NA,NA,NA,NA,NA,NA,NA,NA,NA,NA,NA,NA,NA,NA,Imperial,NA,NA,NA,NA,NA,NA,NA,NA,NA,NA,NA,NA,NA,NA,NA,NA,NA,NA,NA,NA,NA,Ethnicities,Quechua,Religions,NA,NA,NA,-4,NA,NA,NA,NA,NA,NA,NA,NA,NA,NA,NA,NA,NA,NA,NA,NA,NA,NA,NA,NA,NA,NA,NA,NA,NA,NA,NA,NA,NA,NA,NA,NA,NA,NA,NA,NA,NA,NA,NA,NA,NA,NA,NA,NA,NA,NA,NA
0,Potosí Municipality,Category:Municipalities of Potosí Department,32775101,7012,Q1335276,https://en.wikipedia.org/wiki/Potosí_Municipality,6979,0,7,2024,"{{Infobox settlement
<!--See the Table at Infobox Settlement for all fields and descriptions of usage-->
<!-- Basic info  ---------------->
|official_name          = Potosí Municipality
|other_name             =
|native_name            =
|nickname               =
|settlement_type        = Municipality
|motto                  =
<!-- images and maps  ----------->
|image_skyline          = Lagunas Kari Kari (Potosí - Bolivia).jpg
|imagesize              =
|image_caption          = [[Khari Khari Lakes]], Potosí Municipality
|image_flag             = 
|flag_size              = 
|image_seal             =
|seal_size              =
|image_shield           =
|shield_size            =
|image_blank_emblem     =
|blank_emblem_type      =
|blank_emblem_size      =
|image_map              =50101 Potosí Municipio.png
|mapsize                =
|map_caption            =Location within Potosí Department
|image_map1             =
|mapsize1               =
|map_caption1           =
|image_dot_map          =
|dot_mapsize            =
|dot_map_caption        =
|dot_x =  |dot_y =
|pushpin_map            =Bolivia<!-- the name of a location map as per http://en.wikipedia.org/wiki/Template:Location_map -->
|pushpin_label_position =bottom
|pushpin_map_caption    =Location within Bolivia
<!-- Location ------------------>
|subdivision_type       = Country
|subdivision_name       ={{flag|Bolivia}}
|subdivision_type1      = [[Departments of Bolivia|Department]]
|subdivision_name1      = [[Potosí Department]]
|subdivision_type2      = [[Provinces of Bolivia|Province]]
|subdivision_name2      = [[Tomás Frías Province]]
<!-- Smaller parts (e.g. boroughs of a city) and seat of government -->
|seat_type              = Seat
|seat                   = [[Potosí]]
<!-- Politics ----------------->
|government_footnotes   =
|government_type        =
|leader_title           = 
|leader_name            = 
|leader_title1          = <!-- for places with, say, both a mayor and a city manager -->
|leader_name1           =
|leader_title2          =
|leader_name2           =
|leader_title3          =
|leader_name3           =
|leader_title4          =
|leader_name4           =
|established_title      = <!-- Settled -->
|established_date       = 
|established_title2     =  <!-- Incorporated (town) -->
|established_date2      =
|established_title3     =  <!-- Incorporated (city) -->
|established_date3      =
<!-- Area    --------------------->
|area_magnitude         =
|unit_pref                =Imperial <!--Enter: Imperial, if Imperial (metric) is desired-->
|area_footnotes           =
|area_total_km2           =1,192 
|area_land_km2            = <!--See table @ Template:Infobox Settlement for details on automatic unit conversion-->
|area_water_km2           =
|area_total_sq_mi         =
|area_land_sq_mi          =
|area_water_sq_mi         =
|area_water_percent       =
|area_urban_km2           =
|area_urban_sq_mi         =
|area_metro_km2           =
|area_metro_sq_mi         =
|area_blank1_title        =
|area_blank1_km2          =
|area_blank1_sq_mi        =
<!-- Population   ----------------------->
|population_as_of               = 2024 census
|population_footnotes           =
|population_note                =
|population_total               = 218,336
|population_density_km2         = auto
|population_density_sq_mi       =
|population_metro               =
|population_density_metro_km2   =
|population_density_metro_sq_mi =
|population_urban               =
|population_density_urban_km2   =
|population_density_urban_sq_mi =
|population_blank1_title        =Ethnicities
|population_blank1              =[[Quechua people|Quechua]]
|population_blank2_title        =Religions
|population_blank2              =
|population_density_blank1_km2 =
|population_density_blank1_sq_mi =
<!-- General information  --------------->
|timezone               = BOT
|utc_offset             = -4
|timezone_DST           =
|utc_offset_DST         =
|coordinates            = {{coord|19|35|S|65|43|W|region:BO|display=inline,title}}
|elevation_footnotes    =  <!--for references: use <ref> </ref> tags-->
|elevation_m            =
|elevation_ft           =
<!-- Area/postal codes & others -------->
|postal_code_type       =  <!-- enter ZIP code, Postcode, Post code, Postal code... -->
|postal_code            =
|area_code              =
|blank_name             =
|blank_info             =
|blank1_name            =
|blank1_info            =
|website                =
|footnotes              =
}}",,28,,NA,Lagunas Kari Kari (Potosí - Bolivia).jpg,Municipality,NA,NA,50101 Potosí Municipio.png,Location within Potosí Department,Bolivia,bottom,Location within Bolivia,Country,Bolivia,Department,Potosí Department,NA,NA,NA,NA,NA,"218,336",2024 census,NA,"1,192",NA,NA,NA,BOT,NA,NA,NA,NA,Potosí Municipality,NA,NA,NA,NA,NA,"Khari Khari Lakes, Potosí Municipality",NA,NA,NA,NA,NA,NA,NA,NA,NA,NA,NA,NA,NA,NA,NA,NA,Province,Tomás Frías Province,Seat,Potosí,NA,NA,NA,NA,NA,NA,NA,NA,NA,NA,NA,NA,NA,NA,NA,Imperial,NA,NA,NA,NA,NA,NA,NA,NA,NA,NA,NA,NA,NA,NA,auto,NA,NA,NA,NA,NA,NA,Ethnicities,Quechua,Religions,NA,NA,NA,-4,NA,NA,NA,NA,NA,NA,NA,NA,NA,NA,NA,NA,NA,NA,NA,NA,NA,NA,NA,NA,NA,NA,NA,NA,NA,NA,NA,NA,NA,NA,NA,NA,NA,NA,NA,NA,NA,NA,NA,NA,NA,NA,NA,NA,NA,NA,NA
0,Ravelo Municipality,Category:Municipalities of Potosí Department,32777198,9867,Q1477747,https://en.wikipedia.org/wiki/Ravelo_Municipality,9846,3,16,2001,"{{Infobox settlement
<!--See the Table at Infobox Settlement for all fields and descriptions of usage-->
<!-- Basic info  ---------------->
|official_name          = Ravelo Municipality
|other_name             =
|native_name            =
|nickname               =
|settlement_type        = Municipality
|motto                  =
<!-- images and maps  ----------->
|image_skyline          = Plaza de Toroca.jpg
|imagesize              =
|image_caption          = The small village of [[Toroca Canton|Toroca]] in the Ravelo Municipality
|image_flag             = 
|flag_size              = 
|image_seal             =
|seal_size              =
|image_shield           =
|shield_size            =
|image_blank_emblem     =
|blank_emblem_type      =
|blank_emblem_size      =
|image_map              =50402 Ravelo Municipio.png
|mapsize                =
|map_caption            =Location within Potosí Department
|image_map1             =
|mapsize1               =
|map_caption1           =
|image_dot_map          =
|pushpin_map            =Bolivia<!-- the name of a location map as per http://en.wikipedia.org/wiki/Template:Location_map -->
|pushpin_label_position =bottom
|pushpin_map_caption    =Location within Bolivia
<!-- Location ------------------>
|subdivision_type       = Country
|subdivision_name       ={{flag|Bolivia}}
|subdivision_type1      = [[Departments of Bolivia|Department]]
|subdivision_name1      = [[Potosí Department]]
|subdivision_type2      = [[Provinces of Bolivia|Province]]
|subdivision_name2      = [[Chayanta Province]]
<!-- Smaller parts (e.g. boroughs of a city) and seat of government -->
|seat_type              = Seat
|seat                   = [[Ravelo]]
<!-- Politics ----------------->
|government_footnotes   =
|government_type        =
|leader_title           = 
|leader_name            = 
|leader_title1          = <!-- for places with, say, both a mayor and a city manager -->
|leader_name1           =
|leader_title2          =
|leader_name2           =
|leader_title3          =
|leader_name3           =
|leader_title4          =
|leader_name4           =
|established_title      = <!-- Settled -->
|established_date       = 
|established_title2     =  <!-- Incorporated (town) -->
|established_date2      =
|established_title3     =  <!-- Incorporated (city) -->
|established_date3      =
<!-- Area    --------------------->
|area_magnitude         =
|unit_pref                =Imperial <!--Enter: Imperial, if Imperial (metric) is desired-->
|area_footnotes           =
|area_total_km2           =<!-- ALL fields dealing with a measurements are subject to automatic unit conversion-->
|area_land_km2            = <!--See table @ Template:Infobox Settlement for details on automatic unit conversion-->
|area_water_km2           =
|area_total_sq_mi         =
|area_land_sq_mi          =
|area_water_sq_mi         =
|area_water_percent       =
|area_urban_km2           =
|area_urban_sq_mi         =
|area_metro_km2           =
|area_metro_sq_mi         =
|area_blank1_title        =
|area_blank1_km2          =
|area_blank1_sq_mi        =
<!-- Population   ----------------------->
|population_as_of               = 2001
|population_footnotes           =
|population_note                =
|population_total               = 20536
|population_density_km2         =
|population_density_sq_mi       =
|population_metro               =
|population_density_metro_km2   =
|population_density_metro_sq_mi =
|population_urban               =
|population_density_urban_km2   =
|population_density_urban_sq_mi =
|population_blank1_title        =Ethnicities
|population_blank1              =[[Quechua people|Quechua]]
|population_blank2_title        =Religions
|population_blank2              =
|population_density_blank1_km2 =
|population_density_blank1_sq_mi =
<!-- General information  --------------->
|timezone               = BOT
|utc_offset             = -4
|timezone_DST           =
|utc_offset_DST         =
|coordinates            = {{coord|18|47|S|65|33|W|region:BO|display=inline,title}}
|elevation_footnotes    =  <!--for references: use <ref> </ref> tags-->
|elevation_m            =
|elevation_ft           =
<!-- Area/postal codes & others -------->
|postal_code_type       =  <!-- enter ZIP code, Postcode, Post code, Postal code... -->
|postal_code            =
|area_code              =
|blank_name             =
|blank_info             =
|blank1_name            =
|blank1_info            =
|website                =
|footnotes              =
}}",,26,,NA,Plaza de Toroca.jpg,Municipality,NA,NA,50402 Ravelo Municipio.png,Location within Potosí Department,Bolivia,bottom,Location within Bolivia,Country,Bolivia,Department,Potosí Department,NA,NA,NA,NA,NA,20536,2001,NA,NA,NA,NA,NA,BOT,NA,NA,NA,NA,Ravelo Municipality,NA,NA,NA,NA,NA,The small village of Toroca in the Ravelo Municipality,NA,NA,NA,NA,NA,NA,NA,NA,NA,NA,NA,NA,NA,NA,NA,NA,Province,Chayanta Province,Seat,Ravelo,NA,NA,NA,NA,NA,NA,NA,NA,NA,NA,NA,NA,NA,NA,NA,Imperial,NA,NA,NA,NA,NA,NA,NA,NA,NA,NA,NA,NA,NA,NA,NA,NA,NA,NA,NA,NA,NA,Ethnicities,Quechua,Religions,NA,NA,NA,-4,NA,NA,NA,NA,NA,NA,NA,NA,NA,NA,NA,NA,NA,NA,NA,NA,NA,NA,NA,NA,NA,NA,NA,NA,NA,NA,NA,NA,NA,NA,NA,NA,NA,NA,NA,NA,NA,NA,NA,NA,NA,NA,NA,NA,NA,NA,NA
0,San Antonio de Esmoruco Municipality,Category:Municipalities of Potosí Department,32776811,6021,Q1477933,https://en.wikipedia.org/wiki/San_Antonio_de_Esmoruco_Municipality,6010,0,2,2001,"{{Infobox settlement
<!--See the Table at Infobox Settlement for all fields and descriptions of usage-->
<!-- Basic info  ---------------->
|official_name          = San Antonio de Esmoruco Municipality
|other_name             =
|native_name            =
|nickname               =
|settlement_type        = Municipality
|motto                  =
<!-- images and maps  ----------->
|image_skyline          = San Antonio de Esmoruco 2.jpg
|imagesize              =
|image_caption          = San Antonio de Esmoruco
|image_flag             = 
|flag_size              = 
|image_seal             =
|seal_size              =
|image_shield           =
|shield_size            =
|image_blank_emblem     =
|blank_emblem_type      =
|blank_emblem_size      =
|image_map              =51003 San Antonio de Esmoruco Municipio.png
|mapsize                =
|map_caption            =Location within Potosí Department
|image_map1             =
|mapsize1               =
|map_caption1           =
|image_dot_map          =
|dot_mapsize            =
|dot_map_caption        =
|dot_x =  |dot_y =
|pushpin_map            =Bolivia<!-- the name of a location map as per http://en.wikipedia.org/wiki/Template:Location_map -->
|pushpin_label_position =bottom
|pushpin_map_caption    =Location within Bolivia
<!-- Location ------------------>
|subdivision_type       = Country
|subdivision_name       ={{flag|Bolivia}}
|subdivision_type1      = [[Departments of Bolivia|Department]]
|subdivision_name1      = [[Potosí Department]]
|subdivision_type2      = [[Provinces of Bolivia|Province]]
|subdivision_name2      = [[Sur Lípez Province]]
<!-- Smaller parts (e.g. boroughs of a city) and seat of government -->
|seat_type              = Seat
|seat                   = [[San Antonio de Esmoruco]]
<!-- Politics ----------------->
|government_footnotes   =
|government_type        =
|leader_title           = 
|leader_name            = 
|leader_title1          = <!-- for places with, say, both a mayor and a city manager -->
|leader_name1           =
|leader_title2          =
|leader_name2           =
|leader_title3          =
|leader_name3           =
|leader_title4          =
|leader_name4           =
|established_title      = <!-- Settled -->
|established_date       = 
|established_title2     =  <!-- Incorporated (town) -->
|established_date2      =
|established_title3     =  <!-- Incorporated (city) -->
|established_date3      =
<!-- Area    --------------------->
|area_magnitude         =
|unit_pref                =Imperial <!--Enter: Imperial, if Imperial (metric) is desired-->
|area_footnotes           =
|area_total_km2           =<!-- ALL fields dealing with a measurements are subject to automatic unit conversion-->
|area_land_km2            = <!--See table @ Template:Infobox Settlement for details on automatic unit conversion-->
|area_water_km2           =
|area_total_sq_mi         =
|area_land_sq_mi          =
|area_water_sq_mi         =
|area_water_percent       =
|area_urban_km2           =
|area_urban_sq_mi         =
|area_metro_km2           =
|area_metro_sq_mi         =
|area_blank1_title        =
|area_blank1_km2          =
|area_blank1_sq_mi        =
<!-- Population   ----------------------->
|population_as_of               = 2001
|population_footnotes           =
|population_note                =
|population_total               = 1666
|population_density_km2         =
|population_density_sq_mi       =
|population_metro               =
|population_density_metro_km2   =
|population_density_metro_sq_mi =
|population_urban               =
|population_density_urban_km2   =
|population_density_urban_sq_mi =
|population_blank1_title        =Ethnicities
|population_blank1              =[[Quechua people|Quechua]]
|population_blank2_title        =Religions
|population_blank2              =
|population_density_blank1_km2 =
|population_density_blank1_sq_mi =
<!-- General information  --------------->
|timezone               = BOT
|utc_offset             = -4
|timezone_DST           =
|utc_offset_DST         =
|coordinates            = {{coord|22|3|S|66|38|W|region:BO|display=inline,title}}
|elevation_footnotes    =  <!--for references: use <ref> </ref> tags-->
|elevation_m            =4400
|elevation_ft           =
<!-- Area/postal codes & others -------->
|postal_code_type       =  <!-- enter ZIP code, Postcode, Post code, Postal code... -->
|postal_code            =
|area_code              =
|blank_name             =
|blank_info             =
|blank1_name            =
|blank1_info            =
|website                =
|footnotes              =
}}",,27,,NA,San Antonio de Esmoruco 2.jpg,Municipality,NA,NA,51003 San Antonio de Esmoruco Municipio.png,Location within Potosí Department,Bolivia,bottom,Location within Bolivia,Country,Bolivia,Department,Potosí Department,NA,NA,NA,NA,NA,1666,2001,NA,NA,NA,4400,NA,BOT,NA,NA,NA,NA,San Antonio de Esmoruco Municipality,NA,NA,NA,NA,NA,San Antonio de Esmoruco,NA,NA,NA,NA,NA,NA,NA,NA,NA,NA,NA,NA,NA,NA,NA,NA,Province,Sur Lípez Province,Seat,San Antonio de Esmoruco,NA,NA,NA,NA,NA,NA,NA,NA,NA,NA,NA,NA,NA,NA,NA,Imperial,NA,NA,NA,NA,NA,NA,NA,NA,NA,NA,NA,NA,NA,NA,NA,NA,NA,NA,NA,NA,NA,Ethnicities,Quechua,Religions,NA,NA,NA,-4,NA,NA,NA,NA,NA,NA,NA,NA,NA,NA,NA,NA,NA,NA,NA,NA,NA,NA,NA,NA,NA,NA,NA,NA,NA,NA,NA,NA,NA,NA,NA,NA,NA,NA,NA,NA,NA,NA,NA,NA,NA,NA,NA,NA,NA,NA,NA
0,San Pablo de Lípez Municipality,Category:Municipalities of Potosí Department,32776623,6979,Q1477898,https://en.wikipedia.org/wiki/San_Pablo_de_Lípez_Municipality,6956,1,5,2001,"{{Infobox settlement
<!--See the Table at Infobox Settlement for all fields and descriptions of usage-->
<!-- Basic info  ---------------->
|official_name          = San Pablo de Lípez 
|other_name             =
|native_name            =
|nickname               =
|settlement_type        = Municipality
|motto                  =
<!-- images and maps  ----------->
|image_skyline          = Laguna Colorada 1.jpg
|imagesize              =
|image_caption          = [[Laguna Colorada]], Quetena Grande 
|image_flag             = 
|flag_size              = 
|image_seal             =
|seal_size              =
|image_shield           =
|shield_size            =
|image_blank_emblem     =
|blank_emblem_type      =
|blank_emblem_size      =
|image_map              =51001 San Pablo de Lipez Municipio.png
|mapsize                =
|map_caption            =Location within Potosí Department
|image_map1             =
|mapsize1               =
|map_caption1           =
|image_dot_map          =
|dot_mapsize            =
|dot_map_caption        =
|dot_x =  |dot_y =
|pushpin_map            =Bolivia<!-- the name of a location map as per http://en.wikipedia.org/wiki/Template:Location_map -->
|pushpin_label_position =bottom
|pushpin_map_caption    =Location within Bolivia
<!-- Location ------------------>
|subdivision_type       = Country
|subdivision_name       ={{flag|Bolivia}}
|subdivision_type1      = [[Departments of Bolivia|Department]]
|subdivision_name1      = [[Potosí Department]]
|subdivision_type2      = [[Provinces of Bolivia|Province]]
|subdivision_name2      = [[Sur Lípez Province]]
<!-- Smaller parts (e.g. boroughs of a city) and seat of government -->
|seat_type              = Seat
|seat                   = [[San Pablo de Lípez]]
<!-- Politics ----------------->
|government_footnotes   =
|government_type        =
|leader_title           = 
|leader_name            = 
|leader_title1          = <!-- for places with, say, both a mayor and a city manager -->
|leader_name1           =
|leader_title2          =
|leader_name2           =
|leader_title3          =
|leader_name3           =
|leader_title4          =
|leader_name4           =
|established_title      = <!-- Settled -->
|established_date       = 
|established_title2     =  <!-- Incorporated (town) -->
|established_date2      =
|established_title3     =  <!-- Incorporated (city) -->
|established_date3      =
<!-- Area    --------------------->
|area_magnitude         =
|unit_pref                =Imperial <!--Enter: Imperial, if Imperial (metric) is desired-->
|area_footnotes           =
|area_total_km2           =<!-- ALL fields dealing with a measurements are subject to automatic unit conversion-->
|area_land_km2            = <!--See table @ Template:Infobox Settlement for details on automatic unit conversion-->
|area_water_km2           =
|area_total_sq_mi         =
|area_land_sq_mi          =
|area_water_sq_mi         =
|area_water_percent       =
|area_urban_km2           =
|area_urban_sq_mi         =
|area_metro_km2           =
|area_metro_sq_mi         =
|area_blank1_title        =
|area_blank1_km2          =
|area_blank1_sq_mi        =
<!-- Population   ----------------------->
|population_as_of               = 2001
|population_footnotes           =
|population_note                =
|population_total               = 2523
|population_density_km2         =
|population_density_sq_mi       =
|population_metro               =
|population_density_metro_km2   =
|population_density_metro_sq_mi =
|population_urban               =
|population_density_urban_km2   =
|population_density_urban_sq_mi =
|population_blank1_title        =Ethnicities
|population_blank1              =[[Quechua people|Quechua]]
|population_blank2_title        =Religions
|population_blank2              =
|population_density_blank1_km2 =
|population_density_blank1_sq_mi =
<!-- General information  --------------->
|timezone               =-4
|utc_offset             = -4
|timezone_DST           =
|utc_offset_DST         =
|coordinates            = {{coord|22|7|S|67|12|W|region:BO|display=inline,title}}
|elevation_footnotes    =  <!--for references: use <ref> </ref> tags-->
|elevation_m            =4400
|elevation_ft           =
<!-- Area/postal codes & others -------->
|postal_code_type       =  <!-- enter ZIP code, Postcode, Post code, Postal code... -->
|postal_code            =
|area_code              =
|blank_name             =
|blank_info             =
|blank1_name            =
|blank1_info            =
|website                =
|footnotes              =
}}",,27,,NA,Laguna Colorada 1.jpg,Municipality,NA,NA,51001 San Pablo de Lipez Municipio.png,Location within Potosí Department,Bolivia,bottom,Location within Bolivia,Country,Bolivia,Department,Potosí Department,NA,NA,NA,NA,NA,2523,2001,NA,NA,NA,4400,NA,-4,NA,NA,NA,NA,San Pablo de Lípez,NA,NA,NA,NA,NA,"Laguna Colorada, Quetena Grande",NA,NA,NA,NA,NA,NA,NA,NA,NA,NA,NA,NA,NA,NA,NA,NA,Province,Sur Lípez Province,Seat,San Pablo de Lípez,NA,NA,NA,NA,NA,NA,NA,NA,NA,NA,NA,NA,NA,NA,NA,Imperial,NA,NA,NA,NA,NA,NA,NA,NA,NA,NA,NA,NA,NA,NA,NA,NA,NA,NA,NA,NA,NA,Ethnicities,Quechua,Religions,NA,NA,NA,-4,NA,NA,NA,NA,NA,NA,NA,NA,NA,NA,NA,NA,NA,NA,NA,NA,NA,NA,NA,NA,NA,NA,NA,NA,NA,NA,NA,NA,NA,NA,NA,NA,NA,NA,NA,NA,NA,NA,NA,NA,NA,NA,NA,NA,NA,NA,NA
0,San Pedro de Quemes Municipality,Category:Municipalities of Potosí Department,32818013,7420,Q540223,https://en.wikipedia.org/wiki/San_Pedro_de_Quemes_Municipality,7405,2,8,2001,"{{Infobox settlement
<!--See the Table at Infobox Settlement for all fields and descriptions of usage-->
<!-- Basic info  ---------------->
|official_name          = San Pedro de Quemes
|other_name             =
|native_name            =
|nickname               =
|settlement_type        = Municipality
|motto                  =
<!-- images and maps  ----------->
|image_skyline          = Salar de Chiguana - Potosí - Bolivia.jpg
|imagesize              = 250px
|image_caption          = Salar de Chiguana
|image_flag             = 
|flag_size              = 
|image_seal             =
|seal_size              =
|image_shield           =
|shield_size            =
|image_blank_emblem     =
|blank_emblem_type      =
|blank_emblem_size      =
|image_map              =50902 San Pedro de Quemes Municipio.png
|mapsize                =
|map_caption            =Location within Potosí Department
|image_map1             =
|mapsize1               =
|map_caption1           =
|image_dot_map          =
|dot_mapsize            =
|dot_map_caption        =
|dot_x =  |dot_y =
|pushpin_map            =Bolivia<!-- the name of a location map as per http://en.wikipedia.org/wiki/Template:Location_map -->
|pushpin_label_position =bottom
|pushpin_map_caption    =Location within Bolivia
<!-- Location ------------------>
|subdivision_type       = Country
|subdivision_name       ={{flag|Bolivia}}
|subdivision_type1      = [[Departments of Bolivia|Department]]
|subdivision_name1      = [[Potosí Department]]
|subdivision_type2      = [[Provinces of Bolivia|Province]]
|subdivision_name2      = [[Nor Lípez Province]]
<!-- Smaller parts (e.g. boroughs of a city) and seat of government -->
|seat_type              = Seat
|seat                   = [[San Pedro de Quemes]]
<!-- Politics ----------------->
|government_footnotes   =
|government_type        =
|leader_title           = 
|leader_name            = 
|leader_title1          = <!-- for places with, say, both a mayor and a city manager -->
|leader_name1           =
|leader_title2          =
|leader_name2           =
|leader_title3          =
|leader_name3           =
|leader_title4          =
|leader_name4           =
|established_title      = <!-- Settled -->
|established_date       = 
|established_title2     =  <!-- Incorporated (town) -->
|established_date2      =
|established_title3     =  <!-- Incorporated (city) -->
|established_date3      =
<!-- Area    --------------------->
|area_magnitude         =
|unit_pref                =Imperial <!--Enter: Imperial, if Imperial (metric) is desired-->
|area_footnotes           =
|area_total_km2           =4291<!-- ALL fields dealing with a measurements are subject to automatic unit conversion-->
|area_land_km2            = <!--See table @ Template:Infobox Settlement for details on automatic unit conversion-->
|area_water_km2           =
|area_total_sq_mi         =
|area_land_sq_mi          =
|area_water_sq_mi         =
|area_water_percent       =
|area_urban_km2           =
|area_urban_sq_mi         =
|area_metro_km2           =
|area_metro_sq_mi         =
|area_blank1_title        =
|area_blank1_km2          =
|area_blank1_sq_mi        =
<!-- Population   ----------------------->
|population_as_of               = 2001
|population_footnotes           =
|population_note                =
|population_total               = 815
|population_density_km2         =
|population_density_sq_mi       =
|population_metro               =
|population_density_metro_km2   =
|population_density_metro_sq_mi =
|population_urban               =
|population_density_urban_km2   =
|population_density_urban_sq_mi =
|population_blank1_title        =Ethnicities
|population_blank1              =[[Quechua people|Quechua]]
|population_blank2_title        =Religions
|population_blank2              =
|population_density_blank1_km2 =
|population_density_blank1_sq_mi =
<!-- General information  --------------->
|timezone               = BOT
|utc_offset             = -4
|timezone_DST           =
|utc_offset_DST         =
|coordinates            = {{coord|21|3|S|68|18|W|region:BO|display=inline,title}}
|elevation_footnotes    =  <!--for references: use <ref> </ref> tags-->
|elevation_m            =4000
|elevation_ft           =
<!-- Area/postal codes & others -------->
|postal_code_type       =  <!-- enter ZIP code, Postcode, Post code, Postal code... -->
|postal_code            =
|area_code              =
|blank_name             =
|blank_info             =
|blank1_name            =
|blank1_info            =
|website                =
|footnotes              =
}}",,29,,NA,Salar de Chiguana - Potosí - Bolivia.jpg,Municipality,NA,NA,50902 San Pedro de Quemes Municipio.png,Location within Potosí Department,Bolivia,bottom,Location within Bolivia,Country,Bolivia,Department,Potosí Department,NA,NA,NA,NA,NA,815,2001,NA,4291,NA,4000,NA,BOT,NA,NA,NA,NA,San Pedro de Quemes,NA,NA,NA,NA,250px,Salar de Chiguana,NA,NA,NA,NA,NA,NA,NA,NA,NA,NA,NA,NA,NA,NA,NA,NA,Province,Nor Lípez Province,Seat,San Pedro de Quemes,NA,NA,NA,NA,NA,NA,NA,NA,NA,NA,NA,NA,NA,NA,NA,Imperial,NA,NA,NA,NA,NA,NA,NA,NA,NA,NA,NA,NA,NA,NA,NA,NA,NA,NA,NA,NA,NA,Ethnicities,Quechua,Religions,NA,NA,NA,-4,NA,NA,NA,NA,NA,NA,NA,NA,NA,NA,NA,NA,NA,NA,NA,NA,NA,NA,NA,NA,NA,NA,NA,NA,NA,NA,NA,NA,NA,NA,NA,NA,NA,NA,NA,NA,NA,NA,NA,NA,NA,NA,NA,NA,NA,NA,NA
0,Tahua Municipality,Category:Municipalities of Potosí Department,32817060,6546,Q1477909,https://en.wikipedia.org/wiki/Tahua_Municipality,6536,1,3,2001,"{{Infobox settlement
<!--See the Table at Infobox Settlement for all fields and descriptions of usage-->
<!-- Basic info  ---------------->
|official_name          = Tahua Municipality
|other_name             =
|native_name            = Tawa
|nickname               =
|settlement_type        = Municipality
|motto                  =
<!-- images and maps  ----------->
|image_skyline          = Coquesa y Salar de Uyuni - Potosí - Bolivia.jpg
|imagesize              =
|image_caption          = The village of Coquesa and [[Salar de Uyuni]] in Tahua Municipality
|image_flag             = 
|flag_size              = 
|image_seal             =
|seal_size              =
|image_shield           =
|shield_size            =
|image_blank_emblem     =
|blank_emblem_type      =
|blank_emblem_size      =
|image_map              =51402 Tahua Municipio.png
|mapsize                =
|map_caption            =Location within Potosí Department
|image_map1             =
|mapsize1               =
|map_caption1           =
|image_dot_map          =
|dot_mapsize            =
|dot_map_caption        =
|dot_x =  |dot_y =
|pushpin_map            =Bolivia<!-- the name of a location map as per http://en.wikipedia.org/wiki/Template:Location_map -->
|pushpin_label_position =bottom
|pushpin_map_caption    =Location within Bolivia
<!-- Location ------------------>
|subdivision_type       = Country
|subdivision_name       ={{flag|Bolivia}}
|subdivision_type1      = [[Departments of Bolivia|Department]]
|subdivision_name1      = [[Potosí Department]]
|subdivision_type2      = [[Provinces of Bolivia|Province]]
|subdivision_name2      = [[Daniel Campos Province]]
<!-- Smaller parts (e.g. boroughs of a city) and seat of government -->
|seat_type              = Seat
|seat                   = [[Tahua, Potosí|Tahua]]
<!-- Politics ----------------->
|government_footnotes   =
|government_type        =
|leader_title           = 
|leader_name            = 
|leader_title1          = <!-- for places with, say, both a mayor and a city manager -->
|leader_name1           =
|leader_title2          =
|leader_name2           =
|leader_title3          =
|leader_name3           =
|leader_title4          =
|leader_name4           =
|established_title      = <!-- Settled -->
|established_date       = 
|established_title2     =  <!-- Incorporated (town) -->
|established_date2      =
|established_title3     =  <!-- Incorporated (city) -->
|established_date3      =
<!-- Area    --------------------->
|area_magnitude         =
|unit_pref                =Imperial <!--Enter: Imperial, if Imperial (metric) is desired-->
|area_footnotes           =
|area_total_km2           =3272<!-- ALL fields dealing with a measurements are subject to automatic unit conversion-->
|area_land_km2            = <!--See table @ Template:Infobox Settlement for details on automatic unit conversion-->
|area_water_km2           =
|area_total_sq_mi         =
|area_land_sq_mi          =
|area_water_sq_mi         =
|area_water_percent       =
|area_urban_km2           =
|area_urban_sq_mi         =
|area_metro_km2           =
|area_metro_sq_mi         =
|area_blank1_title        =
|area_blank1_km2          =
|area_blank1_sq_mi        =
<!-- Population   ----------------------->
|population_as_of               = 2001
|population_footnotes           =
|population_note                =
|population_total               = 2166 
|population_density_km2         =
|population_density_sq_mi       =
|population_metro               =
|population_density_metro_km2   =
|population_density_metro_sq_mi =
|population_urban               =
|population_density_urban_km2   =
|population_density_urban_sq_mi =
|population_blank1_title        =Ethnicities
|population_blank1              =[[Aymara people|Aymara]]
|population_blank2_title        =Religions
|population_blank2              =
|population_density_blank1_km2 =
|population_density_blank1_sq_mi =
<!-- General information  --------------->
|timezone               = BOT
|utc_offset             = -4
|timezone_DST           =
|utc_offset_DST         =
|coordinates            = {{coord|20|18|S|67|24|W|region:BO|display=inline,title}}
|elevation_footnotes    =  <!--for references: use <ref> </ref> tags-->
|elevation_m            =3700
|elevation_ft           =
<!-- Area/postal codes & others -------->
|postal_code_type       =  <!-- enter ZIP code, Postcode, Post code, Postal code... -->
|postal_code            =
|area_code              =
|blank_name             =
|blank_info             =
|blank1_name            =
|blank1_info            =
|website                =
|footnotes              =
}}",,29,,NA,Coquesa y Salar de Uyuni - Potosí - Bolivia.jpg,Municipality,NA,NA,51402 Tahua Municipio.png,Location within Potosí Department,Bolivia,bottom,Location within Bolivia,Country,Bolivia,Department,Potosí Department,NA,NA,NA,NA,NA,2166,2001,NA,3272,NA,3700,NA,BOT,NA,NA,NA,NA,Tahua Municipality,NA,Tawa,NA,NA,NA,The village of Coquesa and Salar de Uyuni in Tahua Municipality,NA,NA,NA,NA,NA,NA,NA,NA,NA,NA,NA,NA,NA,NA,NA,NA,Province,Daniel Campos Province,Seat,Tahua,NA,NA,NA,NA,NA,NA,NA,NA,NA,NA,NA,NA,NA,NA,NA,Imperial,NA,NA,NA,NA,NA,NA,NA,NA,NA,NA,NA,NA,NA,NA,NA,NA,NA,NA,NA,NA,NA,Ethnicities,Aymara,Religions,NA,NA,NA,-4,NA,NA,NA,NA,NA,NA,NA,NA,NA,NA,NA,NA,NA,NA,NA,NA,NA,NA,NA,NA,NA,NA,NA,NA,NA,NA,NA,NA,NA,NA,NA,NA,NA,NA,NA,NA,NA,NA,NA,NA,NA,NA,NA,NA,NA,NA,NA
0,Tinguipaya Municipality,Category:Municipalities of Potosí Department,32775132,6896,Q1477957,https://en.wikipedia.org/wiki/Tinguipaya_Municipality,6875,0,3,2001,"{{Infobox settlement
<!--See the Table at Infobox Settlement for all fields and descriptions of usage-->
<!-- Basic info  ---------------->
|official_name          = Tinguipaya Municipality
|other_name             =
|native_name            =
|nickname               =
|settlement_type        = Municipality
|motto                  =
<!-- images and maps  ----------->
|image_skyline          = 
|imagesize              =
|image_caption          = 
|image_flag             = 
|flag_size              = 
|image_seal             =
|seal_size              =
|image_shield           =
|shield_size            =
|image_blank_emblem     =
|blank_emblem_type      =
|blank_emblem_size      =
|image_map              =50102 Tinguipaya Municipio.png
|mapsize                =
|map_caption            =Location within Potosí Department
|image_map1             =
|mapsize1               =
|map_caption1           =
|image_dot_map          =
|dot_mapsize            =
|dot_map_caption        =
|dot_x =  |dot_y =
|pushpin_map            =Bolivia<!-- the name of a location map as per http://en.wikipedia.org/wiki/Template:Location_map -->
|pushpin_label_position =bottom
|pushpin_map_caption    =Location within Bolivia
<!-- Location ------------------>
|subdivision_type       = Country
|subdivision_name       ={{flag|Bolivia}}
|subdivision_type1      = [[Departments of Bolivia|Department]]
|subdivision_name1      = [[Potosí Department]]
|subdivision_type2      = [[Provinces of Bolivia|Province]]
|subdivision_name2      = [[Tomás Frías Province]]
<!-- Smaller parts (e.g. boroughs of a city) and seat of government -->
|seat_type              = Seat
|seat                   = [[Tinguipaya]]
<!-- Politics ----------------->
|government_footnotes   =
|government_type        =
|leader_title           = 
|leader_name            = 
|leader_title1          = <!-- for places with, say, both a mayor and a city manager -->
|leader_name1           =
|leader_title2          =
|leader_name2           =
|leader_title3          =
|leader_name3           =
|leader_title4          =
|leader_name4           =
|established_title      = <!-- Settled -->
|established_date       = 
|established_title2     =  <!-- Incorporated (town) -->
|established_date2      =
|established_title3     =  <!-- Incorporated (city) -->
|established_date3      =
<!-- Area    --------------------->
|area_magnitude         =
|unit_pref                =Imperial <!--Enter: Imperial, if Imperial (metric) is desired-->
|area_footnotes           =
|area_total_km2           =<!-- ALL fields dealing with a measurements are subject to automatic unit conversion-->
|area_land_km2            = <!--See table @ Template:Infobox Settlement for details on automatic unit conversion-->
|area_water_km2           =
|area_total_sq_mi         =
|area_land_sq_mi          =
|area_water_sq_mi         =
|area_water_percent       =
|area_urban_km2           =
|area_urban_sq_mi         =
|area_metro_km2           =
|area_metro_sq_mi         =
|area_blank1_title        =
|area_blank1_km2          =
|area_blank1_sq_mi        =
<!-- Population   ----------------------->
|population_as_of               = 2001
|population_footnotes           =
|population_note                =
|population_total               = 21794 
|population_density_km2         =
|population_density_sq_mi       =
|population_metro               =
|population_density_metro_km2   =
|population_density_metro_sq_mi =
|population_urban               =
|population_density_urban_km2   =
|population_density_urban_sq_mi =
|population_blank1_title        =Ethnicities
|population_blank1              =[[Quechua people|Quechua]]
|population_blank2_title        =Religions
|population_blank2              =
|population_density_blank1_km2 =
|population_density_blank1_sq_mi =
<!-- General information  --------------->
|timezone               = BOT
|utc_offset             = -4
|timezone_DST           =
|utc_offset_DST         =
|coordinates            = {{coord|19|23|S|66|0|W|region:BO|display=inline,title}}
|elevation_footnotes    =  <!--for references: use <ref> </ref> tags-->
|elevation_m            =
|elevation_ft           =
<!-- Area/postal codes & others -------->
|postal_code_type       =  <!-- enter ZIP code, Postcode, Post code, Postal code... -->
|postal_code            =
|area_code              =
|blank_name             =
|blank_info             =
|blank1_name            =
|blank1_info            =
|website                =
|footnotes              =
}}",,24,,NA,NA,Municipality,NA,NA,50102 Tinguipaya Municipio.png,Location within Potosí Department,Bolivia,bottom,Location within Bolivia,Country,Bolivia,Department,Potosí Department,NA,NA,NA,NA,NA,21794,2001,NA,NA,NA,NA,NA,BOT,NA,NA,NA,NA,Tinguipaya Municipality,NA,NA,NA,NA,NA,NA,NA,NA,NA,NA,NA,NA,NA,NA,NA,NA,NA,NA,NA,NA,NA,NA,Province,Tomás Frías Province,Seat,Tinguipaya,NA,NA,NA,NA,NA,NA,NA,NA,NA,NA,NA,NA,NA,NA,NA,Imperial,NA,NA,NA,NA,NA,NA,NA,NA,NA,NA,NA,NA,NA,NA,NA,NA,NA,NA,NA,NA,NA,Ethnicities,Quechua,Religions,NA,NA,NA,-4,NA,NA,NA,NA,NA,NA,NA,NA,NA,NA,NA,NA,NA,NA,NA,NA,NA,NA,NA,NA,NA,NA,NA,NA,NA,NA,NA,NA,NA,NA,NA,NA,NA,NA,NA,NA,NA,NA,NA,NA,NA,NA,NA,NA,NA,NA,NA
0,Tomave Municipality,Category:Municipalities of Potosí Department,32776429,6479,Q1477902,https://en.wikipedia.org/wiki/Tomave_Municipality,6465,1,4,2001,"{{Infobox settlement
<!--See the Table at Infobox Settlement for all fields and descriptions of usage-->
<!-- Basic info  ---------------->
|official_name          = Tomave 
|other_name             =
|native_name            =
|nickname               =
|settlement_type        = Municipality
|motto                  =
<!-- images and maps  ----------->
|image_skyline          = Bolivia-Ruta5-Potosí-Uyuni-2012.jpg
|imagesize              =
|image_caption          = Route 5 between Potosí and Uyuni in Tomave Municipality
|image_flag             = 
|flag_size              = 
|image_seal             =
|seal_size              =
|image_shield           =
|shield_size            =
|image_blank_emblem     =
|blank_emblem_type      =
|blank_emblem_size      =
|image_map              =51202 Tomave Municipio.png
|mapsize                =
|map_caption            =Location within Potosí Department
|image_map1             =
|mapsize1               =
|map_caption1           =
|image_dot_map          =
|dot_mapsize            =
|dot_map_caption        =
|dot_x =  |dot_y =
|pushpin_map            =Bolivia<!-- the name of a location map as per http://en.wikipedia.org/wiki/Template:Location_map -->
|pushpin_label_position =bottom
|pushpin_map_caption    =Location within Bolivia
<!-- Location ------------------>
|subdivision_type       = Country
|subdivision_name       ={{flag|Bolivia}}
|subdivision_type1      = [[Departments of Bolivia|Department]]
|subdivision_name1      = [[Potosí Department]]
|subdivision_type2      = [[Provinces of Bolivia|Province]]
|subdivision_name2      = [[Antonio Quijarro Province]]
<!-- Smaller parts (e.g. boroughs of a city) and seat of government -->
|seat_type              = Seat
|seat                   = [[Tomave]]
<!-- Politics ----------------->
|government_footnotes   =
|government_type        =
|leader_title           = 
|leader_name            = 
|leader_title1          = <!-- for places with, say, both a mayor and a city manager -->
|leader_name1           =
|leader_title2          =
|leader_name2           =
|leader_title3          =
|leader_name3           =
|leader_title4          =
|leader_name4           =
|established_title      = <!-- Settled -->
|established_date       = 
|established_title2     =  <!-- Incorporated (town) -->
|established_date2      =
|established_title3     =  <!-- Incorporated (city) -->
|established_date3      =
<!-- Area    --------------------->
|area_magnitude         =
|unit_pref                =Imperial <!--Enter: Imperial, if Imperial (metric) is desired-->
|area_footnotes           =
|area_total_km2           =<!-- ALL fields dealing with a measurements are subject to automatic unit conversion-->
|area_land_km2            = <!--See table @ Template:Infobox Settlement for details on automatic unit conversion-->
|area_water_km2           =
|area_total_sq_mi         =
|area_land_sq_mi          =
|area_water_sq_mi         =
|area_water_percent       =
|area_urban_km2           =
|area_urban_sq_mi         =
|area_metro_km2           =
|area_metro_sq_mi         =
|area_blank1_title        =
|area_blank1_km2          =
|area_blank1_sq_mi        =
<!-- Population   ----------------------->
|population_as_of               = 2001
|population_footnotes           =
|population_note                =
|population_total               = 12764 
|population_density_km2         =
|population_density_sq_mi       =
|population_metro               =
|population_density_metro_km2   =
|population_density_metro_sq_mi =
|population_urban               =
|population_density_urban_km2   =
|population_density_urban_sq_mi =
|population_blank1_title        =Ethnicities
|population_blank1              =[[Quechua people|Quechua]]
|population_blank2_title        =Religions
|population_blank2              =
|population_density_blank1_km2 =
|population_density_blank1_sq_mi =
<!-- General information  --------------->
|timezone               = BOT
|utc_offset             = -4
|timezone_DST           =
|utc_offset_DST         =
|coordinates            = {{coord|20|8|S|66|21|W|region:BO|display=inline,title}}
|elevation_footnotes    =  <!--for references: use <ref> </ref> tags-->
|elevation_m            =
|elevation_ft           =
<!-- Area/postal codes & others -------->
|postal_code_type       =  <!-- enter ZIP code, Postcode, Post code, Postal code... -->
|postal_code            =
|area_code              =
|blank_name             =
|blank_info             =
|blank1_name            =
|blank1_info            =
|website                =
|footnotes              =
}}",,26,,NA,Bolivia-Ruta5-Potosí-Uyuni-2012.jpg,Municipality,NA,NA,51202 Tomave Municipio.png,Location within Potosí Department,Bolivia,bottom,Location within Bolivia,Country,Bolivia,Department,Potosí Department,NA,NA,NA,NA,NA,12764,2001,NA,NA,NA,NA,NA,BOT,NA,NA,NA,NA,Tomave,NA,NA,NA,NA,NA,Route 5 between Potosí and Uyuni in Tomave Municipality,NA,NA,NA,NA,NA,NA,NA,NA,NA,NA,NA,NA,NA,NA,NA,NA,Province,Antonio Quijarro Province,Seat,Tomave,NA,NA,NA,NA,NA,NA,NA,NA,NA,NA,NA,NA,NA,NA,NA,Imperial,NA,NA,NA,NA,NA,NA,NA,NA,NA,NA,NA,NA,NA,NA,NA,NA,NA,NA,NA,NA,NA,Ethnicities,Quechua,Religions,NA,NA,NA,-4,NA,NA,NA,NA,NA,NA,NA,NA,NA,NA,NA,NA,NA,NA,NA,NA,NA,NA,NA,NA,NA,NA,NA,NA,NA,NA,NA,NA,NA,NA,NA,NA,NA,NA,NA,NA,NA,NA,NA,NA,NA,NA,NA,NA,NA,NA,NA
0,Tupiza Municipality,Category:Municipalities of Potosí Department,32774841,5900,Q1477662,https://en.wikipedia.org/wiki/Tupiza_Municipality,5893,0,2,2001,"{{Infobox settlement
<!--See the Table at Infobox Settlement for all fields and descriptions of usage-->
<!-- Basic info  ---------------->
|official_name          = Tupiza Municipality
|other_name             =
|native_name            =
|nickname               =
|settlement_type        = Municipality
|motto                  =
<!-- images and maps  ----------->
|image_skyline          = 224.Tupiza (13).JPG
|imagesize              =
|image_caption          = Tupiza
|image_flag             = 
|flag_size              = 
|image_seal             =
|seal_size              =
|image_shield           =
|shield_size            =
|image_blank_emblem     =
|blank_emblem_type      =
|blank_emblem_size      =
|image_map              =50801 Tupiza Municipio.png
|mapsize                =
|map_caption            =Location within Potosí Department
|image_map1             =
|mapsize1               =
|map_caption1           =
|image_dot_map          =
|dot_mapsize            =
|dot_map_caption        =
|dot_x =  |dot_y =
|pushpin_map            =Bolivia<!-- the name of a location map as per http://en.wikipedia.org/wiki/Template:Location_map -->
|pushpin_label_position =bottom
|pushpin_map_caption    =Location within Bolivia
<!-- Location ------------------>
|subdivision_type       = Country
|subdivision_name       ={{flag|Bolivia}}
|subdivision_type1      = [[Departments of Bolivia|Department]]
|subdivision_name1      = [[Potosí Department]]
|subdivision_type2      = [[Provinces of Bolivia|Province]]
|subdivision_name2      = [[Sud Chichas Province]]
<!-- Smaller parts (e.g. boroughs of a city) and seat of government -->
|seat_type              = Seat
|seat                   = [[Tupiza]]
<!-- Politics ----------------->
|government_footnotes   =
|government_type        =
|leader_title           = 
|leader_name            = 
|leader_title1          = <!-- for places with, say, both a mayor and a city manager -->
|leader_name1           =
|leader_title2          =
|leader_name2           =
|leader_title3          =
|leader_name3           =
|leader_title4          =
|leader_name4           =
|established_title      = <!-- Settled -->
|established_date       = 
|established_title2     =  <!-- Incorporated (town) -->
|established_date2      =
|established_title3     =  <!-- Incorporated (city) -->
|established_date3      =
<!-- Area    --------------------->
|area_magnitude         =
|unit_pref                =Imperial <!--Enter: Imperial, if Imperial (metric) is desired-->
|area_footnotes           =
|area_total_km2           =<!-- ALL fields dealing with a measurements are subject to automatic unit conversion-->
|area_land_km2            = <!--See table @ Template:Infobox Settlement for details on automatic unit conversion-->
|area_water_km2           =
|area_total_sq_mi         =
|area_land_sq_mi          =
|area_water_sq_mi         =
|area_water_percent       =
|area_urban_km2           =
|area_urban_sq_mi         =
|area_metro_km2           =
|area_metro_sq_mi         =
|area_blank1_title        =
|area_blank1_km2          =
|area_blank1_sq_mi        =
<!-- Population   ----------------------->
|population_as_of               = 2001
|population_footnotes           =
|population_note                =
|population_total               = 38337
|population_density_km2         =
|population_density_sq_mi       =
|population_metro               =
|population_density_metro_km2   =
|population_density_metro_sq_mi =
|population_urban               =
|population_density_urban_km2   =
|population_density_urban_sq_mi =
|population_blank1_title        =Ethnicities
|population_blank1              =[[Quechua people|Quechua]]
|population_blank2_title        =Religions
|population_blank2              =
|population_density_blank1_km2 =
|population_density_blank1_sq_mi =
<!-- General information  --------------->
|timezone               = BOT
|utc_offset             = -4
|timezone_DST           =
|utc_offset_DST         =
|coordinates            = {{coord|21|27|S|65|52|W|region:BO|display=inline,title}}
|elevation_footnotes    =  <!--for references: use <ref> </ref> tags-->
|elevation_m            =
|elevation_ft           =
<!-- Area/postal codes & others -------->
|postal_code_type       =  <!-- enter ZIP code, Postcode, Post code, Postal code... -->
|postal_code            =
|area_code              =
|blank_name             =
|blank_info             =
|blank1_name            =
|blank1_info            =
|website                =
|footnotes              =
}}",,26,,NA,224.Tupiza (13).JPG,Municipality,NA,NA,50801 Tupiza Municipio.png,Location within Potosí Department,Bolivia,bottom,Location within Bolivia,Country,Bolivia,Department,Potosí Department,NA,NA,NA,NA,NA,38337,2001,NA,NA,NA,NA,NA,BOT,NA,NA,NA,NA,Tupiza Municipality,NA,NA,NA,NA,NA,Tupiza,NA,NA,NA,NA,NA,NA,NA,NA,NA,NA,NA,NA,NA,NA,NA,NA,Province,Sud Chichas Province,Seat,Tupiza,NA,NA,NA,NA,NA,NA,NA,NA,NA,NA,NA,NA,NA,NA,NA,Imperial,NA,NA,NA,NA,NA,NA,NA,NA,NA,NA,NA,NA,NA,NA,NA,NA,NA,NA,NA,NA,NA,Ethnicities,Quechua,Religions,NA,NA,NA,-4,NA,NA,NA,NA,NA,NA,NA,NA,NA,NA,NA,NA,NA,NA,NA,NA,NA,NA,NA,NA,NA,NA,NA,NA,NA,NA,NA,NA,NA,NA,NA,NA,NA,NA,NA,NA,NA,NA,NA,NA,NA,NA,NA,NA,NA,NA,NA
0,Uncía Municipality,Category:Municipalities of Potosí Department,32775454,6107,Q624485,https://en.wikipedia.org/wiki/Uncía_Municipality,6092,0,2,2001,"{{Infobox settlement
<!--See the Table at Infobox Settlement for all fields and descriptions of usage-->
<!-- Basic info  ---------------->
|official_name          = Uncía Municipality
|other_name             =
|native_name            =
|nickname               =
|settlement_type        = Municipality
|motto                  =
<!-- images and maps  ----------->
|image_skyline          = Uncia 01.jpg
|imagesize              =
|image_caption          = Landscape near Uncía
|image_flag             = 
|flag_size              = 
|image_seal             =
|seal_size              =
|image_shield           =
|shield_size            =
|image_blank_emblem     =
|blank_emblem_type      =
|blank_emblem_size      =
|image_map              =50201 Uncia Municipio.png
|mapsize                =
|map_caption            =Location within Potosí Department
|image_map1             =
|mapsize1               =
|map_caption1           =
|image_dot_map          =
|dot_mapsize            =
|dot_map_caption        =
|dot_x =  |dot_y =
|pushpin_map            =Bolivia<!-- the name of a location map as per http://en.wikipedia.org/wiki/Template:Location_map -->
|pushpin_label_position =bottom
|pushpin_map_caption    =Location within Bolivia
<!-- Location ------------------>
|subdivision_type       = Country
|subdivision_name       ={{flag|Bolivia}}
|subdivision_type1      = [[Departments of Bolivia|Department]]
|subdivision_name1      = [[Potosí Department]]
|subdivision_type2      = [[Provinces of Bolivia|Province]]
|subdivision_name2      = [[Rafael Bustillo Province]]
<!-- Smaller parts (e.g. boroughs of a city) and seat of government -->
|seat_type              = Seat
|seat                   = [[Uncía]]
<!-- Politics ----------------->
|government_footnotes   =
|government_type        =
|leader_title           = 
|leader_name            = 
|leader_title1          = <!-- for places with, say, both a mayor and a city manager -->
|leader_name1           =
|leader_title2          =
|leader_name2           =
|leader_title3          =
|leader_name3           =
|leader_title4          =
|leader_name4           =
|established_title      = <!-- Settled -->
|established_date       = 
|established_title2     =  <!-- Incorporated (town) -->
|established_date2      =
|established_title3     =  <!-- Incorporated (city) -->
|established_date3      =
<!-- Area    --------------------->
|area_magnitude         =
|unit_pref                =Imperial <!--Enter: Imperial, if Imperial (metric) is desired-->
|area_footnotes           =
|area_total_km2           =<!-- ALL fields dealing with a measurements are subject to automatic unit conversion-->
|area_land_km2            = <!--See table @ Template:Infobox Settlement for details on automatic unit conversion-->
|area_water_km2           =
|area_total_sq_mi         =
|area_land_sq_mi          =
|area_water_sq_mi         =
|area_water_percent       =
|area_urban_km2           =
|area_urban_sq_mi         =
|area_metro_km2           =
|area_metro_sq_mi         =
|area_blank1_title        =
|area_blank1_km2          =
|area_blank1_sq_mi        =
<!-- Population   ----------------------->
|population_as_of               = 2001
|population_footnotes           =
|population_note                =
|population_total               = 18522 (without Chuquihuta Canton)
|population_density_km2         =
|population_density_sq_mi       =
|population_metro               =
|population_density_metro_km2   =
|population_density_metro_sq_mi =
|population_urban               =
|population_density_urban_km2   =
|population_density_urban_sq_mi =
|population_blank1_title        =Ethnicities
|population_blank1              =[[Quechua people|Quechua]], [[Aymara people|Aymara]]
|population_blank2_title        =Religions
|population_blank2              =
|population_density_blank1_km2 =
|population_density_blank1_sq_mi =
<!-- General information  --------------->
|timezone               = BOT
|utc_offset             = -4
|timezone_DST           =
|utc_offset_DST         =
|coordinates            = {{coord|18|36|S|66|26|W|region:BO|display=inline,title}}
|elevation_footnotes    =  <!--for references: use <ref> </ref> tags-->
|elevation_m            =
|elevation_ft           =
<!-- Area/postal codes & others -------->
|postal_code_type       =  <!-- enter ZIP code, Postcode, Post code, Postal code... -->
|postal_code            =
|area_code              =
|blank_name             =
|blank_info             =
|blank1_name            =
|blank1_info            =
|website                =
|footnotes              =
}}",,26,,NA,Uncia 01.jpg,Municipality,NA,NA,50201 Uncia Municipio.png,Location within Potosí Department,Bolivia,bottom,Location within Bolivia,Country,Bolivia,Department,Potosí Department,NA,NA,NA,NA,NA,18522 (without Chuquihuta Canton),2001,NA,NA,NA,NA,NA,BOT,NA,NA,NA,NA,Uncía Municipality,NA,NA,NA,NA,NA,Landscape near Uncía,NA,NA,NA,NA,NA,NA,NA,NA,NA,NA,NA,NA,NA,NA,NA,NA,Province,Rafael Bustillo Province,Seat,Uncía,NA,NA,NA,NA,NA,NA,NA,NA,NA,NA,NA,NA,NA,NA,NA,Imperial,NA,NA,NA,NA,NA,NA,NA,NA,NA,NA,NA,NA,NA,NA,NA,NA,NA,NA,NA,NA,NA,Ethnicities,"Quechua, Aymara",Religions,NA,NA,NA,-4,NA,NA,NA,NA,NA,NA,NA,NA,NA,NA,NA,NA,NA,NA,NA,NA,NA,NA,NA,NA,NA,NA,NA,NA,NA,NA,NA,NA,NA,NA,NA,NA,NA,NA,NA,NA,NA,NA,NA,NA,NA,NA,NA,NA,NA,NA,NA
0,Urmiri Municipality,Category:Municipalities of Potosí Department,32775256,5736,Q1478062,https://en.wikipedia.org/wiki/Urmiri_Municipality,5725,0,2,2001,"{{Infobox settlement
<!--See the Table at Infobox Settlement for all fields and descriptions of usage-->
<!-- Basic info  ---------------->
|official_name          = Urmiri Municipality
|other_name             =
|native_name            =
|nickname               =
|settlement_type        = Municipality
|motto                  =
<!-- images and maps  ----------->
|image_skyline          = 
|imagesize              =
|image_caption          = 
|image_flag             = 
|flag_size              = 
|image_seal             =
|seal_size              =
|image_shield           =
|shield_size            =
|image_blank_emblem     =
|blank_emblem_type      =
|blank_emblem_size      =
|image_map              =50104 Urmiri Municipio.png
|mapsize                =
|map_caption            =Location within Potosí Department
|image_map1             =
|mapsize1               =
|map_caption1           =
|image_dot_map          =
|dot_mapsize            =
|dot_map_caption        =
|dot_x =  |dot_y =
|pushpin_map            =Bolivia<!-- the name of a location map as per http://en.wikipedia.org/wiki/Template:Location_map -->
|pushpin_label_position =bottom
|pushpin_map_caption    =Location within Bolivia
<!-- Location ------------------>
|subdivision_type       = Country
|subdivision_name       ={{flag|Bolivia}}
|subdivision_type1      = [[Departments of Bolivia|Department]]
|subdivision_name1      = [[Potosí Department]]
|subdivision_type2      = [[Provinces of Bolivia|Province]]
|subdivision_name2      = [[Tomás Frías Province]]
<!-- Smaller parts (e.g. boroughs of a city) and seat of government -->
|seat_type              = Seat
|seat                   = [[Urmiri]]
<!-- Politics ----------------->
|government_footnotes   =
|government_type        =
|leader_title           = 
|leader_name            = 
|leader_title1          = <!-- for places with, say, both a mayor and a city manager -->
|leader_name1           =
|leader_title2          =
|leader_name2           =
|leader_title3          =
|leader_name3           =
|leader_title4          =
|leader_name4           =
|established_title      = <!-- Settled -->
|established_date       = 
|established_title2     =  <!-- Incorporated (town) -->
|established_date2      =
|established_title3     =  <!-- Incorporated (city) -->
|established_date3      =
<!-- Area    --------------------->
|area_magnitude         =
|unit_pref                =Imperial <!--Enter: Imperial, if Imperial (metric) is desired-->
|area_footnotes           =
|area_total_km2           =<!-- ALL fields dealing with a measurements are subject to automatic unit conversion-->
|area_land_km2            = <!--See table @ Template:Infobox Settlement for details on automatic unit conversion-->
|area_water_km2           =
|area_total_sq_mi         =
|area_land_sq_mi          =
|area_water_sq_mi         =
|area_water_percent       =
|area_urban_km2           =
|area_urban_sq_mi         =
|area_metro_km2           =
|area_metro_sq_mi         =
|area_blank1_title        =
|area_blank1_km2          =
|area_blank1_sq_mi        =
<!-- Population   ----------------------->
|population_as_of               = 2001
|population_footnotes           =
|population_note                =
|population_total               = 2025 
|population_density_km2         =
|population_density_sq_mi       =
|population_metro               =
|population_density_metro_km2   =
|population_density_metro_sq_mi =
|population_urban               =
|population_density_urban_km2   =
|population_density_urban_sq_mi =
|population_blank1_title        =Ethnicities
|population_blank1              =[[Quechua people|Quechua]], [[Aymara people|Aymara]]
|population_blank2_title        =Religions
|population_blank2              =
|population_density_blank1_km2 =
|population_density_blank1_sq_mi =
<!-- General information  --------------->
|timezone               = BOT
|utc_offset             = -4
|timezone_DST           =
|utc_offset_DST         =
|coordinates            = {{coord|19|30|S|66|10|W|region:BO|display=inline,title}}
|elevation_footnotes    =  <!--for references: use <ref> </ref> tags-->
|elevation_m            =
|elevation_ft           =
<!-- Area/postal codes & others -------->
|postal_code_type       =  <!-- enter ZIP code, Postcode, Post code, Postal code... -->
|postal_code            =
|area_code              =
|blank_name             =
|blank_info             =
|blank1_name            =
|blank1_info            =
|website                =
|footnotes              =
}}",,24,,NA,NA,Municipality,NA,NA,50104 Urmiri Municipio.png,Location within Potosí Department,Bolivia,bottom,Location within Bolivia,Country,Bolivia,Department,Potosí Department,NA,NA,NA,NA,NA,2025,2001,NA,NA,NA,NA,NA,BOT,NA,NA,NA,NA,Urmiri Municipality,NA,NA,NA,NA,NA,NA,NA,NA,NA,NA,NA,NA,NA,NA,NA,NA,NA,NA,NA,NA,NA,NA,Province,Tomás Frías Province,Seat,Urmiri,NA,NA,NA,NA,NA,NA,NA,NA,NA,NA,NA,NA,NA,NA,NA,Imperial,NA,NA,NA,NA,NA,NA,NA,NA,NA,NA,NA,NA,NA,NA,NA,NA,NA,NA,NA,NA,NA,Ethnicities,"Quechua, Aymara",Religions,NA,NA,NA,-4,NA,NA,NA,NA,NA,NA,NA,NA,NA,NA,NA,NA,NA,NA,NA,NA,NA,NA,NA,NA,NA,NA,NA,NA,NA,NA,NA,NA,NA,NA,NA,NA,NA,NA,NA,NA,NA,NA,NA,NA,NA,NA,NA,NA,NA,NA,NA
0,Uyuni Municipality,Category:Municipalities of Potosí Department,32776365,6383,Q1478014,https://en.wikipedia.org/wiki/Uyuni_Municipality,6372,1,3,2001,"{{Infobox settlement
<!--See the Table at Infobox Settlement for all fields and descriptions of usage-->
<!-- Basic info  ---------------->
|official_name          = Uyuni Municipality
|other_name             =
|native_name            =
|nickname               =
|settlement_type        = Municipality
|motto                  =
<!-- images and maps  ----------->
|image_skyline          = Praça de Uyuni, Bolivia.jpg
|imagesize              =
|image_caption          = Uyuni
|image_flag             = 
|flag_size              = 
|image_seal             =
|seal_size              =
|image_shield           =
|shield_size            =
|image_blank_emblem     =
|blank_emblem_type      =
|blank_emblem_size      =
|image_map              =51201 Uyuni Municipio.png
|mapsize                =
|map_caption            =Location within Potosí Department
|image_map1             =
|mapsize1               =
|map_caption1           =
|image_dot_map          =
|dot_mapsize            =
|dot_map_caption        =
|dot_x =  |dot_y =
|pushpin_map            =Bolivia<!-- the name of a location map as per http://en.wikipedia.org/wiki/Template:Location_map -->
|pushpin_label_position =bottom
|pushpin_map_caption    =Location within Bolivia
<!-- Location ------------------>
|subdivision_type       = Country
|subdivision_name       ={{flag|Bolivia}}
|subdivision_type1      = [[Departments of Bolivia|Department]]
|subdivision_name1      = [[Potosí Department]]
|subdivision_type2      = [[Provinces of Bolivia|Province]]
|subdivision_name2      = [[Antonio Quijarro Province]]
<!-- Smaller parts (e.g. boroughs of a city) and seat of government -->
|seat_type              = Seat
|seat                   = [[Uyuni]]
<!-- Politics ----------------->
|government_footnotes   =
|government_type        =
|leader_title           = 
|leader_name            = 
|leader_title1          = <!-- for places with, say, both a mayor and a city manager -->
|leader_name1           =
|leader_title2          =
|leader_name2           =
|leader_title3          =
|leader_name3           =
|leader_title4          =
|leader_name4           =
|established_title      = <!-- Settled -->
|established_date       = 
|established_title2     =  <!-- Incorporated (town) -->
|established_date2      =
|established_title3     =  <!-- Incorporated (city) -->
|established_date3      =
<!-- Area    --------------------->
|area_magnitude         =
|unit_pref                =Imperial <!--Enter: Imperial, if Imperial (metric) is desired-->
|area_footnotes           =
|area_total_km2           =<!-- ALL fields dealing with a measurements are subject to automatic unit conversion-->
|area_land_km2            = <!--See table @ Template:Infobox Settlement for details on automatic unit conversion-->
|area_water_km2           =
|area_total_sq_mi         =
|area_land_sq_mi          =
|area_water_sq_mi         =
|area_water_percent       =
|area_urban_km2           =
|area_urban_sq_mi         =
|area_metro_km2           =
|area_metro_sq_mi         =
|area_blank1_title        =
|area_blank1_km2          =
|area_blank1_sq_mi        =
<!-- Population   ----------------------->
|population_as_of               = 2001
|population_footnotes           =
|population_note                =
|population_total               = 18705
|population_density_km2         =
|population_density_sq_mi       =
|population_metro               =
|population_density_metro_km2   =
|population_density_metro_sq_mi =
|population_urban               =
|population_density_urban_km2   =
|population_density_urban_sq_mi =
|population_blank1_title        =Ethnicities
|population_blank1              =[[Quechua people|Quechua]], [[Aymara people|Aymara]]
|population_blank2_title        =Religions
|population_blank2              =
|population_density_blank1_km2 =
|population_density_blank1_sq_mi =
<!-- General information  --------------->
|timezone               = BOT
|utc_offset             = -4
|timezone_DST           =
|utc_offset_DST         =
|coordinates            = {{coord|20|3|S|66|56|W|region:BO|display=inline,title}}
|elevation_footnotes    =  <!--for references: use <ref> </ref> tags-->
|elevation_m            =3650
|elevation_ft           =
<!-- Area/postal codes & others -------->
|postal_code_type       =  <!-- enter ZIP code, Postcode, Post code, Postal code... -->
|postal_code            =
|area_code              =
|blank_name             =
|blank_info             =
|blank1_name            =
|blank1_info            =
|website                =
|footnotes              =
}}",,27,,NA,"Praça de Uyuni, Bolivia.jpg",Municipality,NA,NA,51201 Uyuni Municipio.png,Location within Potosí Department,Bolivia,bottom,Location within Bolivia,Country,Bolivia,Department,Potosí Department,NA,NA,NA,NA,NA,18705,2001,NA,NA,NA,3650,NA,BOT,NA,NA,NA,NA,Uyuni Municipality,NA,NA,NA,NA,NA,Uyuni,NA,NA,NA,NA,NA,NA,NA,NA,NA,NA,NA,NA,NA,NA,NA,NA,Province,Antonio Quijarro Province,Seat,Uyuni,NA,NA,NA,NA,NA,NA,NA,NA,NA,NA,NA,NA,NA,NA,NA,Imperial,NA,NA,NA,NA,NA,NA,NA,NA,NA,NA,NA,NA,NA,NA,NA,NA,NA,NA,NA,NA,NA,Ethnicities,"Quechua, Aymara",Religions,NA,NA,NA,-4,NA,NA,NA,NA,NA,NA,NA,NA,NA,NA,NA,NA,NA,NA,NA,NA,NA,NA,NA,NA,NA,NA,NA,NA,NA,NA,NA,NA,NA,NA,NA,NA,NA,NA,NA,NA,NA,NA,NA,NA,NA,NA,NA,NA,NA,NA,NA
0,Vitichi Municipality,Category:Municipalities of Potosí Department,32777043,5754,Q1533308,https://en.wikipedia.org/wiki/Vitichi_Municipality,5747,0,2,2001,"{{Infobox settlement
<!--See the Table at Infobox Settlement for all fields and descriptions of usage-->
<!-- Basic info  ---------------->
|official_name          = Vitichi Municipality
|other_name             =
|native_name            =
|nickname               =
|settlement_type        = Municipality
|motto                  =
<!-- images and maps  ----------->
|image_skyline          = Vista Panoramica2.jpg
|imagesize              =
|image_caption          = Vichichi and [[Vitichi River]]
|image_flag             = 
|flag_size              = 
|image_seal             =
|seal_size              =
|image_shield           =
|shield_size            =
|image_blank_emblem     =
|blank_emblem_type      =
|blank_emblem_size      =
|image_map              =50602 Vitichi Municipio.png
|mapsize                =
|map_caption            =Location within Potosí Department
|image_map1             =
|mapsize1               =
|map_caption1           =
|image_dot_map          =
|dot_mapsize            =
|dot_map_caption        =
|dot_x =  |dot_y =
|pushpin_map            =Bolivia<!-- the name of a location map as per http://en.wikipedia.org/wiki/Template:Location_map -->
|pushpin_label_position =bottom
|pushpin_map_caption    =Location within Bolivia
<!-- Location ------------------>
|subdivision_type       = Country
|subdivision_name       ={{flag|Bolivia}}
|subdivision_type1      = [[Departments of Bolivia|Department]]
|subdivision_name1      = [[Potosí Department]]
|subdivision_type2      = [[Provinces of Bolivia|Province]]
|subdivision_name2      = [[Nor Chichas Province]]
<!-- Smaller parts (e.g. boroughs of a city) and seat of government -->
|seat_type              = Seat
|seat                   = [[Vitichi]]
<!-- Politics ----------------->
|government_footnotes   =
|government_type        =
|leader_title           = 
|leader_name            = 
|leader_title1          = <!-- for places with, say, both a mayor and a city manager -->
|leader_name1           =
|leader_title2          =
|leader_name2           =
|leader_title3          =
|leader_name3           =
|leader_title4          =
|leader_name4           =
|established_title      = <!-- Settled -->
|established_date       = 
|established_title2     =  <!-- Incorporated (town) -->
|established_date2      =
|established_title3     =  <!-- Incorporated (city) -->
|established_date3      =
<!-- Area    --------------------->
|area_magnitude         =
|unit_pref                =Imperial <!--Enter: Imperial, if Imperial (metric) is desired-->
|area_footnotes           =
|area_total_km2           =<!-- ALL fields dealing with a measurements are subject to automatic unit conversion-->
|area_land_km2            = <!--See table @ Template:Infobox Settlement for details on automatic unit conversion-->
|area_water_km2           =
|area_total_sq_mi         =
|area_land_sq_mi          =
|area_water_sq_mi         =
|area_water_percent       =
|area_urban_km2           =
|area_urban_sq_mi         =
|area_metro_km2           =
|area_metro_sq_mi         =
|area_blank1_title        =
|area_blank1_km2          =
|area_blank1_sq_mi        =
<!-- Population   ----------------------->
|population_as_of               = 2001
|population_footnotes           =
|population_note                =
|population_total               = 11298 
|population_density_km2         =
|population_density_sq_mi       =
|population_metro               =
|population_density_metro_km2   =
|population_density_metro_sq_mi =
|population_urban               =
|population_density_urban_km2   =
|population_density_urban_sq_mi =
|population_blank1_title        =Ethnicities
|population_blank1              =[[Quechua people|Quechua]]
|population_blank2_title        =Religions
|population_blank2              =
|population_density_blank1_km2 =
|population_density_blank1_sq_mi =
<!-- General information  --------------->
|timezone               = BOT
|utc_offset             = -4
|timezone_DST           =
|utc_offset_DST         =
|coordinates            = {{coord|20|24|S|65|29|W|region:BO|display=inline,title}}
|elevation_footnotes    =  <!--for references: use <ref> </ref> tags-->
|elevation_m            =3200
|elevation_ft           =
<!-- Area/postal codes & others -------->
|postal_code_type       =  <!-- enter ZIP code, Postcode, Post code, Postal code... -->
|postal_code            =
|area_code              =
|blank_name             =
|blank_info             =
|blank1_name            =
|blank1_info            =
|website                =
|footnotes              =
}}",,27,,NA,Vista Panoramica2.jpg,Municipality,NA,NA,50602 Vitichi Municipio.png,Location within Potosí Department,Bolivia,bottom,Location within Bolivia,Country,Bolivia,Department,Potosí Department,NA,NA,NA,NA,NA,11298,2001,NA,NA,NA,3200,NA,BOT,NA,NA,NA,NA,Vitichi Municipality,NA,NA,NA,NA,NA,Vichichi and Vitichi River,NA,NA,NA,NA,NA,NA,NA,NA,NA,NA,NA,NA,NA,NA,NA,NA,Province,Nor Chichas Province,Seat,Vitichi,NA,NA,NA,NA,NA,NA,NA,NA,NA,NA,NA,NA,NA,NA,NA,Imperial,NA,NA,NA,NA,NA,NA,NA,NA,NA,NA,NA,NA,NA,NA,NA,NA,NA,NA,NA,NA,NA,Ethnicities,Quechua,Religions,NA,NA,NA,-4,NA,NA,NA,NA,NA,NA,NA,NA,NA,NA,NA,NA,NA,NA,NA,NA,NA,NA,NA,NA,NA,NA,NA,NA,NA,NA,NA,NA,NA,NA,NA,NA,NA,NA,NA,NA,NA,NA,NA,NA,NA,NA,NA,NA,NA,NA,NA
0,Yocalla Municipality,Category:Municipalities of Potosí Department,32775146,6514,Q1477980,https://en.wikipedia.org/wiki/Yocalla_Municipality,6498,0,3,2001,"{{Infobox settlement
<!--See the Table at Infobox Settlement for all fields and descriptions of usage-->
<!-- Basic info  ---------------->
|official_name          = Yocalla Municipality
|other_name             =
|native_name            =
|nickname               =
|settlement_type        = Municipality
|motto                  =
<!-- images and maps  ----------->
|image_skyline          = Frailes 3342.jpg
|imagesize              =
|image_caption          = Cordillera de los Frailes, looking west. Pari Chata (Yocalla Municipality) is on the right in the background, left of it is the Pillku Mayu valley.
|image_flag             = 
|flag_size              = 
|image_seal             =
|seal_size              =
|image_shield           =
|shield_size            =
|image_blank_emblem     =
|blank_emblem_type      =
|blank_emblem_size      =
|image_map              =50103 Yocalla Municipio.png
|mapsize                =
|map_caption            =Location within Potosí Department
|image_map1             =
|mapsize1               =
|map_caption1           =
|image_dot_map          =
|pushpin_map            =Bolivia<!-- the name of a location map as per http://en.wikipedia.org/wiki/Template:Location_map -->
|pushpin_label_position =bottom
|pushpin_map_caption    =Location within Bolivia
<!-- Location ------------------>
|subdivision_type       = Country
|subdivision_name       ={{flag|Bolivia}}
|subdivision_type1      = [[Departments of Bolivia|Department]]
|subdivision_name1      = [[Potosí Department]]
|subdivision_type2      = [[Provinces of Bolivia|Province]]
|subdivision_name2      = [[Tomás Frías Province]]
<!-- Smaller parts (e.g. boroughs of a city) and seat of government -->
|seat_type              = Seat
|seat                   = [[Yocalla]]
<!-- Politics ----------------->
|government_footnotes   =
|government_type        =
|leader_title           = 
|leader_name            = 
|leader_title1          = <!-- for places with, say, both a mayor and a city manager -->
|leader_name1           =
|leader_title2          =
|leader_name2           =
|leader_title3          =
|leader_name3           =
|leader_title4          =
|leader_name4           =
|established_title      = <!-- Settled -->
|established_date       = 
|established_title2     =  <!-- Incorporated (town) -->
|established_date2      =
|established_title3     =  <!-- Incorporated (city) -->
|established_date3      =
<!-- Area    --------------------->
|area_magnitude         =
|unit_pref                =Imperial <!--Enter: Imperial, if Imperial (metric) is desired-->
|area_footnotes           =
|area_total_km2           =<!-- ALL fields dealing with a measurements are subject to automatic unit conversion-->
|area_land_km2            = <!--See table @ Template:Infobox Settlement for details on automatic unit conversion-->
|area_water_km2           =
|area_total_sq_mi         =
|area_land_sq_mi          =
|area_water_sq_mi         =
|area_water_percent       =
|area_urban_km2           =
|area_urban_sq_mi         =
|area_metro_km2           =
|area_metro_sq_mi         =
|area_blank1_title        =
|area_blank1_km2          =
|area_blank1_sq_mi        =
<!-- Population   ----------------------->
|population_as_of               = 2001
|population_footnotes           =
|population_note                =
|population_total               = 8046
|population_density_km2         =
|population_density_sq_mi       =
|population_metro               =
|population_density_metro_km2   =
|population_density_metro_sq_mi =
|population_urban               =
|population_density_urban_km2   =
|population_density_urban_sq_mi =
|population_blank1_title        =Ethnicities
|population_blank1              =[[Quechua people|Quechua]]
|population_blank2_title        =Religions
|population_blank2              =
|population_density_blank1_km2 =
|population_density_blank1_sq_mi =
<!-- General information  --------------->
|timezone               = BOT
|utc_offset             = -4
|timezone_DST           =
|utc_offset_DST         =
|coordinates            = {{coord|19|23|S|65|55|W|region:BO|display=inline,title}}
|elevation_footnotes    =  <!--for references: use <ref> </ref> tags-->
|elevation_m            =
|elevation_ft           =
<!-- Area/postal codes & others -------->
|postal_code_type       =  <!-- enter ZIP code, Postcode, Post code, Postal code... -->
|postal_code            =
|area_code              =
|blank_name             =
|blank_info             =
|blank1_name            =
|blank1_info            =
|website                =
|footnotes              =
}}",,26,,NA,Frailes 3342.jpg,Municipality,NA,NA,50103 Yocalla Municipio.png,Location within Potosí Department,Bolivia,bottom,Location within Bolivia,Country,Bolivia,Department,Potosí Department,NA,NA,NA,NA,NA,8046,2001,NA,NA,NA,NA,NA,BOT,NA,NA,NA,NA,Yocalla Municipality,NA,NA,NA,NA,NA,"Cordillera de los Frailes, looking west. Pari Chata (Yocalla Municipality) is on the right in the background, left of it is the Pillku Mayu valley.",NA,NA,NA,NA,NA,NA,NA,NA,NA,NA,NA,NA,NA,NA,NA,NA,Province,Tomás Frías Province,Seat,Yocalla,NA,NA,NA,NA,NA,NA,NA,NA,NA,NA,NA,NA,NA,NA,NA,Imperial,NA,NA,NA,NA,NA,NA,NA,NA,NA,NA,NA,NA,NA,NA,NA,NA,NA,NA,NA,NA,NA,Ethnicities,Quechua,Religions,NA,NA,NA,-4,NA,NA,NA,NA,NA,NA,NA,NA,NA,NA,NA,NA,NA,NA,NA,NA,NA,NA,NA,NA,NA,NA,NA,NA,NA,NA,NA,NA,NA,NA,NA,NA,NA,NA,NA,NA,NA,NA,NA,NA,NA,NA,NA,NA,NA,NA,NA
0,"El Puente Municipality, Santa Cruz",Category:Municipalities of Santa Cruz Department,26055420,5107,Q1324520,"https://en.wikipedia.org/wiki/El_Puente_Municipality,_Santa_Cruz",5095,2,3,,"{{Infobox settlement
|official_name          =El Puente
|other_name             =
|native_name            =  
|nickname               = 
|settlement_type        =[[Municipalities of Bolivia|Municipality]]
|motto                  =
|image_skyline          =
|imagesize              = 
|image_caption          = 
|image_flag             = 
|flag_size              =
|image_seal             = 
|seal_size              =
|image_map              = 
|mapsize                = 
|map_caption            = 
|pushpin_map            =
|pushpin_label_position =bottom
|pushpin_mapsize=
|pushpin_map_caption    =
|subdivision_type       = Country
|subdivision_name       ={{flag|Bolivia}}
|subdivision_type1      = [[Departments of Bolivia|Department]] 
|subdivision_name1      = [[Santa Cruz Department, Bolivia|Santa Cruz Department]]
|subdivision_type2      = [[Provinces of Bolivia|Province]]
|subdivision_name2      = [[Guarayos Province]]
|government_footnotes   =
|government_type        =
|leader_title           =
|leader_name            =
|established_title      =  
|established_date       = 
|area_magnitude         = 
|unit_pref                = 
|area_footnotes           =
|area_total_km2           = 
|area_land_km2            = 
|population_as_of               = 
|population_footnotes           =
|population_note                =
|population_total               =
|population_density_km2         =
|timezone               = BST
|utc_offset             =  -4
|coordinates            = 
|elevation_footnotes    = 
|elevation_m            = 
|elevation_ft           = 
|postal_code_type       = 
|postal_code            =
|area_code              =
|blank_name             =
|blank_info             =
|website                = 
|footnotes              = 
}}",,11,,NA,NA,Municipality,NA,NA,NA,NA,NA,bottom,NA,Country,Bolivia,Department,Santa Cruz Department,NA,NA,NA,NA,NA,NA,NA,NA,NA,NA,NA,NA,BST,NA,NA,NA,NA,El Puente,NA,NA,NA,NA,NA,NA,NA,NA,NA,NA,NA,NA,NA,NA,NA,NA,NA,NA,NA,NA,NA,NA,Province,Guarayos Province,NA,NA,NA,NA,NA,NA,NA,NA,NA,NA,NA,NA,NA,NA,NA,NA,NA,NA,NA,NA,NA,NA,NA,NA,NA,NA,NA,NA,NA,NA,NA,NA,NA,NA,NA,NA,NA,NA,NA,NA,NA,NA,NA,NA,NA,-4,NA,NA,NA,NA,NA,NA,NA,NA,NA,NA,NA,NA,NA,NA,NA,NA,NA,NA,NA,NA,NA,NA,NA,NA,NA,NA,NA,NA,NA,NA,NA,NA,NA,NA,NA,NA,NA,NA,NA,NA,NA,NA,NA,NA,NA,NA,NA
0,Okinawa Uno Municipality,Category:Municipalities of Santa Cruz Department,83158477,4966,Q1108266,https://en.wikipedia.org/wiki/Okinawa_Uno_Municipality,4874,11,11,"2001, 2012, 2024",NA,,0,,NA,NA,NA,NA,NA,NA,NA,NA,NA,NA,NA,NA,NA,NA,NA,NA,NA,NA,NA,NA,NA,NA,NA,NA,NA,NA,NA,NA,NA,NA,NA,NA,NA,NA,NA,NA,NA,NA,NA,NA,NA,NA,NA,NA,NA,NA,NA,NA,NA,NA,NA,NA,NA,NA,NA,NA,NA,NA,NA,NA,NA,NA,NA,NA,NA,NA,NA,NA,NA,NA,NA,NA,NA,NA,NA,NA,NA,NA,NA,NA,NA,NA,NA,NA,NA,NA,NA,NA,NA,NA,NA,NA,NA,NA,NA,NA,NA,NA,NA,NA,NA,NA,NA,NA,NA,NA,NA,NA,NA,NA,NA,NA,NA,NA,NA,NA,NA,NA,NA,NA,NA,NA,NA,NA,NA,NA,NA,NA,NA,NA,NA,NA,NA,NA,NA,NA,NA,NA,NA,NA,NA,NA,NA,NA,NA,NA,NA,NA,NA
0,Puerto Fernández Alonso,Category:Municipalities of Santa Cruz Department,72753764,1897,Q371664,https://en.wikipedia.org/wiki/Puerto_Fernández_Alonso,1886,3,5,,"{{Infobox settlement
| name                     = Fernández Alonso
| native_name_lang         = es
| settlement_type          = Municipality
| coordinates              = {{coord|17|06|00|S|63|14|00|W}}
| subdivision_type         = Country
| subdivision_name         = {{flag|Bolivia}}
| subdivision_type1        = Department
| subdivision_name1        = [[Santa Cruz Department (Bolivia)|Santa Cruz Department]]
| subdivision_type2        = province
| subdivision_name2        = [[Obispo Santistevan Province]]
| seat                     = [[Fernández Alonso]]
| area_total_km2           = 760.1
| population_total         = 15117
}}",,13,,Fernández Alonso,NA,Municipality,NA,NA,NA,NA,NA,NA,NA,Country,Bolivia,Department,Santa Cruz Department,NA,NA,NA,NA,NA,15117,NA,NA,760.1,NA,NA,NA,NA,NA,NA,NA,NA,NA,NA,NA,NA,NA,NA,NA,NA,NA,NA,NA,NA,NA,NA,NA,NA,NA,NA,NA,NA,NA,NA,NA,province,Obispo Santistevan Province,NA,Fernández Alonso,NA,NA,NA,NA,NA,NA,NA,NA,NA,NA,NA,NA,NA,NA,NA,NA,NA,NA,NA,NA,NA,NA,NA,NA,NA,NA,NA,NA,NA,NA,NA,NA,NA,NA,NA,NA,NA,NA,NA,NA,NA,NA,NA,NA,NA,NA,NA,NA,NA,NA,NA,NA,NA,NA,NA,NA,NA,NA,es,NA,NA,NA,NA,NA,NA,NA,NA,NA,NA,NA,NA,NA,NA,NA,NA,NA,NA,NA,NA,NA,NA,NA,NA,NA,NA,NA,NA,NA,NA,NA,NA
0,San Ignacio de Velasco Municipality,Category:Municipalities of Santa Cruz Department,21297019,2059,Q916322,https://en.wikipedia.org/wiki/San_Ignacio_de_Velasco_Municipality,2054,0,0,,NA,,0,,NA,NA,NA,NA,NA,NA,NA,NA,NA,NA,NA,NA,NA,NA,NA,NA,NA,NA,NA,NA,NA,NA,NA,NA,NA,NA,NA,NA,NA,NA,NA,NA,NA,NA,NA,NA,NA,NA,NA,NA,NA,NA,NA,NA,NA,NA,NA,NA,NA,NA,NA,NA,NA,NA,NA,NA,NA,NA,NA,NA,NA,NA,NA,NA,NA,NA,NA,NA,NA,NA,NA,NA,NA,NA,NA,NA,NA,NA,NA,NA,NA,NA,NA,NA,NA,NA,NA,NA,NA,NA,NA,NA,NA,NA,NA,NA,NA,NA,NA,NA,NA,NA,NA,NA,NA,NA,NA,NA,NA,NA,NA,NA,NA,NA,NA,NA,NA,NA,NA,NA,NA,NA,NA,NA,NA,NA,NA,NA,NA,NA,NA,NA,NA,NA,NA,NA,NA,NA,NA,NA,NA,NA,NA,NA,NA,NA,NA,NA,NA
0,"San Julián Municipality, Santa Cruz",Category:Municipalities of Santa Cruz Department,56417115,5471,Q204307,"https://en.wikipedia.org/wiki/San_Julián_Municipality,_Santa_Cruz",5442,2,4,2012,"{{Infobox settlement
|official_name          =San Julián Municipality
|other_name             =
|native_name            =Municipalidad de San Julián 
|nickname               = 
|settlement_type        = Municipality
|motto                  =
|image_skyline          =
|imagesize              = 
|image_caption          = 
|image_flag             = 
|flag_size              =
|image_seal             = 
|seal_size              =
|image_map              = Location San Julián Municipality.png
|mapsize                = 
|map_caption            = San Julián Municipality (red) within Ñuflo de Chávez Province (green) and Santa Cruz Department of Bolivia
|pushpin_map            =
|pushpin_label_position =bottom
|pushpin_mapsize=
|pushpin_map_caption    =
|subdivision_type       = Country
|subdivision_name       ={{flag|Bolivia}}
|subdivision_type1      = [[Departments of Bolivia|Department]] 
|subdivision_name1      =
|subdivision_type2      = [[Provinces of Bolivia|Province]]
|subdivision_name2      =
|subdivision_type3      = [[Municipalities of Bolivia|Municipality]]
|subdivision_name3      =
|government_footnotes   =
|government_type        =
|leader_title           =
|leader_name            =
|established_title      =  
|established_date       = 
|area_magnitude         = 
|unit_pref                = Metric 
|area_footnotes           =
|area_total_km2           = 
|area_land_km2            = 
|population_as_of               = 
|population_footnotes           =
|population_note                =
|population_total               =
|population_density_km2         =
|timezone               = BOT
|utc_offset             =  -4
|coordinates            = 
|elevation_footnotes    = 
|elevation_m            = 
|elevation_ft           = 
|postal_code_type       = 
|postal_code            =
|area_code              =
|blank_name             =
|blank_info             =
|website                = 
|footnotes              = 
}}",,14,,NA,NA,Municipality,NA,NA,Location San Julián Municipality.png,San Julián Municipality (red) within Ñuflo de Chávez Province (green) and Santa Cruz Department of Bolivia,NA,bottom,NA,Country,Bolivia,Department,NA,NA,NA,NA,NA,NA,NA,NA,NA,NA,NA,NA,NA,BOT,NA,NA,NA,NA,San Julián Municipality,NA,Municipalidad de San Julián,NA,NA,NA,NA,NA,NA,NA,NA,NA,NA,NA,NA,NA,NA,NA,NA,NA,NA,NA,NA,Province,NA,NA,NA,NA,NA,NA,NA,NA,NA,NA,NA,NA,NA,NA,NA,NA,NA,NA,Metric,NA,NA,NA,NA,NA,NA,NA,NA,NA,NA,NA,NA,NA,NA,NA,NA,NA,NA,NA,NA,NA,NA,NA,NA,NA,NA,NA,-4,NA,NA,NA,NA,NA,NA,NA,NA,NA,NA,NA,NA,NA,NA,NA,NA,NA,NA,NA,NA,NA,NA,NA,NA,NA,NA,NA,NA,NA,Municipality,NA,NA,NA,NA,NA,NA,NA,NA,NA,NA,NA,NA,NA,NA,NA,NA,NA
0,"San Pedro, Santistevan",Category:Municipalities of Santa Cruz Department,26055803,5328,Q2219897,"https://en.wikipedia.org/wiki/San_Pedro,_Santistevan",5314,3,3,,"{{Infobox settlement
|official_name          =San Pedro (Santistevan)
|other_name             =
|native_name            =  
|nickname               = 
|settlement_type        =Town
|motto                  =
|image_skyline          =
|imagesize              = 
|image_caption          = 
|image_flag             = 
|flag_size              =
|image_seal             = 
|seal_size              =
|image_map              = 
|mapsize                = 
|map_caption            = 
|pushpin_map            =
|pushpin_label_position =bottom
|pushpin_mapsize=
|pushpin_map_caption    =
|subdivision_type       = Country
|subdivision_name       ={{flag|Bolivia}}
|subdivision_type1      = [[Departments of Bolivia|Department]] 
|subdivision_name1      =
|subdivision_type2      = [[Provinces of Bolivia|Province]]
|subdivision_name2      =
|subdivision_type3      = [[Municipalities of Bolivia|Municipality]]
|subdivision_name3      =
|government_footnotes   =
|government_type        =
|leader_title           =
|leader_name            =
|established_title      =  
|established_date       = 
|area_magnitude         = 
|unit_pref                =Imperial 
|area_footnotes           =
|area_total_km2           = 
|area_land_km2            = 
|population_as_of               = 
|population_footnotes           =
|population_note                =
|population_total               =
|population_density_km2         =
|timezone               = BOT
|utc_offset             =  -4
|coordinates            = 
|elevation_footnotes    = 
|elevation_m            = 
|elevation_ft           = 
|postal_code_type       = 
|postal_code            =
|area_code              =
|blank_name             =
|blank_info             =
|website                = 
|footnotes              = 
}}",,11,,NA,NA,Town,NA,NA,NA,NA,NA,bottom,NA,Country,Bolivia,Department,NA,NA,NA,NA,NA,NA,NA,NA,NA,NA,NA,NA,NA,BOT,NA,NA,NA,NA,San Pedro (Santistevan),NA,NA,NA,NA,NA,NA,NA,NA,NA,NA,NA,NA,NA,NA,NA,NA,NA,NA,NA,NA,NA,NA,Province,NA,NA,NA,NA,NA,NA,NA,NA,NA,NA,NA,NA,NA,NA,NA,NA,NA,NA,Imperial,NA,NA,NA,NA,NA,NA,NA,NA,NA,NA,NA,NA,NA,NA,NA,NA,NA,NA,NA,NA,NA,NA,NA,NA,NA,NA,NA,-4,NA,NA,NA,NA,NA,NA,NA,NA,NA,NA,NA,NA,NA,NA,NA,NA,NA,NA,NA,NA,NA,NA,NA,NA,NA,NA,NA,NA,NA,Municipality,NA,NA,NA,NA,NA,NA,NA,NA,NA,NA,NA,NA,NA,NA,NA,NA,NA
0,"San Rafael Municipality, Santa Cruz",Category:Municipalities of Santa Cruz Department,21297201,6436,Q1108286,"https://en.wikipedia.org/wiki/San_Rafael_Municipality,_Santa_Cruz",6431,0,2,2001,"{{Infobox settlement
<!--See the Table at Infobox Settlement for all fields and descriptions of usage-->
<!-- Basic info  ---------------->
|official_name          = San Rafael Municipality, Bolivia
|other_name             =
|native_name            = 
|nickname               = 
|settlement_type        = Municipality 
|motto                  =
<!-- images and maps  ----------->
|image_skyline          =San_Rafael_de_Velasco_005.JPG
|imagesize              = 250px
|image_caption          = Mission church in [[San Rafael de Velasco]]
|image_flag             = 
|flag_size              =
|image_seal             = 
|seal_size              =
|image_shield           = 
|shield_size            =
|image_blank_emblem     =
|blank_emblem_type      =
|blank_emblem_size      =
|image_map              = 
|mapsize                = 
|map_caption            = 
|image_map1             = 
|mapsize1               = 
|map_caption1           = 
|image_dot_map          =
|dot_mapsize            =
|dot_map_caption        =
|dot_x =  |dot_y =
|pushpin_map            = Bolivia<!-- the name of a location map as per http://en.wikipedia.org/wiki/Template:Location_map -->
|pushpin_label_position =bottom
|pushpin_map_caption    =Location of San Rafael within Bolivia
<!-- Location ------------------>
|subdivision_type       = Country
|subdivision_name       = [[Image:Flag of Bolivia.svg|25px]] [[Bolivia]]
|subdivision_type1      = [[Departments of Bolivia|Department]]
|subdivision_name1      = [[Santa Cruz Department (Bolivia)|Santa Cruz Department]]
|subdivision_type2      = [[Provinces of Bolivia|Province]]
|subdivision_name2      = [[José Miguel de Velasco Province]]
<!-- Smaller parts (e.g. boroughs of a city) and seat of government -->
|seat_type              = Seat
|seat                   = [[San Rafael de Velasco]]
<!-- Politics ----------------->
|government_footnotes   =
|government_type        = 
|leader_title           = Mayor
|leader_name            = Rosauro Flores Silva 
|leader_title1          = President<!-- for places with, say, both a mayor and a city manager -->
|leader_name1           = Carmelo Flores Dorado
|leader_title2          = 
|leader_name2           = 
|leader_title3          =
|leader_name3           =
|leader_title4          =
|leader_name4           =
|established_title      =  <!-- Settled -->
|established_date       = 
|established_title2     =  <!-- Incorporated (town) -->
|established_date2      = 
|established_title3     =  <!-- Incorporated (city) -->
|established_date3      =
<!-- Area    --------------------->
|area_magnitude         = 
|unit_pref                =Imperial <!--Enter: Imperial, if Imperial (metric) is desired-->
|area_footnotes           =
|area_total_km2           = 9824.33<!-- ALL fields dealing with a measurements are subject to automatic unit conversion-->
|area_land_km2            = <!--See table @ Template:Infobox Settlement for details on automatic unit conversion-->
|area_water_km2           =
|area_total_sq_mi         =
|area_land_sq_mi          =
|area_water_sq_mi         =
|area_water_percent       =
|area_urban_km2           =
|area_urban_sq_mi         =
|area_metro_km2           =
|area_metro_sq_mi         =
|area_blank1_title        =
|area_blank1_km2          =
|area_blank1_sq_mi        =
<!-- Population   ----------------------->
|population_as_of               = 2001
|population_footnotes           =
|population_note                =
|population_total               = 5017
|population_density_km2         =
|population_density_sq_mi       =
|population_metro               =
|population_density_metro_km2   =
|population_density_metro_sq_mi =
|population_urban               =
|population_density_urban_km2   =
|population_density_urban_sq_mi =
|population_blank1_title        =Ethnicities
|population_blank1              =
|population_blank2_title        =Religions
|population_blank2              =
|population_density_blank1_km2 =   
|population_density_blank1_sq_mi =
<!-- General information  --------------->
|timezone               = 
|utc_offset             = 
|timezone_DST           = 
|utc_offset_DST         =
|coordinates            = {{coord|16|47|12.84|S|60|40|25.68|W|region:BO|display=inline,title}}
|elevation_footnotes    =  <!--for references: use <ref> </ref> tags-->
|elevation_m            = 
|elevation_ft           =
<!-- Area/postal codes & others -------->
|postal_code_type       =  <!-- enter ZIP code, Postcode, Post code, Postal code... -->
|postal_code            =
|area_code              =
|blank_name             =
|blank_info             =
|blank1_name            =
|blank1_info            =
|website                = 
|footnotes              = 
}}",,27,,NA,San_Rafael_de_Velasco_005.JPG,Municipality,NA,NA,NA,NA,Bolivia,bottom,Location of San Rafael within Bolivia,Country,25px Bolivia,Department,Santa Cruz Department,Mayor,Rosauro Flores Silva,NA,NA,NA,5017,2001,NA,9824.33,NA,NA,NA,NA,NA,NA,NA,NA,"San Rafael Municipality, Bolivia",NA,NA,NA,NA,250px,Mission church in San Rafael de Velasco,NA,NA,NA,NA,NA,NA,NA,NA,NA,NA,NA,NA,NA,NA,NA,NA,Province,José Miguel de Velasco Province,Seat,San Rafael de Velasco,NA,NA,President,Carmelo Flores Dorado,NA,NA,NA,NA,NA,NA,NA,NA,NA,NA,NA,Imperial,NA,NA,NA,NA,NA,NA,NA,NA,NA,NA,NA,NA,NA,NA,NA,NA,NA,NA,NA,NA,NA,Ethnicities,NA,Religions,NA,NA,NA,NA,NA,NA,NA,NA,NA,NA,NA,NA,NA,NA,NA,NA,NA,NA,NA,NA,NA,NA,NA,NA,NA,NA,NA,NA,NA,NA,NA,NA,NA,NA,NA,NA,NA,NA,NA,NA,NA,NA,NA,NA,NA,NA,NA,NA,NA,NA,NA
0,Santa Cruz de la Sierra,Category:Municipalities of Santa Cruz Department,673987,55733,Q170688,https://en.wikipedia.org/wiki/Santa_Cruz_de_la_Sierra,55558,39,41,2024,"{{Infobox settlement
| official_name = Santa Cruz de la Sierra
| settlement_type = City and municipality
| native_name = 
| nickname = ''La Capital del Oriente Boliviano'' (The Capital of the Eastern Bolivia) <br/> ''La Ciudad de los Anillos'' (The City of [[Ring road|Rings]])
| motto = https://en.wikipedia.org/wiki/File:Bolivia_physical_map.svg
| image_skyline = {{multiple image
  | total_width      = 300
  | border           = infobox
  | perrow           = 1/2/3/1
  | caption_align = center
  | image1           = Santa Cruz de la Sierra 3.jpg 
  | caption1         = View of the city from Plaza 24 de Septiembre
  | image2           = Catedral Basílica Menor de San Lorenzo, Santa Cruz de la Sierra.jpg
  | caption2         = [[Cathedral Basilica of St. Lawrence, Santa Cruz de la Sierra|Cathedral Basilica of St. Lawrence]]
  | image3           = Casa del Pueblo, Santa Cruz de la Sierra.jpg
  | caption3         = Government House
  | image4           = Casa de Cultura, Santa Cruz.jpg
  | caption4         = House of Culture
  | image5           = Cristo Redentor, Santa Cruz de la Sierra.jpg
  | caption5         = Cristo Redentor
  | image6           = Gobierno Autónomo Municipal de Santa Cruz de la Sierra.jpg
  | caption6         = Municipal City Hall
  | image7           = Equipetrol Neighborhood.jpg
  | caption7         = [[Equipetrol]] neighborhood
  }}
| size = 
| image_flag = Flag of Santa Cruz.svg
| image_shield = Escudo de Santa Cruz de la Sierra.svg
| image_map = 
| mapsize = 
| map_caption = 
| pushpin_map = Bolivia#South America#Earth <!-- the name of a location map as per http://en.wikipedia.org/wiki/Template:Location_map -->
| pushpin_relief = 1
| pushpin_label_position = bottom <!-- the position of the pushpin label: left, right, top, bottom, none -->
| pushpin_map_caption = Location within Bolivia
| pushpin_mapsize = 
| subdivision_type = Country
| subdivision_name = {{flag|Bolivia}}
| subdivision_type1 = [[Departments of Bolivia|Department]]
| subdivision_name1 = {{flagicon image|Flag_of_Santa_Cruz.svg}} [[Santa Cruz Department (Bolivia)|Santa Cruz]]
| subdivision_type2 = [[Provinces of Bolivia|Province]]
| subdivision_name2 = [[Andrés Ibáñez Province|Andrés Ibáñez]]
| subdivision_type3 = 
| subdivision_name3 = 
| government_type = Municipal Autonomous Government
| leader_title = Mayor
| leader_name = [[Jhonny Fernández]]
| established_title = Founded
| established_date = February 26, 1561
| area_total_km2 = 1345
| area_total_sq_mi = 
| area_land_km2 = 
| area_land_sq_mi = 
| area_water_km2 = 
| area_water_sq_mi = 
| area_water_percent = 
| area_urban_km2 = 
| area_urban_sq_mi = 
| area_metro_km2 = 
| area_metro_sq_mi = 
| population_as_of = 2024
| population_footnotes = <ref>{{Cite web |title=Santa Cruz de la Sierra (Municipality, Bolivia) – Population Statistics, Charts, Map and Location |url=https://www.citypopulation.de/en/bolivia/admin/santa_cruz/070101__santa_cruz_de_la_sierra/ |website=CityPopulation.de}}</ref>
| population_rank = [[List of cities and largest towns in Bolivia|1st]] in Bolivia
| population_total = 1606671
| population_density_km2 = auto
| population_density_sq_mi = 
| population_metro = 1891000<ref>{{Cite web |title=Santa Cruz, Bolivia Metro Area Population (1950–2025) &#124; MacroTrends |url=https://www.macrotrends.net/global-metrics/cities/20157/santa-cruz/population |website=MacroTrends.net}}</ref>
| population_density_metro_km2 = 
| population_density_metro_sq_mi = 
| population_urban = 1786386<ref>{{Cite web |title=Santa Cruz, Bolivia Population (2025) – Population Stat |url=https://populationstat.com/bolivia/santa-cruz |website=populationstat.com}}</ref>
| population_density_urban_km2 = 
| population_density_urban_sq_mi = 
| demographics_type1 = [[GDP|GDP (PPP, constant 2015 values)]]
| demographics1_footnotes = 
| demographics1_title1 = Year
| demographics1_info1 = 2023
| demographics1_title2 = Total
| demographics1_info2 = $23.3&nbsp;billion<ref name=""TelluBase"">{{cite web |title=TelluBase—BoliviaFact Sheet (Tellusant Public Service Series) |url=https://tellusant.com/repo/tb/tellubase_factsheet_bol.pdf |access-date=2024-01-11 |publisher=Tellusant}}</ref>
| demographics1_title3 = Per capita
| demographics1_info3 = $12,800
| timezone = [[UTC−4|BOT]]
| utc_offset = −4
| timezone_DST = 
| utc_offset_DST = 
| coordinates = {{coord|17|48|S|63|11|W|display=inline,title}}
| elevation_m = 400
| elevation_ft = 
| blank_name = [[Human Development Index|HDI]] (2016)
| blank_info = 0.827 <span style=""color:#009900"">'''Very High'''</span> <ref>{{cite web |title=Para leer y ver el informe sobre desarrollo humano &#124; el PNUD en Bolivia |url=http://www.bo.undp.org/content/bolivia/es/home/presscenter/articles/2016/03/28/para-leer-y-ver-el-informe-sobre-desarrollo-humano.html |url-status=dead |archive-url=https://web.archive.org/web/20160403135635/http://www.bo.undp.org/content/bolivia/es/home/presscenter/articles/2016/03/28/para-leer-y-ver-el-informe-sobre-desarrollo-humano.html |archive-date=3 April 2016 |access-date=17 January 2022 |website=bo.undp.org}}</ref>
| postal_code_type = <!-- enter ZIP code, Postcode, Post code, Postal code... -->
| postal_code = 
| area_code = (+591) 3
| website = {{URL|https://www.gmsantacruz.gob.bo/}}
| footnotes = 
| name = 
}}",,45,,NA,NA,City and municipality,Flag of Santa Cruz.svg,NA,NA,NA,Bolivia#South America#Earth,bottom,Location within Bolivia,Country,Bolivia,Department,Santa Cruz,Mayor,Jhonny Fernández,Founded,"February 26, 1561",NA,1606671,2024,NA,1345,NA,400,NA,BOT,NA,NA,1786386,NA,Santa Cruz de la Sierra,NA,NA,''La Capital del Oriente Boliviano'' (The Capital of the Eastern Bolivia) ''La Ciudad de los Anillos'' (The City of Rings),https://en.wikipedia.org/wiki/File:Bolivia_physical_map.svg,NA,NA,NA,NA,Escudo de Santa Cruz de la Sierra.svg,NA,NA,NA,NA,NA,NA,NA,NA,NA,NA,NA,NA,NA,Province,Andrés Ibáñez,NA,NA,NA,Municipal Autonomous Government,NA,NA,NA,NA,NA,NA,NA,NA,NA,NA,NA,NA,NA,NA,NA,NA,NA,NA,NA,NA,NA,NA,NA,NA,NA,NA,NA,NA,auto,NA,1891000,NA,NA,NA,NA,NA,NA,NA,NA,NA,NA,−4,NA,NA,NA,NA,NA,NA,NA,(+591) 3,HDI (2016),0.827 '''Very High''',NA,NA,NA,NA,NA,NA,NA,NA,NA,NA,NA,NA,NA,NA,NA,"GDP (PPP, constant 2015 values)",Year,2023,NA,NA,NA,NA,1,1st in Bolivia,NA,Total,$23.3&nbsp;billion,Per capita,"$12,800",NA,NA,NA,NA,NA,NA,NA,NA
0,Vallegrande Municipality,Category:Municipalities of Santa Cruz Department,21296323,7411,Q690492,https://en.wikipedia.org/wiki/Vallegrande_Municipality,7386,2,1,"2001, 2012","{{Infobox settlement
<!--See the Table at Infobox Settlement for all fields and descriptions of usage-->
<!-- Basic info  ---------------->
|official_name          = Vallegrande Municipality
|other_name             =
|native_name            = 
|nickname               = 
|settlement_type        = Municipality 
|motto                  =
<!-- images and maps  ----------->
|image_skyline          =
|imagesize              = 300px
|image_caption          = Qur Lord of Malta (''Nuestro Señor de Malta'') church and the main square in [[Vallegrande]]
|image_flag             = 
|flag_size              =
|image_seal             = 
|seal_size              =
|image_shield           = 
|shield_size            =
|image_blank_emblem     =
|blank_emblem_type      =
|blank_emblem_size      =
|image_map              = 
|mapsize                = 
|map_caption            = 
|image_map1             = 
|mapsize1               = 
|map_caption1           = 
|image_dot_map          =
|dot_mapsize            =
|dot_map_caption        =
|dot_x =  |dot_y =
|pushpin_map            = Bolivia<!-- the name of a location map as per http://en.wikipedia.org/wiki/Template:Location_map -->
|pushpin_mapsize=300
|pushpin_label_position =bottom
|pushpin_map_caption    =Location of Vallegrande within Bolivia
|coordinates={{coord|18|45|S|63|55|W|region:BO-S_type:city(17212)_source:kolossus-dewiki|display=it}}
<!-- Location ------------------>
|subdivision_type       = Country
|subdivision_name       = [[Image:Flag of Bolivia.svg|25px]] [[Bolivia]]
|subdivision_type1      = [[Departments of Bolivia|Department]]
|subdivision_name1      = [[Santa Cruz Department (Bolivia)|Santa Cruz Department]]
|subdivision_type2      = [[Provinces of Bolivia|Province]]
|subdivision_name2      = [[Vallegrande Province]]
<!-- Smaller parts (e.g. boroughs of a city) and seat of government -->
|seat_type              = Capital
|seat                   = [[Vallegrande]]
<!-- Politics ----------------->
|government_footnotes   =
|government_type        = 
|leader_title           = 
|leader_name            =  
|leader_title1          = <!-- for places with, say, both a mayor and a city manager -->
|leader_name1           = 
|leader_title2          = 
|leader_name2           = 
|leader_title3          =
|leader_name3           =
|leader_title4          =
|leader_name4           =
|established_title      =  <!-- Settled -->
|established_date       = 
|established_title2     =  <!-- Incorporated (town) -->
|established_date2      = 
|established_title3     =  <!-- Incorporated (city) -->
|established_date3      =
<!-- Area    --------------------->
|area_magnitude         = 
|area_footnotes           =
|area_total_km2           = 3191
|area_land_km2            = <!--See table @ Template:Infobox Settlement for details on automatic unit conversion-->
|area_water_km2           =
|area_total_sq_mi         =
|area_land_sq_mi          =
|area_water_sq_mi         =
|area_water_percent       =
|area_urban_km2           =
|area_urban_sq_mi         =
|area_metro_km2           =
|area_metro_sq_mi         =
|area_blank1_title        =
|area_blank1_km2          =
|area_blank1_sq_mi        =
<!-- Population   ----------------------->
|population_as_of               = 2012
|population_footnotes           =
|population_note                =
|population_total               = 17208
|population_density_km2         = auto
|population_density_sq_mi       =
|population_metro               =
|population_density_metro_km2   =
|population_density_metro_sq_mi =
|population_urban               =
|population_density_urban_km2   =
|population_density_urban_sq_mi =
|population_blank1_title        =Ethnicities
|population_blank1              =
|population_blank2_title        =Religions
|population_blank2              =
|population_density_blank1_km2 =   
|population_density_blank1_sq_mi =
<!-- General information  --------------->
|timezone               = 
|utc_offset             = 
|timezone_DST           = 
|utc_offset_DST         = 
|latd= |latm= |lats= |latNS=
|longd= |longm= |longs= |longEW=
|elevation_footnotes    =  <!--for references: use <ref> </ref> tags-->
|elevation_m            = 2030
|elevation_ft           =
<!-- Area/postal codes & others -------->
|postal_code_type       =  <!-- enter ZIP code, Postcode, Post code, Postal code... -->
|postal_code            =
|area_code              =
|blank_name             =
|blank_info             =
|blank1_name            =
|blank1_info            =
|website                = 
|footnotes              = 
}}",,24,,NA,NA,Municipality,NA,NA,NA,NA,Bolivia,bottom,Location of Vallegrande within Bolivia,Country,25px Bolivia,Department,Santa Cruz Department,NA,NA,NA,NA,NA,17208,2012,NA,3191,NA,2030,NA,NA,NA,NA,NA,NA,Vallegrande Municipality,NA,NA,NA,NA,300px,Qur Lord of Malta (''Nuestro Señor de Malta'') church and the main square in Vallegrande,NA,NA,NA,NA,NA,NA,NA,NA,NA,NA,NA,NA,NA,NA,NA,NA,Province,Vallegrande Province,Capital,Vallegrande,NA,NA,NA,NA,NA,NA,NA,NA,NA,NA,NA,NA,NA,NA,NA,NA,NA,NA,NA,NA,NA,NA,NA,NA,NA,NA,NA,NA,NA,NA,auto,NA,NA,NA,NA,NA,NA,Ethnicities,NA,Religions,NA,NA,NA,NA,NA,NA,NA,NA,NA,NA,NA,NA,NA,NA,NA,NA,NA,NA,NA,NA,NA,NA,NA,NA,NA,NA,NA,NA,NA,NA,NA,NA,300,NA,NA,NA,NA,NA,NA,NA,NA,NA,NA,NA,NA,NA,NA,NA,NA,NA,NA
0,"Entre Ríos Municipality, Tarija",Category:Municipalities of Tarija Department,26875915,4457,Q15121209,"https://en.wikipedia.org/wiki/Entre_Ríos_Municipality,_Tarija",89,0,0,,NA,,0,,NA,NA,NA,NA,NA,NA,NA,NA,NA,NA,NA,NA,NA,NA,NA,NA,NA,NA,NA,NA,NA,NA,NA,NA,NA,NA,NA,NA,NA,NA,NA,NA,NA,NA,NA,NA,NA,NA,NA,NA,NA,NA,NA,NA,NA,NA,NA,NA,NA,NA,NA,NA,NA,NA,NA,NA,NA,NA,NA,NA,NA,NA,NA,NA,NA,NA,NA,NA,NA,NA,NA,NA,NA,NA,NA,NA,NA,NA,NA,NA,NA,NA,NA,NA,NA,NA,NA,NA,NA,NA,NA,NA,NA,NA,NA,NA,NA,NA,NA,NA,NA,NA,NA,NA,NA,NA,NA,NA,NA,NA,NA,NA,NA,NA,NA,NA,NA,NA,NA,NA,NA,NA,NA,NA,NA,NA,NA,NA,NA,NA,NA,NA,NA,NA,NA,NA,NA,NA,NA,NA,NA,NA,NA,NA,NA,NA,NA,NA,NA
