<?xml version="1.0" encoding="UTF-8"?>
<osm version="0.6">

  <node id="-1" action="create" lat="-16.1867862" lon="-68.9242599" />
  <node id="-2" action="create" lat="-16.1868953" lon="-68.9237062" />
  <node id="-3" action="create" lat="-16.1868874" lon="-68.9232290" />
  <node id="-4" action="create" lat="-16.1868991" lon="-68.9227324" />
  <node id="-5" action="create" lat="-16.1868292" lon="-68.9223020" />
  <node id="-6" action="create" lat="-16.1870641" lon="-68.9219464" />
  <node id="-7" action="create" lat="-16.1873352" lon="-68.9215908" />
  <node id="-8" action="create" lat="-16.1875701" lon="-68.9211885" />
  <node id="-9" action="create" lat="-16.1877327" lon="-68.9207861" />
  <node id="-10" action="create" lat="-16.1877137" lon="-68.9203099" />
  <node id="-11" action="create" lat="-16.1880119" lon="-68.9198802" />
  <node id="-12" action="create" lat="-16.1880012" lon="-68.9195222" />
  <node id="-13" action="create" lat="-16.1877947" lon="-68.9193182" />
  <node id="-14" action="create" lat="-16.1876482" lon="-68.9190164" />
  <node id="-15" action="create" lat="-16.1877133" lon="-68.9187000" />
  <node id="-16" action="create" lat="-16.1879844" lon="-68.9186075" />
  <node id="-17" action="create" lat="-16.1883154" lon="-68.9184171" />
  <node id="-18" action="create" lat="-16.1885288" lon="-68.9183231" />
  <node id="-19" action="create" lat="-16.1888036" lon="-68.9180717" />
  <node id="-20" action="create" lat="-16.1890785" lon="-68.9178203" />
  <node id="-21" action="create" lat="-16.1892203" lon="-68.9175058" />
  <node id="-22" action="create" lat="-16.1892100" lon="-68.9171280" />
  <node id="-23" action="create" lat="-16.1891201" lon="-68.9168673" />
  <node id="-24" action="create" lat="-16.1892238" lon="-68.9165440" />
  <node id="-25" action="create" lat="-16.1891161" lon="-68.9162233" />
  <node id="-26" action="create" lat="-16.1888788" lon="-68.9157005" />
  <node id="-27" action="create" lat="-16.1887313" lon="-68.9154384" />
  <node id="-28" action="create" lat="-16.1887004" lon="-68.9151196" />
  <node id="-29" action="create" lat="-16.1885347" lon="-68.9148173" />
  <node id="-30" action="create" lat="-16.1883334" lon="-68.9143949" />
  <node id="-31" action="create" lat="-16.1883980" lon="-68.9140984" />
  <node id="-32" action="create" lat="-16.1884977" lon="-68.9139419" />
  <node id="-33" action="create" lat="-16.1887697" lon="-68.9138096" />
  <node id="-34" action="create" lat="-16.1890768" lon="-68.9138174" />
  <node id="-35" action="create" lat="-16.1893886" lon="-68.9136265" />
  <node id="-36" action="create" lat="-16.1895117" lon="-68.9132917" />
  <node id="-37" action="create" lat="-16.1894996" lon="-68.9129933" />
  <node id="-38" action="create" lat="-16.1894490" lon="-68.9126939" />
  <node id="-39" action="create" lat="-16.1893413" lon="-68.9123732" />
  <node id="-40" action="create" lat="-16.1892117" lon="-68.9121711" />
  <node id="-41" action="create" lat="-16.1890038" lon="-68.9120268" />
  <node id="-42" action="create" lat="-16.1886592" lon="-68.9119783" />
  <node id="-43" action="create" lat="-16.1885525" lon="-68.9116179" />
  <node id="-44" action="create" lat="-16.1885984" lon="-68.9113010" />
  <node id="-45" action="create" lat="-16.1887749" lon="-68.9111465" />
  <node id="-46" action="create" lat="-16.1890305" lon="-68.9108946" />
  <node id="-47" action="create" lat="-16.1890230" lon="-68.9103975" />
  <node id="-48" action="create" lat="-16.1889958" lon="-68.9099198" />
  <node id="-49" action="create" lat="-16.1889878" lon="-68.9094426" />
  <node id="-50" action="create" lat="-16.1891545" lon="-68.9088903" />
  <node id="-51" action="create" lat="-16.1892907" lon="-68.9079994" />
  <node id="-52" action="create" lat="-16.1891854" lon="-68.9075793" />
  <node id="-53" action="create" lat="-16.1892996" lon="-68.9068071" />
  <node id="-54" action="create" lat="-16.1895233" lon="-68.9062761" />
  <node id="-55" action="create" lat="-16.1898117" lon="-68.9054486" />
  <node id="-56" action="create" lat="-16.1901754" lon="-68.9046827" />
  <node id="-57" action="create" lat="-16.1906735" lon="-68.9039201" />
  <node id="-58" action="create" lat="-16.1913228" lon="-68.9032607" />
  <node id="-59" action="create" lat="-16.1920666" lon="-68.9026633" />
  <node id="-60" action="create" lat="-16.1927609" lon="-68.9022157" />
  <node id="-61" action="create" lat="-16.1929982" lon="-68.9019235" />
  <node id="-62" action="create" lat="-16.1930848" lon="-68.9015083" />
  <node id="-63" action="create" lat="-16.1931897" lon="-68.9011333" />
  <node id="-64" action="create" lat="-16.1935024" lon="-68.9009027" />
  <node id="-65" action="create" lat="-16.1937996" lon="-68.9005127" />
  <node id="-66" action="create" lat="-16.1940407" lon="-68.9000616" />
  <node id="-67" action="create" lat="-16.1942036" lon="-68.8996682" />
  <node id="-68" action="create" lat="-16.1942139" lon="-68.8992312" />
  <node id="-69" action="create" lat="-16.1940481" lon="-68.8989289" />
  <node id="-70" action="create" lat="-16.1938810" lon="-68.8986862" />
  <node id="-71" action="create" lat="-16.1938917" lon="-68.8982293" />
  <node id="-72" action="create" lat="-16.1939975" lon="-68.8978146" />
  <node id="-73" action="create" lat="-16.1942123" lon="-68.8976610" />
  <node id="-74" action="create" lat="-16.1944253" lon="-68.8975868" />
  <node id="-75" action="create" lat="-16.1948092" lon="-68.8975965" />
  <node id="-76" action="create" lat="-16.1951721" lon="-68.8976851" />
  <node id="-77" action="create" lat="-16.1959403" lon="-68.8976846" />
  <node id="-78" action="create" lat="-16.1963471" lon="-68.8975358" />
  <node id="-79" action="create" lat="-16.1966397" lon="-68.8973444" />
  <node id="-80" action="create" lat="-16.1969140" lon="-68.8971128" />
  <node id="-81" action="create" lat="-16.1972688" lon="-68.8967242" />
  <node id="-82" action="create" lat="-16.1974729" lon="-68.8962126" />
  <node id="-83" action="create" lat="-16.1974452" lon="-68.8957547" />
  <node id="-84" action="create" lat="-16.1974354" lon="-68.8953570" />
  <node id="-85" action="create" lat="-16.1972935" lon="-68.8948565" />
  <node id="-86" action="create" lat="-16.1971872" lon="-68.8944762" />
  <node id="-87" action="create" lat="-16.1970987" lon="-68.8941560" />
  <node id="-88" action="create" lat="-16.1968903" lon="-68.8940315" />
  <node id="-89" action="create" lat="-16.1966848" lon="-68.8937878" />
  <node id="-90" action="create" lat="-16.1965560" lon="-68.8935460" />
  <node id="-91" action="create" lat="-16.1965457" lon="-68.8931681" />
  <node id="-92" action="create" lat="-16.1967798" lon="-68.8930150" />
  <node id="-93" action="create" lat="-16.1969937" lon="-68.8929011" />
  <node id="-94" action="create" lat="-16.1973822" lon="-68.8927122" />
  <node id="-95" action="create" lat="-16.1977099" lon="-68.8926608" />
  <node id="-96" action="create" lat="-16.1979065" lon="-68.8924669" />
  <node id="-97" action="create" lat="-16.1981041" lon="-68.8922334" />
  <node id="-98" action="create" lat="-16.1983569" lon="-68.8921006" />
  <node id="-99" action="create" lat="-16.1987000" lon="-68.8922086" />
  <node id="-100" action="create" lat="-16.1989327" lon="-68.8921151" />
  <node id="-101" action="create" lat="-16.1992037" lon="-68.8920225" />
  <node id="-102" action="create" lat="-16.1996274" lon="-68.8919735" />
  <node id="-103" action="create" lat="-16.2001073" lon="-68.8919856" />
  <node id="-104" action="create" lat="-16.2003816" lon="-68.8917540" />
  <node id="-105" action="create" lat="-16.2004658" lon="-68.8914381" />
  <node id="-106" action="create" lat="-16.2004733" lon="-68.8911203" />
  <node id="-107" action="create" lat="-16.2003848" lon="-68.8908000" />
  <node id="-108" action="create" lat="-16.2003576" lon="-68.8903223" />
  <node id="-109" action="create" lat="-16.2003861" lon="-68.8899255" />
  <node id="-110" action="create" lat="-16.2004314" lon="-68.8896285" />
  <node id="-111" action="create" lat="-16.2005700" lon="-68.8894531" />
  <node id="-112" action="create" lat="-16.2009019" lon="-68.8892229" />
  <node id="-113" action="create" lat="-16.2012338" lon="-68.8889927" />
  <node id="-114" action="create" lat="-16.2014360" lon="-68.8885605" />
  <node id="-115" action="create" lat="-16.2016317" lon="-68.8882395" />
  <node id="-116" action="create" lat="-16.2017951" lon="-68.8878262" />
  <node id="-117" action="create" lat="-16.2020548" lon="-68.8873954" />
  <node id="-118" action="create" lat="-16.2020815" lon="-68.8870781" />
  <node id="-119" action="create" lat="-16.2019920" lon="-68.8867976" />
  <node id="-120" action="create" lat="-16.2017472" lon="-68.8865926" />
  <node id="-121" action="create" lat="-16.2016432" lon="-68.8861130" />
  <node id="-122" action="create" lat="-16.2015514" lon="-68.8859318" />
  <node id="-123" action="create" lat="-16.2013833" lon="-68.8857288" />
  <node id="-124" action="create" lat="-16.2010059" lon="-68.8854411" />
  <node id="-125" action="create" lat="-16.2008790" lon="-68.8851199" />
  <node id="-126" action="create" lat="-16.2009276" lon="-68.8846838" />
  <node id="-127" action="create" lat="-16.2010283" lon="-68.8844876" />
  <node id="-128" action="create" lat="-16.2010362" lon="-68.8841499" />
  <node id="-129" action="create" lat="-16.2010066" lon="-68.8837715" />
  <node id="-130" action="create" lat="-16.2010159" lon="-68.8833742" />
  <node id="-131" action="create" lat="-16.2009855" lon="-68.8830356" />
  <node id="-132" action="create" lat="-16.2006835" lon="-68.8828093" />
  <node id="-133" action="create" lat="-16.2006333" lon="-68.8824901" />
  <node id="-134" action="create" lat="-16.2007372" lon="-68.8821548" />
  <node id="-135" action="create" lat="-16.2009338" lon="-68.8819609" />
  <node id="-136" action="create" lat="-16.2012058" lon="-68.8818286" />
  <node id="-137" action="create" lat="-16.2015517" lon="-68.8818174" />
  <node id="-138" action="create" lat="-16.2019927" lon="-68.8818484" />
  <node id="-139" action="create" lat="-16.2023822" lon="-68.8816196" />
  <node id="-140" action="create" lat="-16.2029229" lon="-68.8814940" />
  <node id="-141" action="create" lat="-16.2034037" lon="-68.8814664" />
  <node id="-142" action="create" lat="-16.2037904" lon="-68.8813568" />
  <node id="-143" action="create" lat="-16.2043933" lon="-68.8810340" />
  <node id="-144" action="create" lat="-16.2048633" lon="-68.8806483" />
  <node id="-145" action="create" lat="-16.2051614" lon="-68.8802185" />
  <node id="-146" action="create" lat="-16.2052077" lon="-68.8798817" />
  <node id="-147" action="create" lat="-16.2051959" lon="-68.8795634" />
  <node id="-148" action="create" lat="-16.2052052" lon="-68.8791661" />
  <node id="-149" action="create" lat="-16.2052333" lon="-68.8787891" />
  <node id="-150" action="create" lat="-16.2052608" lon="-68.8784321" />
  <node id="-151" action="create" lat="-16.2053642" lon="-68.8781166" />
  <node id="-152" action="create" lat="-16.2055659" lon="-68.8777043" />
  <node id="-153" action="create" lat="-16.2055743" lon="-68.8773467" />
  <node id="-154" action="create" lat="-16.2055438" lon="-68.8770080" />
  <node id="-155" action="create" lat="-16.2054983" lon="-68.8764901" />
  <node id="-156" action="create" lat="-16.2056452" lon="-68.8759571" />
  <node id="-157" action="create" lat="-16.2058469" lon="-68.8755447" />
  <node id="-158" action="create" lat="-16.2062780" lon="-68.8751779" />
  <node id="-159" action="create" lat="-16.2065125" lon="-68.8750049" />
  <node id="-160" action="create" lat="-16.2068631" lon="-68.8747950" />
  <node id="-161" action="create" lat="-16.2075937" lon="-68.8745986" />
  <node id="-162" action="create" lat="-16.2081143" lon="-68.8745123" />
  <node id="-163" action="create" lat="-16.2086573" lon="-68.8742874" />
  <node id="-164" action="create" lat="-16.2094165" lon="-68.8738492" />
  <node id="-165" action="create" lat="-16.2096511" lon="-68.8736762" />
  <node id="-166" action="create" lat="-16.2098298" lon="-68.8734223" />
  <node id="-167" action="create" lat="-16.2100128" lon="-68.8729895" />
  <node id="-168" action="create" lat="-16.2104032" lon="-68.8727210" />
  <node id="-169" action="create" lat="-16.2107547" lon="-68.8724714" />
  <node id="-170" action="create" lat="-16.2112210" lon="-68.8722446" />
  <node id="-171" action="create" lat="-16.2114418" lon="-68.8718327" />
  <node id="-172" action="create" lat="-16.2114502" lon="-68.8714751" />
  <node id="-173" action="create" lat="-16.2113771" lon="-68.8713143" />
  <node id="-174" action="create" lat="-16.2113677" lon="-68.8708966" />
  <node id="-175" action="create" lat="-16.2114117" lon="-68.8706592" />
  <node id="-176" action="create" lat="-16.2114963" lon="-68.8703234" />
  <node id="-177" action="create" lat="-16.2113946" lon="-68.8697444" />
  <node id="-178" action="create" lat="-16.2110748" lon="-68.8694581" />
  <node id="-179" action="create" lat="-16.2109863" lon="-68.8691379" />
  <node id="-180" action="create" lat="-16.2107811" lon="-68.8688743" />
  <node id="-181" action="create" lat="-16.2107511" lon="-68.8685158" />
  <node id="-182" action="create" lat="-16.2105862" lon="-68.8681738" />
  <node id="-183" action="create" lat="-16.2106147" lon="-68.8677769" />
  <node id="-184" action="create" lat="-16.2108553" lon="-68.8673456" />
  <node id="-185" action="create" lat="-16.2110743" lon="-68.8670132" />
  <node id="-186" action="create" lat="-16.2116420" lon="-68.8665504" />
  <node id="-187" action="create" lat="-16.2117843" lon="-68.8662160" />
  <node id="-188" action="create" lat="-16.2119242" lon="-68.8659810" />
  <node id="-189" action="create" lat="-16.2122781" lon="-68.8656320" />
  <node id="-190" action="create" lat="-16.2127087" lon="-68.8652850" />
  <node id="-191" action="create" lat="-16.2131571" lon="-68.8649980" />
  <node id="-192" action="create" lat="-16.2137207" lon="-68.8647140" />
  <node id="-193" action="create" lat="-16.2140521" lon="-68.8645036" />
  <node id="-194" action="create" lat="-16.2145567" lon="-68.8642777" />
  <node id="-195" action="create" lat="-16.2151769" lon="-68.8640348" />
  <node id="-196" action="create" lat="-16.2155331" lon="-68.8635865" />
  <node id="-197" action="create" lat="-16.2161388" lon="-68.8631444" />
  <node id="-198" action="create" lat="-16.2164584" lon="-68.8626157" />
  <node id="-199" action="create" lat="-16.2166198" lon="-68.8622818" />
  <node id="-200" action="create" lat="-16.2165683" lon="-68.8620221" />
  <node id="-201" action="create" lat="-16.2164231" lon="-68.8616607" />
  <node id="-202" action="create" lat="-16.2162586" lon="-68.8612988" />
  <node id="-203" action="create" lat="-16.2160956" lon="-68.8608773" />
  <node id="-204" action="create" lat="-16.2159883" lon="-68.8605367" />
  <node id="-205" action="create" lat="-16.2158253" lon="-68.8601152" />
  <node id="-206" action="create" lat="-16.2157770" lon="-68.8597164" />
  <node id="-207" action="create" lat="-16.2156519" lon="-68.8593158" />
  <node id="-208" action="create" lat="-16.2156209" lon="-68.8589969" />
  <node id="-209" action="create" lat="-16.2156325" lon="-68.8585003" />
  <node id="-210" action="create" lat="-16.2156568" lon="-68.8582822" />
  <node id="-211" action="create" lat="-16.2157040" lon="-68.8579057" />
  <node id="-212" action="create" lat="-16.2159028" lon="-68.8576125" />
  <node id="-213" action="create" lat="-16.2161579" lon="-68.8573804" />
  <node id="-214" action="create" lat="-16.2163933" lon="-68.8571676" />
  <node id="-215" action="create" lat="-16.2166662" lon="-68.8569955" />
  <node id="-216" action="create" lat="-16.2169999" lon="-68.8566858" />
  <node id="-217" action="create" lat="-16.2172761" lon="-68.8563746" />
  <node id="-218" action="create" lat="-16.2174965" lon="-68.8559826" />
  <node id="-219" action="create" lat="-16.2178100" lon="-68.8557121" />
  <node id="-220" action="create" lat="-16.2182575" lon="-68.8554649" />
  <node id="-221" action="create" lat="-16.2186296" lon="-68.8551561" />
  <node id="-222" action="create" lat="-16.2188833" lon="-68.8549835" />
  <node id="-223" action="create" lat="-16.2192147" lon="-68.8547731" />
  <node id="-224" action="create" lat="-16.2195250" lon="-68.8546417" />
  <node id="-225" action="create" lat="-16.2198386" lon="-68.8543713" />
  <node id="-226" action="create" lat="-16.2199785" lon="-68.8541362" />
  <node id="-227" action="create" lat="-16.2201943" lon="-68.8539428" />
  <node id="-228" action="create" lat="-16.2202780" lon="-68.8536467" />
  <node id="-229" action="create" lat="-16.2203814" lon="-68.8533313" />
  <node id="-230" action="create" lat="-16.2206379" lon="-68.8530395" />
  <node id="-231" action="create" lat="-16.2208344" lon="-68.8528456" />
  <node id="-232" action="create" lat="-16.2212252" lon="-68.8525572" />
  <node id="-233" action="create" lat="-16.2215548" lon="-68.8524263" />
  <node id="-234" action="create" lat="-16.2220000" lon="-68.8522783" />
  <node id="-235" action="create" lat="-16.2225429" lon="-68.8520533" />
  <node id="-236" action="create" lat="-16.2228392" lon="-68.8517029" />
  <node id="-237" action="create" lat="-16.2231153" lon="-68.8513917" />
  <node id="-238" action="create" lat="-16.2233512" lon="-68.8511591" />
  <node id="-239" action="create" lat="-16.2235538" lon="-68.8507069" />
  <node id="-240" action="create" lat="-16.2238486" lon="-68.8504161" />
  <node id="-241" action="create" lat="-16.2242975" lon="-68.8501092" />
  <node id="-242" action="create" lat="-16.2245923" lon="-68.8498184" />
  <node id="-243" action="create" lat="-16.2247711" lon="-68.8495644" />
  <node id="-244" action="create" lat="-16.2247794" lon="-68.8492068" />
  <node id="-245" action="create" lat="-16.2246399" lon="-68.8489290" />
  <node id="-246" action="create" lat="-16.2244937" lon="-68.8486073" />
  <node id="-247" action="create" lat="-16.2245624" lon="-68.8481319" />
  <node id="-248" action="create" lat="-16.2247196" lon="-68.8479768" />
  <node id="-249" action="create" lat="-16.2253056" lon="-68.8475541" />
  <node id="-250" action="create" lat="-16.2255658" lon="-68.8471034" />
  <node id="-251" action="create" lat="-16.2258424" lon="-68.8467723" />
  <node id="-252" action="create" lat="-16.2260426" lon="-68.8464195" />
  <node id="-253" action="create" lat="-16.2260500" lon="-68.8461016" />
  <node id="-254" action="create" lat="-16.2262479" lon="-68.8458481" />
  <node id="-255" action="create" lat="-16.2265067" lon="-68.8454570" />
  <node id="-256" action="create" lat="-16.2268025" lon="-68.8451264" />
  <node id="-257" action="create" lat="-16.2271366" lon="-68.8447968" />
  <node id="-258" action="create" lat="-16.2273743" lon="-68.8444847" />
  <node id="-259" action="create" lat="-16.2276696" lon="-68.8441739" />
  <node id="-260" action="create" lat="-16.2279279" lon="-68.8438027" />
  <node id="-261" action="create" lat="-16.2281081" lon="-68.8434891" />
  <node id="-262" action="create" lat="-16.2281927" lon="-68.8431533" />
  <node id="-263" action="create" lat="-16.2282577" lon="-68.8428368" />
  <node id="-264" action="create" lat="-16.2283802" lon="-68.8425218" />
  <node id="-265" action="create" lat="-16.2285814" lon="-68.8421292" />
  <node id="-266" action="create" lat="-16.2287231" lon="-68.8418147" />
  <node id="-267" action="create" lat="-16.2289430" lon="-68.8414425" />
  <node id="-268" action="create" lat="-16.2290505" lon="-68.8409482" />
  <node id="-269" action="create" lat="-16.2292147" lon="-68.8404950" />
  <node id="-270" action="create" lat="-16.2294318" lon="-68.8402420" />
  <node id="-271" action="create" lat="-16.2298395" lon="-68.8400534" />
  <node id="-272" action="create" lat="-16.2301906" lon="-68.8398235" />
  <node id="-273" action="create" lat="-16.2305050" lon="-68.8395133" />
  <node id="-274" action="create" lat="-16.2307811" lon="-68.8392021" />
  <node id="-275" action="create" lat="-16.2310921" lon="-68.8390458" />
  <node id="-276" action="create" lat="-16.2317719" lon="-68.8387148" />
  <node id="-277" action="create" lat="-16.2321593" lon="-68.8385754" />
  <node id="-278" action="create" lat="-16.2324530" lon="-68.8383342" />
  <node id="-279" action="create" lat="-16.2326530" lon="-68.8379913" />
  <node id="-280" action="create" lat="-16.2330964" lon="-68.8375053" />
  <node id="-281" action="create" lat="-16.2336403" lon="-68.8368230" />
  <node id="-282" action="create" lat="-16.2340557" lon="-68.8365103" />
  <node id="-283" action="create" lat="-16.2341609" lon="-68.8361154" />
  <node id="-284" action="create" lat="-16.2341730" lon="-68.8355938" />
  <node id="-285" action="create" lat="-16.2341839" lon="-68.8351220" />
  <node id="-286" action="create" lat="-16.2343594" lon="-68.8348033" />
  <node id="-287" action="create" lat="-16.2345354" lon="-68.8344598" />
  <node id="-288" action="create" lat="-16.2349005" lon="-68.8342452" />
  <node id="-289" action="create" lat="-16.2354341" lon="-68.8340099" />
  <node id="-290" action="create" lat="-16.2356335" lon="-68.8336918" />
  <node id="-291" action="create" lat="-16.2360032" lon="-68.8332786" />
  <node id="-292" action="create" lat="-16.2362500" lon="-68.8329865" />
  <node id="-293" action="create" lat="-16.2363306" lon="-68.8326158" />
  <node id="-294" action="create" lat="-16.2362901" lon="-68.8322917" />
  <node id="-295" action="create" lat="-16.2363011" lon="-68.8318199" />
  <node id="-296" action="create" lat="-16.2362143" lon="-68.8314201" />
  <node id="-297" action="create" lat="-16.2363417" lon="-68.8311002" />
  <node id="-298" action="create" lat="-16.2366360" lon="-68.8308342" />
  <node id="-299" action="create" lat="-16.2370245" lon="-68.8306450" />
  <node id="-300" action="create" lat="-16.2373141" lon="-68.8305777" />
  <node id="-301" action="create" lat="-16.2376026" lon="-68.8305600" />
  <node id="-302" action="create" lat="-16.2380053" lon="-68.8307936" />
  <node id="-303" action="create" lat="-16.2382938" lon="-68.8307759" />
  <node id="-304" action="create" lat="-16.2385840" lon="-68.8306837" />
  <node id="-305" action="create" lat="-16.2391119" lon="-68.8306968" />
  <node id="-306" action="create" lat="-16.2392856" lon="-68.8304527" />
  <node id="-307" action="create" lat="-16.2395506" lon="-68.8304095" />
  <node id="-308" action="create" lat="-16.2398403" lon="-68.8303422" />
  <node id="-309" action="create" lat="-16.2401328" lon="-68.8301506" />
  <node id="-310" action="create" lat="-16.2404190" lon="-68.8302323" />
  <node id="-311" action="create" lat="-16.2405344" lon="-68.8304340" />
  <node id="-312" action="create" lat="-16.2404583" lon="-68.8306060" />
  <node id="-313" action="create" lat="-16.2401681" lon="-68.8306982" />
  <node id="-314" action="create" lat="-16.2399704" lon="-68.8309418" />
  <node id="-315" action="create" lat="-16.2401115" lon="-68.8310696" />
  <node id="-316" action="create" lat="-16.2403765" lon="-68.8310314" />
  <node id="-317" action="create" lat="-16.2406227" lon="-68.8307642" />
  <node id="-318" action="create" lat="-16.2409358" lon="-68.8307222" />
  <node id="-319" action="create" lat="-16.2413437" lon="-68.8307324" />
  <node id="-320" action="create" lat="-16.2418504" lon="-68.8306207" />
  <node id="-321" action="create" lat="-16.2422132" lon="-68.8305055" />
  <node id="-322" action="create" lat="-16.2424343" lon="-68.8302873" />
  <node id="-323" action="create" lat="-16.2426320" lon="-68.8300437" />
  <node id="-324" action="create" lat="-16.2427326" lon="-68.8298474" />
  <node id="-325" action="create" lat="-16.2430205" lon="-68.8298545" />
  <node id="-326" action="create" lat="-16.2434021" lon="-68.8299634" />
  <node id="-327" action="create" lat="-16.2439076" lon="-68.8299014" />
  <node id="-328" action="create" lat="-16.2445338" lon="-68.8298175" />
  <node id="-329" action="create" lat="-16.2450359" lon="-68.8299046" />
  <node id="-330" action="create" lat="-16.2456317" lon="-68.8300933" />
  <node id="-331" action="create" lat="-16.2466294" lon="-68.8303417" />
  <node id="-332" action="create" lat="-16.2469847" lon="-68.8305493" />
  <node id="-333" action="create" lat="-16.2473857" lon="-68.8308575" />
  <node id="-334" action="create" lat="-16.2477392" lon="-68.8311397" />
  <node id="-335" action="create" lat="-16.2480934" lon="-68.8313970" />
  <node id="-336" action="create" lat="-16.2484892" lon="-68.8319287" />
  <node id="-337" action="create" lat="-16.2485982" lon="-68.8324035" />
  <node id="-338" action="create" lat="-16.2486164" lon="-68.8326525" />
  <node id="-339" action="create" lat="-16.2488997" lon="-68.8328583" />
  <node id="-340" action="create" lat="-16.2489871" lon="-68.8332333" />
  <node id="-341" action="create" lat="-16.2492715" lon="-68.8333895" />
  <node id="-342" action="create" lat="-16.2497228" lon="-68.8335995" />
  <node id="-343" action="create" lat="-16.2500067" lon="-68.8337805" />
  <node id="-344" action="create" lat="-16.2503877" lon="-68.8339142" />
  <node id="-345" action="create" lat="-16.2507476" lon="-68.8339232" />
  <node id="-346" action="create" lat="-16.2510161" lon="-68.8337310" />
  <node id="-347" action="create" lat="-16.2512132" lon="-68.8335122" />
  <node id="-348" action="create" lat="-16.2516217" lon="-68.8334975" />
  <node id="-349" action="create" lat="-16.2520284" lon="-68.8335573" />
  <node id="-350" action="create" lat="-16.2524311" lon="-68.8337910" />
  <node id="-351" action="create" lat="-16.2527156" lon="-68.8339472" />
  <node id="-352" action="create" lat="-16.2530891" lon="-68.8344038" />
  <node id="-353" action="create" lat="-16.2532432" lon="-68.8350041" />
  <node id="-354" action="create" lat="-16.2531843" lon="-68.8354748" />
  <node id="-355" action="create" lat="-16.2529849" lon="-68.8357929" />
  <node id="-356" action="create" lat="-16.2526678" lon="-68.8360087" />
  <node id="-357" action="create" lat="-16.2523027" lon="-68.8362233" />
  <node id="-358" action="create" lat="-16.2521090" lon="-68.8362930" />
  <node id="-359" action="create" lat="-16.2518850" lon="-68.8366354" />
  <node id="-360" action="create" lat="-16.2517347" lon="-68.8369050" />
  <node id="-361" action="create" lat="-16.2517273" lon="-68.8372279" />
  <node id="-362" action="create" lat="-16.2517432" lon="-68.8375762" />
  <node id="-363" action="create" lat="-16.2519031" lon="-68.8379281" />
  <node id="-364" action="create" lat="-16.2521109" lon="-68.8382812" />
  <node id="-365" action="create" lat="-16.2523211" lon="-68.8385350" />
  <node id="-366" action="create" lat="-16.2525313" lon="-68.8387887" />
  <node id="-367" action="create" lat="-16.2525981" lon="-68.8390140" />
  <node id="-368" action="create" lat="-16.2526614" lon="-68.8393884" />
  <node id="-369" action="create" lat="-16.2528294" lon="-68.8393925" />
  <node id="-370" action="create" lat="-16.2531190" lon="-68.8393252" />
  <node id="-371" action="create" lat="-16.2533384" lon="-68.8391815" />
  <node id="-372" action="create" lat="-16.2536023" lon="-68.8391881" />
  <node id="-373" action="create" lat="-16.2538108" lon="-68.8395164" />
  <node id="-374" action="create" lat="-16.2539787" lon="-68.8395205" />
  <node id="-375" action="create" lat="-16.2541993" lon="-68.8393272" />
  <node id="-376" action="create" lat="-16.2545526" lon="-68.8390999" />
  <node id="-377" action="create" lat="-16.2554704" lon="-68.8383461" />
  <node id="-378" action="create" lat="-16.2562674" lon="-68.8376204" />
  <node id="-379" action="create" lat="-16.2578829" lon="-68.8365422" />
  <node id="-380" action="create" lat="-16.2594955" lon="-68.8355881" />
  <node id="-381" action="create" lat="-16.2613230" lon="-68.8344220" />
  <node id="-382" action="create" lat="-16.2626071" lon="-68.8333976" />
  <node id="-383" action="create" lat="-16.2632734" lon="-68.8331346" />
  <node id="-384" action="create" lat="-16.2640896" lon="-68.8328753" />
  <node id="-385" action="create" lat="-16.2644702" lon="-68.8332886" />
  <node id="-386" action="create" lat="-16.2643716" lon="-68.8336589" />
  <node id="-387" action="create" lat="-16.2641815" lon="-68.8340891" />
  <node id="-388" action="create" lat="-16.2637552" lon="-68.8343581" />
  <node id="-389" action="create" lat="-16.2633595" lon="-68.8345968" />
  <node id="-390" action="create" lat="-16.2630839" lon="-68.8348385" />
  <node id="-391" action="create" lat="-16.2629567" lon="-68.8351460" />
  <node id="-392" action="create" lat="-16.2628859" lon="-68.8356103" />
  <node id="-393" action="create" lat="-16.2626160" lon="-68.8356036" />
  <node id="-394" action="create" lat="-16.2623753" lon="-68.8356286" />
  <node id="-395" action="create" lat="-16.2622453" lon="-68.8360603" />
  <node id="-396" action="create" lat="-16.2621416" lon="-68.8366480" />
  <node id="-397" action="create" lat="-16.2619267" lon="-68.8368601" />
  <node id="-398" action="create" lat="-16.2619123" lon="-68.8374811" />
  <node id="-399" action="create" lat="-16.2620792" lon="-68.8380444" />
  <node id="-400" action="create" lat="-16.2623698" lon="-68.8384555" />
  <node id="-401" action="create" lat="-16.2630581" lon="-68.8385348" />
  <node id="-402" action="create" lat="-16.2637479" lon="-68.8385519" />
  <node id="-403" action="create" lat="-16.2645570" lon="-68.8386031" />
  <node id="-404" action="create" lat="-16.2653653" lon="-68.8386854" />
  <node id="-405" action="create" lat="-16.2663363" lon="-68.8385330" />
  <node id="-406" action="create" lat="-16.2668226" lon="-68.8382668" />
  <node id="-407" action="create" lat="-16.2672317" lon="-68.8380185" />
  <node id="-408" action="create" lat="-16.2676796" lon="-68.8377512" />
  <node id="-409" action="create" lat="-16.2682774" lon="-68.8376468" />
  <node id="-410" action="create" lat="-16.2687610" lon="-68.8374998" />
  <node id="-411" action="create" lat="-16.2694004" lon="-68.8372572" />
  <node id="-412" action="create" lat="-16.2698890" lon="-68.8368916" />
  <node id="-413" action="create" lat="-16.2702236" lon="-68.8365420" />
  <node id="-414" action="create" lat="-16.2706144" lon="-68.8362534" />
  <node id="-415" action="create" lat="-16.2711171" lon="-68.8361069" />
  <node id="-416" action="create" lat="-16.2717103" lon="-68.8362012" />
  <node id="-417" action="create" lat="-16.2722450" lon="-68.8363337" />
  <node id="-418" action="create" lat="-16.2726434" lon="-68.8365425" />
  <node id="-419" action="create" lat="-16.2728490" lon="-68.8367862" />
  <node id="-420" action="create" lat="-16.2729760" lon="-68.8371075" />
  <node id="-421" action="create" lat="-16.2728708" lon="-68.8375025" />
  <node id="-422" action="create" lat="-16.2725631" lon="-68.8383499" />
  <node id="-423" action="create" lat="-16.2722947" lon="-68.8391584" />
  <node id="-424" action="create" lat="-16.2719266" lon="-68.8401235" />
  <node id="-425" action="create" lat="-16.2715823" lon="-68.8408904" />
  <node id="-426" action="create" lat="-16.2711205" lon="-68.8417538" />
  <node id="-427" action="create" lat="-16.2707758" lon="-68.8425406" />
  <node id="-428" action="create" lat="-16.2701248" lon="-68.8432799" />
  <node id="-429" action="create" lat="-16.2694757" lon="-68.8439398" />
  <node id="-430" action="create" lat="-16.2689627" lon="-68.8441974" />
  <node id="-431" action="create" lat="-16.2683973" lon="-68.8445611" />
  <node id="-432" action="create" lat="-16.2679124" lon="-68.8447678" />
  <node id="-433" action="create" lat="-16.2675070" lon="-68.8448571" />
  <node id="-434" action="create" lat="-16.2670842" lon="-68.8448664" />
  <node id="-435" action="create" lat="-16.2665669" lon="-68.8448138" />
  <node id="-436" action="create" lat="-16.2660061" lon="-68.8449788" />
  <node id="-437" action="create" lat="-16.2656405" lon="-68.8450094" />
  <node id="-438" action="create" lat="-16.2649669" lon="-68.8450722" />
  <node id="-439" action="create" lat="-16.2643883" lon="-68.8451771" />
  <node id="-440" action="create" lat="-16.2642296" lon="-68.8453918" />
  <node id="-441" action="create" lat="-16.2643416" lon="-68.8455338" />
  <node id="-442" action="create" lat="-16.2646894" lon="-68.8454431" />
  <node id="-443" action="create" lat="-16.2650929" lon="-68.8454332" />
  <node id="-444" action="create" lat="-16.2656486" lon="-68.8454868" />
  <node id="-445" action="create" lat="-16.2658547" lon="-68.8457107" />
  <node id="-446" action="create" lat="-16.2658806" lon="-68.8462481" />
  <node id="-447" action="create" lat="-16.2660455" lon="-68.8465903" />
  <node id="-448" action="create" lat="-16.2663461" lon="-68.8468761" />
  <node id="-449" action="create" lat="-16.2667030" lon="-68.8472230" />
  <node id="-450" action="create" lat="-16.2671933" lon="-68.8476130" />
  <node id="-451" action="create" lat="-16.2674828" lon="-68.8483758" />
  <node id="-452" action="create" lat="-16.2674699" lon="-68.8489322" />
  <node id="-453" action="create" lat="-16.2674373" lon="-68.8495079" />
  <node id="-454" action="create" lat="-16.2672932" lon="-68.8499219" />
  <node id="-455" action="create" lat="-16.2671230" lon="-68.8506334" />
  <node id="-456" action="create" lat="-16.2670324" lon="-68.8512277" />
  <node id="-457" action="create" lat="-16.2669797" lon="-68.8518427" />
  <node id="-458" action="create" lat="-16.2669868" lon="-68.8523599" />
  <node id="-459" action="create" lat="-16.2671686" lon="-68.8528018" />
  <node id="-460" action="create" lat="-16.2673499" lon="-68.8532636" />
  <node id="-461" action="create" lat="-16.2675978" lon="-68.8535967" />
  <node id="-462" action="create" lat="-16.2675541" lon="-68.8541858" />
  <node id="-463" action="create" lat="-16.2674547" lon="-68.8545872" />
  <node id="-464" action="create" lat="-16.2672061" lon="-68.8549538" />
  <node id="-465" action="create" lat="-16.2671689" lon="-68.8552636" />
  <node id="-466" action="create" lat="-16.2669489" lon="-68.8556930" />
  <node id="-467" action="create" lat="-16.2667541" lon="-68.8560150" />
  <node id="-468" action="create" lat="-16.2666133" lon="-68.8562898" />
  <node id="-469" action="create" lat="-16.2665291" lon="-68.8566059" />
  <node id="-470" action="create" lat="-16.2665985" lon="-68.8569257" />
  <node id="-471" action="create" lat="-16.2665709" lon="-68.8572829" />
  <node id="-472" action="create" lat="-16.2663707" lon="-68.8576358" />
  <node id="-473" action="create" lat="-16.2662696" lon="-68.8578520" />
  <node id="-474" action="create" lat="-16.2662608" lon="-68.8582295" />
  <node id="-475" action="create" lat="-16.2661752" lon="-68.8586052" />
  <node id="-476" action="create" lat="-16.2659604" lon="-68.8587589" />
  <node id="-477" action="create" lat="-16.2657250" lon="-68.8589717" />
  <node id="-478" action="create" lat="-16.2655480" lon="-68.8591462" />
  <node id="-479" action="create" lat="-16.2655402" lon="-68.8594840" />
  <node id="-480" action="create" lat="-16.2655712" lon="-68.8598029" />
  <node id="-481" action="create" lat="-16.2656017" lon="-68.8601417" />
  <node id="-482" action="create" lat="-16.2653209" lon="-68.8606517" />
  <node id="-483" action="create" lat="-16.2654301" lon="-68.8609129" />
  <node id="-484" action="create" lat="-16.2658870" lon="-68.8610833" />
  <node id="-485" action="create" lat="-16.2661927" lon="-68.8611506" />
  <node id="-486" action="create" lat="-16.2666113" lon="-68.8613201" />
  <node id="-487" action="create" lat="-16.2666629" lon="-68.8615799" />
  <node id="-488" action="create" lat="-16.2665745" lon="-68.8620748" />
  <node id="-489" action="create" lat="-16.2664309" lon="-68.8624688" />
  <node id="-490" action="create" lat="-16.2664988" lon="-68.8628483" />
  <node id="-491" action="create" lat="-16.2665485" lon="-68.8631876" />
  <node id="-492" action="create" lat="-16.2663688" lon="-68.8634813" />
  <node id="-493" action="create" lat="-16.2660384" lon="-68.8636520" />
  <node id="-494" action="create" lat="-16.2658277" lon="-68.8636268" />
  <node id="-495" action="create" lat="-16.2656091" lon="-68.8639395" />
  <node id="-496" action="create" lat="-16.2655039" lon="-68.8643345" />
  <node id="-497" action="create" lat="-16.2653402" lon="-68.8647679" />
  <node id="-498" action="create" lat="-16.2653683" lon="-68.8652060" />
  <node id="-499" action="create" lat="-16.2656516" lon="-68.8654119" />
  <node id="-500" action="create" lat="-16.2657196" lon="-68.8657914" />
  <node id="-501" action="create" lat="-16.2656208" lon="-68.8659082" />
  <node id="-502" action="create" lat="-16.2654289" lon="-68.8659034" />
  <node id="-503" action="create" lat="-16.2651606" lon="-68.8658768" />
  <node id="-504" action="create" lat="-16.2649664" lon="-68.8659714" />
  <node id="-505" action="create" lat="-16.2646022" lon="-68.8659424" />
  <node id="-506" action="create" lat="-16.2643774" lon="-68.8656982" />
  <node id="-507" action="create" lat="-16.2642673" lon="-68.8654767" />
  <node id="-508" action="create" lat="-16.2640604" lon="-68.8652926" />
  <node id="-509" action="create" lat="-16.2637926" lon="-68.8652461" />
  <node id="-510" action="create" lat="-16.2635430" lon="-68.8652399" />
  <node id="-511" action="create" lat="-16.2633848" lon="-68.8654347" />
  <node id="-512" action="create" lat="-16.2633742" lon="-68.8658918" />
  <node id="-513" action="create" lat="-16.2632923" lon="-68.8661084" />
  <node id="-514" action="create" lat="-16.2633813" lon="-68.8664089" />
  <node id="-515" action="create" lat="-16.2635508" lon="-68.8665523" />
  <node id="-516" action="create" lat="-16.2637161" lon="-68.8668746" />
  <node id="-517" action="create" lat="-16.2637284" lon="-68.8671731" />
  <node id="-518" action="create" lat="-16.2636104" lon="-68.8672895" />
  <node id="-519" action="create" lat="-16.2634726" lon="-68.8674371" />
  <node id="-520" action="create" lat="-16.2633107" lon="-68.8677910" />
  <node id="-521" action="create" lat="-16.2633037" lon="-68.8680890" />
  <node id="-522" action="create" lat="-16.2633721" lon="-68.8684486" />
  <node id="-523" action="create" lat="-16.2635215" lon="-68.8686313" />
  <node id="-524" action="create" lat="-16.2637486" lon="-68.8687762" />
  <node id="-525" action="create" lat="-16.2639340" lon="-68.8690592" />
  <node id="-526" action="create" lat="-16.2639023" lon="-68.8695952" />
  <node id="-527" action="create" lat="-16.2638560" lon="-68.8699320" />
  <node id="-528" action="create" lat="-16.2639436" lon="-68.8702921" />
  <node id="-529" action="create" lat="-16.2641895" lon="-68.8704573" />
  <node id="-530" action="create" lat="-16.2645299" lon="-68.8706846" />
  <node id="-531" action="create" lat="-16.2647794" lon="-68.8706908" />
  <node id="-532" action="create" lat="-16.2651244" lon="-68.8707193" />
  <node id="-533" action="create" lat="-16.2652551" lon="-68.8708817" />
  <node id="-534" action="create" lat="-16.2652298" lon="-68.8711395" />
  <node id="-535" action="create" lat="-16.2651475" lon="-68.8713760" />
  <node id="-536" action="create" lat="-16.2650080" lon="-68.8715913" />
  <node id="-537" action="create" lat="-16.2650024" lon="-68.8718297" />
  <node id="-538" action="create" lat="-16.2650901" lon="-68.8721898" />
  <node id="-539" action="create" lat="-16.2651201" lon="-68.8725484" />
  <node id="-540" action="create" lat="-16.2648261" lon="-68.8727995" />
  <node id="-541" action="create" lat="-16.2649170" lon="-68.8730205" />
  <node id="-542" action="create" lat="-16.2651876" lon="-68.8729478" />
  <node id="-543" action="create" lat="-16.2653458" lon="-68.8727529" />
  <node id="-544" action="create" lat="-16.2654857" lon="-68.8725178" />
  <node id="-545" action="create" lat="-16.2657937" lon="-68.8724858" />
  <node id="-546" action="create" lat="-16.2659047" lon="-68.8726675" />
  <node id="-547" action="create" lat="-16.2659184" lon="-68.8729064" />
  <node id="-548" action="create" lat="-16.2659100" lon="-68.8732641" />
  <node id="-549" action="create" lat="-16.2659400" lon="-68.8736228" />
  <node id="-550" action="create" lat="-16.2660318" lon="-68.8738040" />
  <node id="-551" action="create" lat="-16.2662149" lon="-68.8741864" />
  <node id="-552" action="create" lat="-16.2663765" lon="-68.8746676" />
  <node id="-553" action="create" lat="-16.2665203" lon="-68.8750887" />
  <node id="-554" action="create" lat="-16.2667016" lon="-68.8755506" />
  <node id="-555" action="create" lat="-16.2666132" lon="-68.8760454" />
  <node id="-556" action="create" lat="-16.2663829" lon="-68.8760397" />
  <node id="-557" action="create" lat="-16.2661942" lon="-68.8758958" />
  <node id="-558" action="create" lat="-16.2659156" lon="-68.8754911" />
  <node id="-559" action="create" lat="-16.2656332" lon="-68.8752455" />
  <node id="-560" action="create" lat="-16.2655653" lon="-68.8748660" />
  <node id="-561" action="create" lat="-16.2655137" lon="-68.8746062" />
  <node id="-562" action="create" lat="-16.2654654" lon="-68.8742074" />
  <node id="-563" action="create" lat="-16.2653184" lon="-68.8739253" />
  <node id="-564" action="create" lat="-16.2650885" lon="-68.8738997" />
  <node id="-565" action="create" lat="-16.2649322" lon="-68.8740150" />
  <node id="-566" action="create" lat="-16.2647786" lon="-68.8740112" />
  <node id="-567" action="create" lat="-16.2646026" lon="-68.8741460" />
  <node id="-568" action="create" lat="-16.2644851" lon="-68.8742424" />
  <node id="-569" action="create" lat="-16.2643635" lon="-68.8745178" />
  <node id="-570" action="create" lat="-16.2643570" lon="-68.8747959" />
  <node id="-571" action="create" lat="-16.2643491" lon="-68.8751338" />
  <node id="-572" action="create" lat="-16.2645012" lon="-68.8753642" />
  <node id="-573" action="create" lat="-16.2645317" lon="-68.8757030" />
  <node id="-574" action="create" lat="-16.2644666" lon="-68.8760195" />
  <node id="-575" action="create" lat="-16.2643628" lon="-68.8763549" />
  <node id="-576" action="create" lat="-16.2641849" lon="-68.8765691" />
  <node id="-577" action="create" lat="-16.2641803" lon="-68.8767679" />
  <node id="-578" action="create" lat="-16.2643118" lon="-68.8768904" />
  <node id="-579" action="create" lat="-16.2643610" lon="-68.8772496" />
  <node id="-580" action="create" lat="-16.2643564" lon="-68.8774483" />
  <node id="-581" action="create" lat="-16.2643471" lon="-68.8778457" />
  <node id="-582" action="create" lat="-16.2642432" lon="-68.8781811" />
  <node id="-583" action="create" lat="-16.2642971" lon="-68.8783415" />
  <node id="-584" action="create" lat="-16.2645022" lon="-68.8786051" />
  <node id="-585" action="create" lat="-16.2645350" lon="-68.8788445" />
  <node id="-586" action="create" lat="-16.2643787" lon="-68.8789599" />
  <node id="-587" action="create" lat="-16.2642588" lon="-68.8791557" />
  <node id="-588" action="create" lat="-16.2644068" lon="-68.8793980" />
  <node id="-589" action="create" lat="-16.2647486" lon="-68.8795657" />
  <node id="-590" action="create" lat="-16.2650319" lon="-68.8797716" />
  <node id="-591" action="create" lat="-16.2653736" lon="-68.8799392" />
  <node id="-592" action="create" lat="-16.2658484" lon="-68.8801699" />
  <node id="-593" action="create" lat="-16.2660671" lon="-68.8806724" />
  <node id="-594" action="create" lat="-16.2659815" lon="-68.8810480" />
  <node id="-595" action="create" lat="-16.2658711" lon="-68.8816616" />
  <node id="-596" action="create" lat="-16.2656361" lon="-68.8818546" />
  <node id="-597" action="create" lat="-16.2653623" lon="-68.8820664" />
  <node id="-598" action="create" lat="-16.2651633" lon="-68.8823597" />
  <node id="-599" action="create" lat="-16.2650974" lon="-68.8827159" />
  <node id="-600" action="create" lat="-16.2651265" lon="-68.8831143" />
  <node id="-601" action="create" lat="-16.2651579" lon="-68.8834133" />
  <node id="-602" action="create" lat="-16.2649763" lon="-68.8837865" />
  <node id="-603" action="create" lat="-16.2647815" lon="-68.8839009" />
  <node id="-604" action="create" lat="-16.2643518" lon="-68.8842083" />
  <node id="-605" action="create" lat="-16.2640579" lon="-68.8844594" />
  <node id="-606" action="create" lat="-16.2638416" lon="-68.8846727" />
  <node id="-607" action="create" lat="-16.2636010" lon="-68.8851040" />
  <node id="-608" action="create" lat="-16.2633824" lon="-68.8854167" />
  <node id="-609" action="create" lat="-16.2632365" lon="-68.8859101" />
  <node id="-610" action="create" lat="-16.2631869" lon="-68.8863860" />
  <node id="-611" action="create" lat="-16.2631771" lon="-68.8868033" />
  <node id="-612" action="create" lat="-16.2631139" lon="-68.8870403" />
  <node id="-613" action="create" lat="-16.2629356" lon="-68.8872744" />
  <node id="-614" action="create" lat="-16.2626234" lon="-68.8874853" />
  <node id="-615" action="create" lat="-16.2623889" lon="-68.8876583" />
  <node id="-616" action="create" lat="-16.2622676" lon="-68.8879137" />
  <node id="-617" action="create" lat="-16.2620467" lon="-68.8883257" />
  <node id="-618" action="create" lat="-16.2618707" lon="-68.8884605" />
  <node id="-619" action="create" lat="-16.2617322" lon="-68.8886359" />
  <node id="-620" action="create" lat="-16.2616479" lon="-68.8889519" />
  <node id="-621" action="create" lat="-16.2616194" lon="-68.8893489" />
  <node id="-622" action="create" lat="-16.2614200" lon="-68.8896620" />
  <node id="-623" action="create" lat="-16.2612983" lon="-68.8899373" />
  <node id="-624" action="create" lat="-16.2610797" lon="-68.8902499" />
  <node id="-625" action="create" lat="-16.2608663" lon="-68.8903440" />
  <node id="-626" action="create" lat="-16.2606345" lon="-68.8903978" />
  <node id="-627" action="create" lat="-16.2604197" lon="-68.8905514" />
  <node id="-628" action="create" lat="-16.2602423" lon="-68.8907458" />
  <node id="-629" action="create" lat="-16.2601978" lon="-68.8910031" />
  <node id="-630" action="create" lat="-16.2601894" lon="-68.8913608" />
  <node id="-631" action="create" lat="-16.2601824" lon="-68.8916589" />
  <node id="-632" action="create" lat="-16.2601005" lon="-68.8918755" />
  <node id="-633" action="create" lat="-16.2599048" lon="-68.8920336" />
  <node id="-634" action="create" lat="-16.2596117" lon="-68.8922450" />
  <node id="-635" action="create" lat="-16.2593781" lon="-68.8923783" />
  <node id="-636" action="create" lat="-16.2591263" lon="-68.8924714" />
  <node id="-637" action="create" lat="-16.2588534" lon="-68.8926434" />
  <node id="-638" action="create" lat="-16.2586376" lon="-68.8928368" />
  <node id="-639" action="create" lat="-16.2584002" lon="-68.8931291" />
  <node id="-640" action="create" lat="-16.2581428" lon="-68.8934606" />
  <node id="-641" action="create" lat="-16.2579279" lon="-68.8936143" />
  <node id="-642" action="create" lat="-16.2575965" lon="-68.8938246" />
  <node id="-643" action="create" lat="-16.2575146" lon="-68.8940413" />
  <node id="-644" action="create" lat="-16.2575633" lon="-68.8944203" />
  <node id="-645" action="create" lat="-16.2573241" lon="-68.8947920" />
  <node id="-646" action="create" lat="-16.2569735" lon="-68.8950019" />
  <node id="-647" action="create" lat="-16.2568199" lon="-68.8949980" />
  <node id="-648" action="create" lat="-16.2565297" lon="-68.8950901" />
  <node id="-649" action="create" lat="-16.2560859" lon="-68.8951784" />
  <node id="-650" action="create" lat="-16.2556636" lon="-68.8951677" />
  <node id="-651" action="create" lat="-16.2552989" lon="-68.8951586" />
  <node id="-652" action="create" lat="-16.2548242" lon="-68.8949279" />
  <node id="-653" action="create" lat="-16.2546355" lon="-68.8947840" />
  <node id="-654" action="create" lat="-16.2543654" lon="-68.8948369" />
  <node id="-655" action="create" lat="-16.2541665" lon="-68.8951301" />
  <node id="-656" action="create" lat="-16.2538378" lon="-68.8952212" />
  <node id="-657" action="create" lat="-16.2536614" lon="-68.8953758" />
  <node id="-658" action="create" lat="-16.2533313" lon="-68.8955266" />
  <node id="-659" action="create" lat="-16.2530191" lon="-68.8957374" />
  <node id="-660" action="create" lat="-16.2527270" lon="-68.8959090" />
  <node id="-661" action="create" lat="-16.2524166" lon="-68.8960404" />
  <node id="-662" action="create" lat="-16.2519681" lon="-68.8963273" />
  <node id="-663" action="create" lat="-16.2516760" lon="-68.8964989" />
  <node id="-664" action="create" lat="-16.2512563" lon="-68.8967070" />
  <node id="-665" action="create" lat="-16.2508139" lon="-68.8967357" />
  <node id="-666" action="create" lat="-16.2501060" lon="-68.8966184" />
  <node id="-667" action="create" lat="-16.2497222" lon="-68.8966088" />
  <node id="-668" action="create" lat="-16.2492760" lon="-68.8967964" />
  <node id="-669" action="create" lat="-16.2487695" lon="-68.8971017" />
  <node id="-670" action="create" lat="-16.2482457" lon="-68.8973271" />
  <node id="-671" action="create" lat="-16.2477602" lon="-68.8975535" />
  <node id="-672" action="create" lat="-16.2470842" lon="-68.8977154" />
  <node id="-673" action="create" lat="-16.2466994" lon="-68.8977454" />
  <node id="-674" action="create" lat="-16.2461428" lon="-68.8977314" />
  <node id="-675" action="create" lat="-16.2455304" lon="-68.8976365" />
  <node id="-676" action="create" lat="-16.2448993" lon="-68.8975212" />
  <node id="-677" action="create" lat="-16.2444045" lon="-68.8973298" />
  <node id="-678" action="create" lat="-16.2441184" lon="-68.8972431" />
  <node id="-679" action="create" lat="-16.2437004" lon="-68.8970537" />
  <node id="-680" action="create" lat="-16.2434139" lon="-68.8969868" />
  <node id="-681" action="create" lat="-16.2429953" lon="-68.8968172" />
  <node id="-682" action="create" lat="-16.2428310" lon="-68.8964552" />
  <node id="-683" action="create" lat="-16.2426839" lon="-68.8961732" />
  <node id="-684" action="create" lat="-16.2424419" lon="-68.8958490" />
  <node id="-685" action="create" lat="-16.2423323" lon="-68.8956077" />
  <node id="-686" action="create" lat="-16.2422078" lon="-68.8951871" />
  <node id="-687" action="create" lat="-16.2421590" lon="-68.8948081" />
  <node id="-688" action="create" lat="-16.2419338" lon="-68.8945838" />
  <node id="-689" action="create" lat="-16.2417288" lon="-68.8943202" />
  <node id="-690" action="create" lat="-16.2413917" lon="-68.8939539" />
  <node id="-691" action="create" lat="-16.2409827" lon="-68.8937050" />
  <node id="-692" action="create" lat="-16.2406404" lon="-68.8935572" />
  <node id="-693" action="create" lat="-16.2404929" lon="-68.8932951" />
  <node id="-694" action="create" lat="-16.2403066" lon="-68.8930518" />
  <node id="-695" action="create" lat="-16.2400641" lon="-68.8927475" />
  <node id="-696" action="create" lat="-16.2397630" lon="-68.8924815" />
  <node id="-697" action="create" lat="-16.2394212" lon="-68.8923139" />
  <node id="-698" action="create" lat="-16.2391141" lon="-68.8923062" />
  <node id="-699" action="create" lat="-16.2387303" lon="-68.8922965" />
  <node id="-700" action="create" lat="-16.2383684" lon="-68.8921682" />
  <node id="-701" action="create" lat="-16.2381048" lon="-68.8919428" />
  <node id="-702" action="create" lat="-16.2380354" lon="-68.8916230" />
  <node id="-703" action="create" lat="-16.2380036" lon="-68.8913439" />
  <node id="-704" action="create" lat="-16.2380096" lon="-68.8910856" />
  <node id="-705" action="create" lat="-16.2379202" lon="-68.8908050" />
  <node id="-706" action="create" lat="-16.2377822" lon="-68.8904636" />
  <node id="-707" action="create" lat="-16.2374030" lon="-68.8902553" />
  <node id="-708" action="create" lat="-16.2369629" lon="-68.8901846" />
  <node id="-709" action="create" lat="-16.2366179" lon="-68.8901560" />
  <node id="-710" action="create" lat="-16.2361587" lon="-68.8900849" />
  <node id="-711" action="create" lat="-16.2357031" lon="-68.8898547" />
  <node id="-712" action="create" lat="-16.2356329" lon="-68.8895747" />
  <node id="-713" action="create" lat="-16.2353693" lon="-68.8893494" />
  <node id="-714" action="create" lat="-16.2349479" lon="-68.8892990" />
  <node id="-715" action="create" lat="-16.2347789" lon="-68.8891357" />
  <node id="-716" action="create" lat="-16.2345729" lon="-68.8889119" />
  <node id="-717" action="create" lat="-16.2342677" lon="-68.8888247" />
  <node id="-718" action="create" lat="-16.2340350" lon="-68.8889182" />
  <node id="-719" action="create" lat="-16.2339166" lon="-68.8890544" />
  <node id="-720" action="create" lat="-16.2338328" lon="-68.8893505" />
  <node id="-721" action="create" lat="-16.2336367" lon="-68.8895245" />
  <node id="-722" action="create" lat="-16.2334972" lon="-68.8897397" />
  <node id="-723" action="create" lat="-16.2334701" lon="-68.8900769" />
  <node id="-724" action="create" lat="-16.2333277" lon="-68.8902523" />
  <node id="-725" action="create" lat="-16.2332439" lon="-68.8905484" />
  <node id="-726" action="create" lat="-16.2330862" lon="-68.8907233" />
  <node id="-727" action="create" lat="-16.2329457" lon="-68.8909782" />
  <node id="-728" action="create" lat="-16.2329191" lon="-68.8912956" />
  <node id="-729" action="create" lat="-16.2329313" lon="-68.8915941" />
  <node id="-730" action="create" lat="-16.2328672" lon="-68.8918708" />
  <node id="-731" action="create" lat="-16.2326715" lon="-68.8920249" />
  <node id="-732" action="create" lat="-16.2322844" lon="-68.8921544" />
  <node id="-733" action="create" lat="-16.2321102" lon="-68.8922096" />
  <node id="-734" action="create" lat="-16.2318551" lon="-68.8924418" />
  <node id="-735" action="create" lat="-16.2316229" lon="-68.8925154" />
  <node id="-736" action="create" lat="-16.2314661" lon="-68.8926507" />
  <node id="-737" action="create" lat="-16.2314034" lon="-68.8928677" />
  <node id="-738" action="create" lat="-16.2312817" lon="-68.8931430" />
  <node id="-739" action="create" lat="-16.2310514" lon="-68.8931372" />
  <node id="-740" action="create" lat="-16.2308192" lon="-68.8932109" />
  <node id="-741" action="create" lat="-16.2307546" lon="-68.8935075" />
  <node id="-742" action="create" lat="-16.2307481" lon="-68.8937856" />
  <node id="-743" action="create" lat="-16.2305683" lon="-68.8940793" />
  <node id="-744" action="create" lat="-16.2302799" lon="-68.8940919" />
  <node id="-745" action="create" lat="-16.2300810" lon="-68.8943851" />
  <node id="-746" action="create" lat="-16.2299584" lon="-68.8947001" />
  <node id="-747" action="create" lat="-16.2298755" lon="-68.8949564" />
  <node id="-748" action="create" lat="-16.2296611" lon="-68.8950902" />
  <node id="-749" action="create" lat="-16.2294625" lon="-68.8953685" />
  <node id="-750" action="create" lat="-16.2292866" lon="-68.8954982" />
  <node id="-751" action="create" lat="-16.2291792" lon="-68.8957788" />
  <node id="-752" action="create" lat="-16.2290009" lon="-68.8960128" />
  <node id="-753" action="create" lat="-16.2288376" lon="-68.8962175" />
  <node id="-754" action="create" lat="-16.2286705" lon="-68.8965860" />
  <node id="-755" action="create" lat="-16.2285778" lon="-68.8968520" />
  <node id="-756" action="create" lat="-16.2286028" lon="-68.8970167" />
  <node id="-757" action="create" lat="-16.2286263" lon="-68.8972409" />
  <node id="-758" action="create" lat="-16.2286474" lon="-68.8975694" />
  <node id="-759" action="create" lat="-16.2286404" lon="-68.8978674" />
  <node id="-760" action="create" lat="-16.2286738" lon="-68.8982857" />
  <node id="-761" action="create" lat="-16.2286507" lon="-68.8986579" />
  <node id="-762" action="create" lat="-16.2285861" lon="-68.8989545" />
  <node id="-763" action="create" lat="-16.2283940" lon="-68.8991583" />
  <node id="-764" action="create" lat="-16.2281886" lon="-68.8993172" />
  <node id="-765" action="create" lat="-16.2278920" lon="-68.8996824" />
  <node id="-766" action="create" lat="-16.2276444" lon="-68.8997955" />
  <node id="-767" action="create" lat="-16.2274801" lon="-68.9000448" />
  <node id="-768" action="create" lat="-16.2272565" lon="-68.9003672" />
  <node id="-769" action="create" lat="-16.2270483" lon="-68.9006452" />
  <node id="-770" action="create" lat="-16.2268591" lon="-68.9007299" />
  <node id="-771" action="create" lat="-16.2266526" lon="-68.9009334" />
  <node id="-772" action="create" lat="-16.2265589" lon="-68.9012442" />
  <node id="-773" action="create" lat="-16.2265501" lon="-68.9016167" />
  <node id="-774" action="create" lat="-16.2263865" lon="-68.9018362" />
  <node id="-775" action="create" lat="-16.2261822" lon="-68.9019503" />
  <node id="-776" action="create" lat="-16.2260042" lon="-68.9021695" />
  <node id="-777" action="create" lat="-16.2258947" lon="-68.9025394" />
  <node id="-778" action="create" lat="-16.2258209" lon="-68.9028159" />
  <node id="-779" action="create" lat="-16.2257011" lon="-68.9030116" />
  <node id="-780" action="create" lat="-16.2254085" lon="-68.9032031" />
  <node id="-781" action="create" lat="-16.2250616" lon="-68.9032540" />
  <node id="-782" action="create" lat="-16.2249034" lon="-68.9034488" />
  <node id="-783" action="create" lat="-16.2246904" lon="-68.9035229" />
  <node id="-784" action="create" lat="-16.2244558" lon="-68.9036959" />
  <node id="-785" action="create" lat="-16.2241834" lon="-68.9038481" />
  <node id="-786" action="create" lat="-16.2239709" lon="-68.9039023" />
  <node id="-787" action="create" lat="-16.2236792" lon="-68.9040540" />
  <node id="-788" action="create" lat="-16.2234063" lon="-68.9042261" />
  <node id="-789" action="create" lat="-16.2232855" lon="-68.9044616" />
  <node id="-790" action="create" lat="-16.2232181" lon="-68.9048773" />
  <node id="-791" action="create" lat="-16.2232116" lon="-68.9051554" />
  <node id="-792" action="create" lat="-16.2230309" lon="-68.9054888" />
  <node id="-793" action="create" lat="-16.2227556" lon="-68.9057602" />
  <node id="-794" action="create" lat="-16.2225983" lon="-68.9059152" />
  <node id="-795" action="create" lat="-16.2223413" lon="-68.9062268" />
  <node id="-796" action="create" lat="-16.2221063" lon="-68.9064197" />
  <node id="-797" action="create" lat="-16.2219265" lon="-68.9067133" />
  <node id="-798" action="create" lat="-16.2218596" lon="-68.9071092" />
  <node id="-799" action="create" lat="-16.2217351" lon="-68.9075036" />
  <node id="-800" action="create" lat="-16.2215942" lon="-68.9077784" />
  <node id="-801" action="create" lat="-16.2210736" lon="-68.9078646" />
  <node id="-802" action="create" lat="-16.2208400" lon="-68.9079979" />
  <node id="-803" action="create" lat="-16.2207726" lon="-68.9084136" />
  <node id="-804" action="create" lat="-16.2205385" lon="-68.9085668" />
  <node id="-805" action="create" lat="-16.2202277" lon="-68.9087180" />
  <node id="-806" action="create" lat="-16.2198803" lon="-68.9087887" />
  <node id="-807" action="create" lat="-16.2194740" lon="-68.9089176" />
  <node id="-808" action="create" lat="-16.2190283" lon="-68.9090853" />
  <node id="-809" action="create" lat="-16.2186767" lon="-68.9093348" />
  <node id="-810" action="create" lat="-16.2186102" lon="-68.9097108" />
  <node id="-811" action="create" lat="-16.2186618" lon="-68.9099666" />
  <node id="-812" action="create" lat="-16.2185972" lon="-68.9102631" />
  <node id="-813" action="create" lat="-16.2185298" lon="-68.9106788" />
  <node id="-814" action="create" lat="-16.2186000" lon="-68.9109589" />
  <node id="-815" action="create" lat="-16.2186679" lon="-68.9113383" />
  <node id="-816" action="create" lat="-16.2187559" lon="-68.9116784" />
  <node id="-817" action="create" lat="-16.2188641" lon="-68.9119793" />
  <node id="-818" action="create" lat="-16.2190715" lon="-68.9121436" />
  <node id="-819" action="create" lat="-16.2192255" lon="-68.9121276" />
  <node id="-820" action="create" lat="-16.2196131" lon="-68.9119784" />
  <node id="-821" action="create" lat="-16.2197901" lon="-68.9118039" />
  <node id="-822" action="create" lat="-16.2199844" lon="-68.9117094" />
  <node id="-823" action="create" lat="-16.2201763" lon="-68.9117143" />
  <node id="-824" action="create" lat="-16.2205171" lon="-68.9119217" />
  <node id="-825" action="create" lat="-16.2208022" lon="-68.9120481" />
  <node id="-826" action="create" lat="-16.2211412" lon="-68.9123350" />
  <node id="-827" action="create" lat="-16.2213823" lon="-68.9126989" />
  <node id="-828" action="create" lat="-16.2213369" lon="-68.9129959" />
  <node id="-829" action="create" lat="-16.2212161" lon="-68.9132314" />
  <node id="-830" action="create" lat="-16.2210405" lon="-68.9133462" />
  <node id="-831" action="create" lat="-16.2207484" lon="-68.9135178" />
  <node id="-832" action="create" lat="-16.2205335" lon="-68.9136714" />
  <node id="-833" action="create" lat="-16.2203585" lon="-68.9139254" />
  <node id="-834" action="create" lat="-16.2200509" lon="-68.9139375" />
  <node id="-835" action="create" lat="-16.2198824" lon="-68.9137543" />
  <node id="-836" action="create" lat="-16.2195795" lon="-68.9135678" />
  <node id="-837" action="create" lat="-16.2194330" lon="-68.9132659" />
  <node id="-838" action="create" lat="-16.2194386" lon="-68.9130275" />
  <node id="-839" action="create" lat="-16.2192893" lon="-68.9128448" />
  <node id="-840" action="create" lat="-16.2191352" lon="-68.9128608" />
  <node id="-841" action="create" lat="-16.2189573" lon="-68.9130750" />
  <node id="-842" action="create" lat="-16.2186624" lon="-68.9131620" />
  <node id="-843" action="create" lat="-16.2183470" lon="-68.9133031" />
  <node id="-844" action="create" lat="-16.2179578" lon="-68.9135169" />
  <node id="-845" action="create" lat="-16.2176887" lon="-68.9137337" />
  <node id="-846" action="create" lat="-16.2173007" lon="-68.9138979" />
  <node id="-847" action="create" lat="-16.2170297" lon="-68.9141892" />
  <node id="-848" action="create" lat="-16.2168319" lon="-68.9144327" />
  <node id="-849" action="create" lat="-16.2166786" lon="-68.9148264" />
  <node id="-850" action="create" lat="-16.2164439" lon="-68.9156155" />
  <node id="-851" action="create" lat="-16.2162877" lon="-68.9161334" />
  <node id="-852" action="create" lat="-16.2162549" lon="-68.9165053" />
  <node id="-853" action="create" lat="-16.2163175" lon="-68.9169044" />
  <node id="-854" action="create" lat="-16.2162853" lon="-68.9172515" />
  <node id="-855" action="create" lat="-16.2159003" lon="-68.9172914" />
  <node id="-856" action="create" lat="-16.2153572" lon="-68.9179237" />
  <node id="-857" action="create" lat="-16.2150348" lon="-68.9183628" />
  <node id="-858" action="create" lat="-16.2145923" lon="-68.9187989" />
  <node id="-859" action="create" lat="-16.2140826" lon="-68.9190345" />
  <node id="-860" action="create" lat="-16.2137684" lon="-68.9191259" />
  <node id="-861" action="create" lat="-16.2132400" lon="-68.9191374" />
  <node id="-862" action="create" lat="-16.2128034" lon="-68.9193252" />
  <node id="-863" action="create" lat="-16.2123218" lon="-68.9193875" />
  <node id="-864" action="create" lat="-16.2119116" lon="-68.9194766" />
  <node id="-865" action="create" lat="-16.2114369" lon="-68.9195515" />
  <node id="-866" action="create" lat="-16.2111601" lon="-68.9195818" />
  <node id="-867" action="create" lat="-16.2108727" lon="-68.9195497" />
  <node id="-868" action="create" lat="-16.2106088" lon="-68.9195430" />
  <node id="-869" action="create" lat="-16.2103781" lon="-68.9194502" />
  <node id="-870" action="create" lat="-16.2102134" lon="-68.9193094" />
  <node id="-871" action="create" lat="-16.2100747" lon="-68.9190823" />
  <node id="-872" action="create" lat="-16.2100449" lon="-68.9188206" />
  <node id="-873" action="create" lat="-16.2100619" lon="-68.9186099" />
  <node id="-874" action="create" lat="-16.2101754" lon="-68.9183767" />
  <node id="-875" action="create" lat="-16.2104171" lon="-68.9183083" />
  <node id="-876" action="create" lat="-16.2106480" lon="-68.9181899" />
  <node id="-877" action="create" lat="-16.2106430" lon="-68.9178916" />
  <node id="-878" action="create" lat="-16.2105994" lon="-68.9177041" />
  <node id="-879" action="create" lat="-16.2105438" lon="-68.9175164" />
  <node id="-880" action="create" lat="-16.2106690" lon="-68.9172959" />
  <node id="-881" action="create" lat="-16.2107568" lon="-68.9171366" />
  <node id="-882" action="create" lat="-16.2106650" lon="-68.9169604" />
  <node id="-883" action="create" lat="-16.2105383" lon="-68.9167336" />
  <node id="-884" action="create" lat="-16.2104599" lon="-68.9164955" />
  <node id="-885" action="create" lat="-16.2102103" lon="-68.9163899" />
  <node id="-886" action="create" lat="-16.2100575" lon="-68.9162493" />
  <node id="-887" action="create" lat="-16.2098703" lon="-68.9160458" />
  <node id="-888" action="create" lat="-16.2096075" lon="-68.9159895" />
  <node id="-889" action="create" lat="-16.2093196" lon="-68.9159822" />
  <node id="-890" action="create" lat="-16.2090569" lon="-68.9159259" />
  <node id="-891" action="create" lat="-16.2088307" lon="-68.9158457" />
  <node id="-892" action="create" lat="-16.2086510" lon="-68.9158287" />
  <node id="-893" action="create" lat="-16.2084799" lon="-68.9159610" />
  <node id="-894" action="create" lat="-16.2082061" lon="-68.9160659" />
  <node id="-895" action="create" lat="-16.2079896" lon="-68.9160853" />
  <node id="-896" action="create" lat="-16.2077230" lon="-68.9161904" />
  <node id="-897" action="create" lat="-16.2075276" lon="-68.9163345" />
  <node id="-898" action="create" lat="-16.2073412" lon="-68.9166031" />
  <node id="-899" action="create" lat="-16.2070401" lon="-68.9166452" />
  <node id="-900" action="create" lat="-16.2068020" lon="-68.9165646" />
  <node id="-901" action="create" lat="-16.2065892" lon="-68.9164226" />
  <node id="-902" action="create" lat="-16.2063496" lon="-68.9164041" />
  <node id="-903" action="create" lat="-16.2061457" lon="-68.9163990" />
  <node id="-904" action="create" lat="-16.2059028" lon="-68.9165171" />
  <node id="-905" action="create" lat="-16.2057559" lon="-68.9166376" />
  <node id="-906" action="create" lat="-16.2056295" lon="-68.9169077" />
  <node id="-907" action="create" lat="-16.2055640" lon="-68.9171421" />
  <node id="-908" action="create" lat="-16.2054156" lon="-68.9173247" />
  <node id="-909" action="create" lat="-16.2052895" lon="-68.9175824" />
  <node id="-910" action="create" lat="-16.2052708" lon="-68.9178676" />
  <node id="-911" action="create" lat="-16.2051561" lon="-68.9181505" />
  <node id="-912" action="create" lat="-16.2049510" lon="-68.9181950" />
  <node id="-913" action="create" lat="-16.2048167" lon="-68.9182910" />
  <node id="-914" action="create" lat="-16.2047031" lon="-68.9185241" />
  <node id="-915" action="create" lat="-16.2045914" lon="-68.9186828" />
  <node id="-916" action="create" lat="-16.2043733" lon="-68.9187692" />
  <node id="-917" action="create" lat="-16.2041766" lon="-68.9189630" />
  <node id="-918" action="create" lat="-16.2040028" lon="-68.9192071" />
  <node id="-919" action="create" lat="-16.2037957" lon="-68.9193385" />
  <node id="-920" action="create" lat="-16.2035036" lon="-68.9195050" />
  <node id="-921" action="create" lat="-16.2031628" lon="-68.9197076" />
  <node id="-922" action="create" lat="-16.2029758" lon="-68.9200010" />
  <node id="-923" action="create" lat="-16.2027990" lon="-68.9203693" />
  <node id="-924" action="create" lat="-16.2025755" lon="-68.9206866" />
  <node id="-925" action="create" lat="-16.2024453" lon="-68.9211181" />
  <node id="-926" action="create" lat="-16.2022914" lon="-68.9215366" />
  <node id="-927" action="create" lat="-16.2022349" lon="-68.9218954" />
  <node id="-928" action="create" lat="-16.2022407" lon="-68.9221564" />
  <node id="-929" action="create" lat="-16.2022828" lon="-68.9224060" />
  <node id="-930" action="create" lat="-16.2022401" lon="-68.9226906" />
  <node id="-931" action="create" lat="-16.2020858" lon="-68.9228184" />
  <node id="-932" action="create" lat="-16.2019084" lon="-68.9230127" />
  <node id="-933" action="create" lat="-16.2015980" lon="-68.9231439" />
  <node id="-934" action="create" lat="-16.2011912" lon="-68.9232927" />
  <node id="-935" action="create" lat="-16.2009519" lon="-68.9236643" />
  <node id="-936" action="create" lat="-16.2009079" lon="-68.9239017" />
  <node id="-937" action="create" lat="-16.2008433" lon="-68.9241982" />
  <node id="-938" action="create" lat="-16.2007777" lon="-68.9245344" />
  <node id="-939" action="create" lat="-16.2006920" lon="-68.9249099" />
  <node id="-940" action="create" lat="-16.2006841" lon="-68.9252476" />
  <node id="-941" action="create" lat="-16.2007908" lon="-68.9256081" />
  <node id="-942" action="create" lat="-16.2006676" lon="-68.9259428" />
  <node id="-943" action="create" lat="-16.2005595" lon="-68.9264569" />
  <node id="-944" action="create" lat="-16.2006062" lon="-68.9269152" />
  <node id="-945" action="create" lat="-16.2005901" lon="-68.9274797" />
  <node id="-946" action="create" lat="-16.2005631" lon="-68.9279288" />
  <node id="-947" action="create" lat="-16.2005633" lon="-68.9284340" />
  <node id="-948" action="create" lat="-16.2005544" lon="-68.9288551" />
  <node id="-949" action="create" lat="-16.2005274" lon="-68.9292854" />
  <node id="-950" action="create" lat="-16.2005457" lon="-68.9297626" />
  <node id="-951" action="create" lat="-16.2005458" lon="-68.9302397" />
  <node id="-952" action="create" lat="-16.2004284" lon="-68.9306888" />
  <node id="-953" action="create" lat="-16.2002116" lon="-68.9311193" />
  <node id="-954" action="create" lat="-16.1998953" lon="-68.9314188" />
  <node id="-955" action="create" lat="-16.1995700" lon="-68.9317557" />
  <node id="-956" action="create" lat="-16.1992175" lon="-68.9319897" />
  <node id="-957" action="create" lat="-16.1988741" lon="-68.9322705" />
  <node id="-958" action="create" lat="-16.1985939" lon="-68.9326261" />
  <node id="-959" action="create" lat="-16.1982234" lon="-68.9329069" />
  <node id="-960" action="create" lat="-16.1979433" lon="-68.9333093" />
  <node id="-961" action="create" lat="-16.1977354" lon="-68.9335339" />
  <node id="-962" action="create" lat="-16.1929005" lon="-68.9302049" />
  <node id="-963" action="create" lat="-16.1893260" lon="-68.9272966" />
  <node id="-964" action="create" lat="-16.1864233" lon="-68.9248842" />
  <node id="-965" action="create" lat="-16.1864865" lon="-68.9246035" />
  <node id="-966" action="create" lat="-16.1867862" lon="-68.9242599" />
  <node id="-967" action="create" lat="-16.2030601" lon="-68.8189809" />
  <node id="-968" action="create" lat="-16.2052127" lon="-68.8188799" />
  <node id="-969" action="create" lat="-16.2063122" lon="-68.8179877" />
  <node id="-970" action="create" lat="-16.2079177" lon="-68.8161019" />
  <node id="-971" action="create" lat="-16.2080354" lon="-68.8163076" />
  <node id="-972" action="create" lat="-16.2081171" lon="-68.8167379" />
  <node id="-973" action="create" lat="-16.2080723" lon="-68.8171403" />
  <node id="-974" action="create" lat="-16.2079370" lon="-68.8175708" />
  <node id="-975" action="create" lat="-16.2077837" lon="-68.8180200" />
  <node id="-976" action="create" lat="-16.2075671" lon="-68.8183477" />
  <node id="-977" action="create" lat="-16.2072872" lon="-68.8187409" />
  <node id="-978" action="create" lat="-16.2072305" lon="-68.8193330" />
  <node id="-979" action="create" lat="-16.2070013" lon="-68.8198988" />
  <node id="-980" action="create" lat="-16.2068910" lon="-68.8205172" />
  <node id="-981" action="create" lat="-16.2067847" lon="-68.8209618" />
  <node id="-982" action="create" lat="-16.2066292" lon="-68.8214549" />
  <node id="-983" action="create" lat="-16.2066178" lon="-68.8219515" />
  <node id="-984" action="create" lat="-16.2069182" lon="-68.8224559" />
  <node id="-985" action="create" lat="-16.2071455" lon="-68.8230081" />
  <node id="-986" action="create" lat="-16.2074511" lon="-68.8232890" />
  <node id="-987" action="create" lat="-16.2076092" lon="-68.8237153" />
  <node id="-988" action="create" lat="-16.2077885" lon="-68.8242664" />
  <node id="-989" action="create" lat="-16.2081867" lon="-68.8246986" />
  <node id="-990" action="create" lat="-16.2087356" lon="-68.8248364" />
  <node id="-991" action="create" lat="-16.2091189" lon="-68.8248708" />
  <node id="-992" action="create" lat="-16.2096754" lon="-68.8246858" />
  <node id="-993" action="create" lat="-16.2102330" lon="-68.8244512" />
  <node id="-994" action="create" lat="-16.2107631" lon="-68.8243649" />
  <node id="-995" action="create" lat="-16.2111955" lon="-68.8243508" />
  <node id="-996" action="create" lat="-16.2115006" lon="-68.8246565" />
  <node id="-997" action="create" lat="-16.2115171" lon="-68.8249799" />
  <node id="-998" action="create" lat="-16.2116536" lon="-68.8253063" />
  <node id="-999" action="create" lat="-16.2119569" lon="-68.8256865" />
  <node id="-1000" action="create" lat="-16.2122361" lon="-68.8260662" />
  <node id="-1001" action="create" lat="-16.2123972" lon="-68.8263683" />
  <node id="-1002" action="create" lat="-16.2126325" lon="-68.8265729" />
  <node id="-1003" action="create" lat="-16.2128621" lon="-68.8270259" />
  <node id="-1004" action="create" lat="-16.2130454" lon="-68.8274031" />
  <node id="-1005" action="create" lat="-16.2131842" lon="-68.8276302" />
  <node id="-1006" action="create" lat="-16.2135858" lon="-68.8279134" />
  <node id="-1007" action="create" lat="-16.2139416" lon="-68.8280962" />
  <node id="-1008" action="create" lat="-16.2144912" lon="-68.8282092" />
  <node id="-1009" action="create" lat="-16.2151016" lon="-68.8282865" />
  <node id="-1010" action="create" lat="-16.2155486" lon="-68.8284218" />
  <node id="-1011" action="create" lat="-16.2160212" lon="-68.8287441" />
  <node id="-1012" action="create" lat="-16.2164689" lon="-68.8288484" />
  <node id="-1013" action="create" lat="-16.2170388" lon="-68.8288625" />
  <node id="-1014" action="create" lat="-16.2176064" lon="-68.8289698" />
  <node id="-1015" action="create" lat="-16.2179071" lon="-68.8289462" />
  <node id="-1016" action="create" lat="-16.2183070" lon="-68.8285213" />
  <node id="-1017" action="create" lat="-16.2186192" lon="-68.8280010" />
  <node id="-1018" action="create" lat="-16.2189555" lon="-68.8277298" />
  <node id="-1019" action="create" lat="-16.2193219" lon="-68.8274594" />
  <node id="-1020" action="create" lat="-16.2195733" lon="-68.8269687" />
  <node id="-1021" action="create" lat="-16.2200575" lon="-68.8267943" />
  <node id="-1022" action="create" lat="-16.2205724" lon="-68.8265897" />
  <node id="-1023" action="create" lat="-16.2211801" lon="-68.8262631" />
  <node id="-1024" action="create" lat="-16.2218135" lon="-68.8261235" />
  <node id="-1025" action="create" lat="-16.2225362" lon="-68.8260172" />
  <node id="-1026" action="create" lat="-16.2231331" lon="-68.8261562" />
  <node id="-1027" action="create" lat="-16.2234887" lon="-68.8263514" />
  <node id="-1028" action="create" lat="-16.2235408" lon="-68.8266944" />
  <node id="-1029" action="create" lat="-16.2235578" lon="-68.8272539" />
  <node id="-1030" action="create" lat="-16.2233328" lon="-68.8279005" />
  <node id="-1031" action="create" lat="-16.2229000" lon="-68.8284489" />
  <node id="-1032" action="create" lat="-16.2227628" lon="-68.8291909" />
  <node id="-1033" action="create" lat="-16.2226570" lon="-68.8298716" />
  <node id="-1034" action="create" lat="-16.2226697" lon="-68.8306174" />
  <node id="-1035" action="create" lat="-16.2226524" lon="-68.8313624" />
  <node id="-1036" action="create" lat="-16.2227045" lon="-68.8316034" />
  <node id="-1037" action="create" lat="-16.2227147" lon="-68.8317826" />
  <node id="-1038" action="create" lat="-16.2226681" lon="-68.8319305" />
  <node id="-1039" action="create" lat="-16.2226619" lon="-68.8321987" />
  <node id="-1040" action="create" lat="-16.2227880" lon="-68.8323510" />
  <node id="-1041" action="create" lat="-16.2230334" lon="-68.8323272" />
  <node id="-1042" action="create" lat="-16.2232504" lon="-68.8322879" />
  <node id="-1043" action="create" lat="-16.2234684" lon="-68.8322039" />
  <node id="-1044" action="create" lat="-16.2237512" lon="-68.8321217" />
  <node id="-1045" action="create" lat="-16.2240518" lon="-68.8318903" />
  <node id="-1046" action="create" lat="-16.2241009" lon="-68.8316381" />
  <node id="-1047" action="create" lat="-16.2243291" lon="-68.8314413" />
  <node id="-1048" action="create" lat="-16.2245428" lon="-68.8312167" />
  <node id="-1049" action="create" lat="-16.2248320" lon="-68.8311643" />
  <node id="-1050" action="create" lat="-16.2251210" lon="-68.8311267" />
  <node id="-1051" action="create" lat="-16.2253362" lon="-68.8311619" />
  <node id="-1052" action="create" lat="-16.2255895" lon="-68.8313593" />
  <node id="-1053" action="create" lat="-16.2256851" lon="-68.8316476" />
  <node id="-1054" action="create" lat="-16.2257094" lon="-68.8318420" />
  <node id="-1055" action="create" lat="-16.2256034" lon="-68.8320630" />
  <node id="-1056" action="create" lat="-16.2254423" lon="-68.8321783" />
  <node id="-1057" action="create" lat="-16.2252911" lon="-68.8324877" />
  <node id="-1058" action="create" lat="-16.2251019" lon="-68.8325724" />
  <node id="-1059" action="create" lat="-16.2249000" lon="-68.8325823" />
  <node id="-1060" action="create" lat="-16.2246399" lon="-68.8326206" />
  <node id="-1061" action="create" lat="-16.2244383" lon="-68.8326156" />
  <node id="-1062" action="create" lat="-16.2242820" lon="-68.8325222" />
  <node id="-1063" action="create" lat="-16.2241415" lon="-68.8323697" />
  <node id="-1064" action="create" lat="-16.2237328" lon="-68.8324370" />
  <node id="-1065" action="create" lat="-16.2234358" lon="-68.8323670" />
  <node id="-1066" action="create" lat="-16.2232877" lon="-68.8325423" />
  <node id="-1067" action="create" lat="-16.2232273" lon="-68.8326600" />
  <node id="-1068" action="create" lat="-16.2231923" lon="-68.8329275" />
  <node id="-1069" action="create" lat="-16.2231745" lon="-68.8330762" />
  <node id="-1070" action="create" lat="-16.2231686" lon="-68.8333295" />
  <node id="-1071" action="create" lat="-16.2230613" lon="-68.8336101" />
  <node id="-1072" action="create" lat="-16.2230537" lon="-68.8339379" />
  <node id="-1073" action="create" lat="-16.2231205" lon="-68.8341632" />
  <node id="-1074" action="create" lat="-16.2232024" lon="-68.8343590" />
  <node id="-1075" action="create" lat="-16.2232530" lon="-68.8346585" />
  <node id="-1076" action="create" lat="-16.2232626" lon="-68.8348674" />
  <node id="-1077" action="create" lat="-16.2235337" lon="-68.8349785" />
  <node id="-1078" action="create" lat="-16.2238051" lon="-68.8350747" />
  <node id="-1079" action="create" lat="-16.2240478" lon="-68.8351702" />
  <node id="-1080" action="create" lat="-16.2241873" lon="-68.8353675" />
  <node id="-1081" action="create" lat="-16.2242310" lon="-68.8357463" />
  <node id="-1082" action="create" lat="-16.2239009" lon="-68.8359120" />
  <node id="-1083" action="create" lat="-16.2235938" lon="-68.8361131" />
  <node id="-1084" action="create" lat="-16.2233316" lon="-68.8362407" />
  <node id="-1085" action="create" lat="-16.2231122" lon="-68.8363844" />
  <node id="-1086" action="create" lat="-16.2228805" lon="-68.8364382" />
  <node id="-1087" action="create" lat="-16.2226186" lon="-68.8365510" />
  <node id="-1088" action="create" lat="-16.2224972" lon="-68.8368163" />
  <node id="-1089" action="create" lat="-16.2224039" lon="-68.8371122" />
  <node id="-1090" action="create" lat="-16.2223397" lon="-68.8373939" />
  <node id="-1091" action="create" lat="-16.2222008" lon="-68.8377930" />
  <node id="-1092" action="create" lat="-16.2220514" lon="-68.8380278" />
  <node id="-1093" action="create" lat="-16.2218436" lon="-68.8382910" />
  <node id="-1094" action="create" lat="-16.2217356" lon="-68.8386014" />
  <node id="-1095" action="create" lat="-16.2216043" lon="-68.8386726" />
  <node id="-1096" action="create" lat="-16.2214438" lon="-68.8387581" />
  <node id="-1097" action="create" lat="-16.2212649" lon="-68.8390220" />
  <node id="-1098" action="create" lat="-16.2211424" lon="-68.8393321" />
  <node id="-1099" action="create" lat="-16.2209234" lon="-68.8394608" />
  <node id="-1100" action="create" lat="-16.2207444" lon="-68.8397247" />
  <node id="-1101" action="create" lat="-16.2206343" lon="-68.8401245" />
  <node id="-1102" action="create" lat="-16.2205979" lon="-68.8404516" />
  <node id="-1103" action="create" lat="-16.2206054" lon="-68.8407499" />
  <node id="-1104" action="create" lat="-16.2205974" lon="-68.8410926" />
  <node id="-1105" action="create" lat="-16.2205178" lon="-68.8414186" />
  <node id="-1106" action="create" lat="-16.2205102" lon="-68.8417464" />
  <node id="-1107" action="create" lat="-16.2205763" lon="-68.8420015" />
  <node id="-1108" action="create" lat="-16.2206126" lon="-68.8423006" />
  <node id="-1109" action="create" lat="-16.2205333" lon="-68.8426117" />
  <node id="-1110" action="create" lat="-16.2203396" lon="-68.8428901" />
  <node id="-1111" action="create" lat="-16.2200750" lon="-68.8431221" />
  <node id="-1112" action="create" lat="-16.2198099" lon="-68.8433689" />
  <node id="-1113" action="create" lat="-16.2196594" lon="-68.8436485" />
  <node id="-1114" action="create" lat="-16.2194509" lon="-68.8439414" />
  <node id="-1115" action="create" lat="-16.2192449" lon="-68.8441301" />
  <node id="-1116" action="create" lat="-16.2190375" lon="-68.8443784" />
  <node id="-1117" action="create" lat="-16.2189898" lon="-68.8445710" />
  <node id="-1118" action="create" lat="-16.2188125" lon="-68.8447604" />
  <node id="-1119" action="create" lat="-16.2184638" lon="-68.8448909" />
  <node id="-1120" action="create" lat="-16.2183047" lon="-68.8451255" />
  <node id="-1121" action="create" lat="-16.2181054" lon="-68.8454385" />
  <node id="-1122" action="create" lat="-16.2178311" lon="-68.8456703" />
  <node id="-1123" action="create" lat="-16.2176551" lon="-68.8458050" />
  <node id="-1124" action="create" lat="-16.2175906" lon="-68.8461016" />
  <node id="-1125" action="create" lat="-16.2174315" lon="-68.8463362" />
  <node id="-1126" action="create" lat="-16.2171207" lon="-68.8464874" />
  <node id="-1127" action="create" lat="-16.2169050" lon="-68.8466808" />
  <node id="-1128" action="create" lat="-16.2167632" lon="-68.8469954" />
  <node id="-1129" action="create" lat="-16.2166037" lon="-68.8472498" />
  <node id="-1130" action="create" lat="-16.2165031" lon="-68.8474461" />
  <node id="-1131" action="create" lat="-16.2163632" lon="-68.8476811" />
  <node id="-1132" action="create" lat="-16.2161849" lon="-68.8479152" />
  <node id="-1133" action="create" lat="-16.2159458" lon="-68.8482869" />
  <node id="-1134" action="create" lat="-16.2158616" lon="-68.8486029" />
  <node id="-1135" action="create" lat="-16.2158729" lon="-68.8489411" />
  <node id="-1136" action="create" lat="-16.2158080" lon="-68.8492575" />
  <node id="-1137" action="create" lat="-16.2156119" lon="-68.8494315" />
  <node id="-1138" action="create" lat="-16.2153605" lon="-68.8495048" />
  <node id="-1139" action="create" lat="-16.2151297" lon="-68.8495189" />
  <node id="-1140" action="create" lat="-16.2149139" lon="-68.8497123" />
  <node id="-1141" action="create" lat="-16.2146575" lon="-68.8500040" />
  <node id="-1142" action="create" lat="-16.2143869" lon="-68.8500768" />
  <node id="-1143" action="create" lat="-16.2140588" lon="-68.8501481" />
  <node id="-1144" action="create" lat="-16.2138238" lon="-68.8503411" />
  <node id="-1145" action="create" lat="-16.2135715" lon="-68.8504540" />
  <node id="-1146" action="create" lat="-16.2131881" lon="-68.8504246" />
  <node id="-1147" action="create" lat="-16.2128842" lon="-68.8502779" />
  <node id="-1148" action="create" lat="-16.2124943" lon="-68.8505266" />
  <node id="-1149" action="create" lat="-16.2122982" lon="-68.8507006" />
  <node id="-1150" action="create" lat="-16.2122529" lon="-68.8509976" />
  <node id="-1151" action="create" lat="-16.2120910" lon="-68.8513514" />
  <node id="-1152" action="create" lat="-16.2117409" lon="-68.8515414" />
  <node id="-1153" action="create" lat="-16.2114118" lon="-68.8516525" />
  <node id="-1154" action="create" lat="-16.2111343" lon="-68.8520232" />
  <node id="-1155" action="create" lat="-16.2107294" lon="-68.8520926" />
  <node id="-1156" action="create" lat="-16.2103048" lon="-68.8521814" />
  <node id="-1157" action="create" lat="-16.2100324" lon="-68.8523337" />
  <node id="-1158" action="create" lat="-16.2098522" lon="-68.8526472" />
  <node id="-1159" action="create" lat="-16.2096379" lon="-68.8527810" />
  <node id="-1160" action="create" lat="-16.2094073" lon="-68.8531946" />
  <node id="-1161" action="create" lat="-16.2093136" lon="-68.8533720" />
  <node id="-1162" action="create" lat="-16.2092828" lon="-68.8534606" />
  <node id="-1163" action="create" lat="-16.2092728" lon="-68.8535797" />
  <node id="-1164" action="create" lat="-16.2092632" lon="-68.8536838" />
  <node id="-1165" action="create" lat="-16.2092678" lon="-68.8537957" />
  <node id="-1166" action="create" lat="-16.2092940" lon="-68.8539082" />
  <node id="-1167" action="create" lat="-16.2093936" lon="-68.8540959" />
  <node id="-1168" action="create" lat="-16.2094298" lon="-68.8541146" />
  <node id="-1169" action="create" lat="-16.2094569" lon="-68.8541333" />
  <node id="-1170" action="create" lat="-16.2094931" lon="-68.8541707" />
  <node id="-1171" action="create" lat="-16.2095021" lon="-68.8541894" />
  <node id="-1172" action="create" lat="-16.2095022" lon="-68.8542081" />
  <node id="-1173" action="create" lat="-16.2094931" lon="-68.8542268" />
  <node id="-1174" action="create" lat="-16.2094389" lon="-68.8542924" />
  <node id="-1175" action="create" lat="-16.2093666" lon="-68.8543392" />
  <node id="-1176" action="create" lat="-16.2092491" lon="-68.8543767" />
  <node id="-1177" action="create" lat="-16.2091949" lon="-68.8543768" />
  <node id="-1178" action="create" lat="-16.2091678" lon="-68.8543674" />
  <node id="-1179" action="create" lat="-16.2091406" lon="-68.8543487" />
  <node id="-1180" action="create" lat="-16.2091226" lon="-68.8543300" />
  <node id="-1181" action="create" lat="-16.2091316" lon="-68.8543020" />
  <node id="-1182" action="create" lat="-16.2091406" lon="-68.8542739" />
  <node id="-1183" action="create" lat="-16.2092128" lon="-68.8541616" />
  <node id="-1184" action="create" lat="-16.2092399" lon="-68.8541241" />
  <node id="-1185" action="create" lat="-16.2092822" lon="-68.8540420" />
  <node id="-1186" action="create" lat="-16.2092591" lon="-68.8539520" />
  <node id="-1187" action="create" lat="-16.2092360" lon="-68.8538620" />
  <node id="-1188" action="create" lat="-16.2091485" lon="-68.8538250" />
  <node id="-1189" action="create" lat="-16.2090489" lon="-68.8537728" />
  <node id="-1190" action="create" lat="-16.2088817" lon="-68.8537339" />
  <node id="-1191" action="create" lat="-16.2087666" lon="-68.8537310" />
  <node id="-1192" action="create" lat="-16.2086658" lon="-68.8537285" />
  <node id="-1193" action="create" lat="-16.2084115" lon="-68.8536385" />
  <node id="-1194" action="create" lat="-16.2082794" lon="-68.8535698" />
  <node id="-1195" action="create" lat="-16.2081176" lon="-68.8535595" />
  <node id="-1196" action="create" lat="-16.2079540" lon="-68.8536238" />
  <node id="-1197" action="create" lat="-16.2078743" lon="-68.8536963" />
  <node id="-1198" action="create" lat="-16.2078297" lon="-68.8538070" />
  <node id="-1199" action="create" lat="-16.2077480" lon="-68.8539665" />
  <node id="-1200" action="create" lat="-16.2076017" lon="-68.8540622" />
  <node id="-1201" action="create" lat="-16.2075168" lon="-68.8541036" />
  <node id="-1202" action="create" lat="-16.2074201" lon="-68.8541322" />
  <node id="-1203" action="create" lat="-16.2072997" lon="-68.8541479" />
  <node id="-1204" action="create" lat="-16.2072145" lon="-68.8541954" />
  <node id="-1205" action="create" lat="-16.2070991" lon="-68.8542547" />
  <node id="-1206" action="create" lat="-16.2069663" lon="-68.8542886" />
  <node id="-1207" action="create" lat="-16.2068689" lon="-68.8543483" />
  <node id="-1208" action="create" lat="-16.2068124" lon="-68.8544525" />
  <node id="-1209" action="create" lat="-16.2067794" lon="-68.8545821" />
  <node id="-1210" action="create" lat="-16.2067528" lon="-68.8546933" />
  <node id="-1211" action="create" lat="-16.2067528" lon="-68.8548101" />
  <node id="-1212" action="create" lat="-16.2067897" lon="-68.8549116" />
  <node id="-1213" action="create" lat="-16.2068264" lon="-68.8549870" />
  <node id="-1214" action="create" lat="-16.2068882" lon="-68.8550134" />
  <node id="-1215" action="create" lat="-16.2069146" lon="-68.8551184" />
  <node id="-1216" action="create" lat="-16.2068882" lon="-68.8552172" />
  <node id="-1217" action="create" lat="-16.2068485" lon="-68.8552758" />
  <node id="-1218" action="create" lat="-16.2068000" lon="-68.8553703" />
  <node id="-1219" action="create" lat="-16.2068361" lon="-68.8553983" />
  <node id="-1220" action="create" lat="-16.2068452" lon="-68.8554170" />
  <node id="-1221" action="create" lat="-16.2068362" lon="-68.8554357" />
  <node id="-1222" action="create" lat="-16.2068000" lon="-68.8554638" />
  <node id="-1223" action="create" lat="-16.2067458" lon="-68.8554826" />
  <node id="-1224" action="create" lat="-16.2066373" lon="-68.8555014" />
  <node id="-1225" action="create" lat="-16.2065560" lon="-68.8555014" />
  <node id="-1226" action="create" lat="-16.2064565" lon="-68.8555015" />
  <node id="-1227" action="create" lat="-16.2064475" lon="-68.8555015" />
  <node id="-1228" action="create" lat="-16.2064384" lon="-68.8554922" />
  <node id="-1229" action="create" lat="-16.2064294" lon="-68.8554828" />
  <node id="-1230" action="create" lat="-16.2064294" lon="-68.8554734" />
  <node id="-1231" action="create" lat="-16.2064294" lon="-68.8554641" />
  <node id="-1232" action="create" lat="-16.2064294" lon="-68.8554547" />
  <node id="-1233" action="create" lat="-16.2064384" lon="-68.8554454" />
  <node id="-1234" action="create" lat="-16.2064565" lon="-68.8554266" />
  <node id="-1235" action="create" lat="-16.2065197" lon="-68.8553798" />
  <node id="-1236" action="create" lat="-16.2065830" lon="-68.8553517" />
  <node id="-1237" action="create" lat="-16.2066734" lon="-68.8553423" />
  <node id="-1238" action="create" lat="-16.2067914" lon="-68.8552545" />
  <node id="-1239" action="create" lat="-16.2067940" lon="-68.8551403" />
  <node id="-1240" action="create" lat="-16.2067131" lon="-68.8551084" />
  <node id="-1241" action="create" lat="-16.2066028" lon="-68.8551057" />
  <node id="-1242" action="create" lat="-16.2065345" lon="-68.8551487" />
  <node id="-1243" action="create" lat="-16.2064750" lon="-68.8552317" />
  <node id="-1244" action="create" lat="-16.2063978" lon="-68.8552497" />
  <node id="-1245" action="create" lat="-16.2063163" lon="-68.8552427" />
  <node id="-1246" action="create" lat="-16.2062662" lon="-68.8553308" />
  <node id="-1247" action="create" lat="-16.2061835" lon="-68.8553785" />
  <node id="-1248" action="create" lat="-16.2059813" lon="-68.8553550" />
  <node id="-1249" action="create" lat="-16.2056841" lon="-68.8554306" />
  <node id="-1250" action="create" lat="-16.2055058" lon="-68.8556908" />
  <node id="-1251" action="create" lat="-16.2050328" lon="-68.8558243" />
  <node id="-1252" action="create" lat="-16.2047553" lon="-68.8561404" />
  <node id="-1253" action="create" lat="-16.2044574" lon="-68.8563069" />
  <node id="-1254" action="create" lat="-16.2039851" lon="-68.8562268" />
  <node id="-1255" action="create" lat="-16.2036053" lon="-68.8560682" />
  <node id="-1256" action="create" lat="-16.2033226" lon="-68.8558376" />
  <node id="-1257" action="create" lat="-16.2031873" lon="-68.8554615" />
  <node id="-1258" action="create" lat="-16.2031626" lon="-68.8549764" />
  <node id="-1259" action="create" lat="-16.2033178" lon="-68.8544958" />
  <node id="-1260" action="create" lat="-16.2034353" lon="-68.8540888" />
  <node id="-1261" action="create" lat="-16.2035476" lon="-68.8539052" />
  <node id="-1262" action="create" lat="-16.2037406" lon="-68.8533510" />
  <node id="-1263" action="create" lat="-16.2038538" lon="-68.8531302" />
  <node id="-1264" action="create" lat="-16.2040458" lon="-68.8526133" />
  <node id="-1265" action="create" lat="-16.2040888" lon="-68.8523162" />
  <node id="-1266" action="create" lat="-16.2039175" lon="-68.8519392" />
  <node id="-1267" action="create" lat="-16.2038928" lon="-68.8514541" />
  <node id="-1268" action="create" lat="-16.2037891" lon="-68.8512652" />
  <node id="-1269" action="create" lat="-16.2034054" lon="-68.8507339" />
  <node id="-1270" action="create" lat="-16.2030242" lon="-68.8500908" />
  <node id="-1271" action="create" lat="-16.2026019" lon="-68.8496703" />
  <node id="-1272" action="create" lat="-16.2021084" lon="-68.8492108" />
  <node id="-1273" action="create" lat="-16.2016870" lon="-68.8487531" />
  <node id="-1274" action="create" lat="-16.2012612" lon="-68.8484816" />
  <node id="-1275" action="create" lat="-16.2007898" lon="-68.8486190" />
  <node id="-1276" action="create" lat="-16.2003879" lon="-68.8488698" />
  <node id="-1277" action="create" lat="-16.1999238" lon="-68.8490073" />
  <node id="-1278" action="create" lat="-16.1993137" lon="-68.8489176" />
  <node id="-1279" action="create" lat="-16.1986429" lon="-68.8483419" />
  <node id="-1280" action="create" lat="-16.1983302" lon="-68.8478496" />
  <node id="-1281" action="create" lat="-16.1980466" lon="-68.8476562" />
  <node id="-1282" action="create" lat="-16.1977314" lon="-68.8472757" />
  <node id="-1283" action="create" lat="-16.1969561" lon="-68.8465483" />
  <node id="-1284" action="create" lat="-16.1964661" lon="-68.8459398" />
  <node id="-1285" action="create" lat="-16.1963403" lon="-68.8451541" />
  <node id="-1286" action="create" lat="-16.1963507" lon="-68.8447072" />
  <node id="-1287" action="create" lat="-16.1962505" lon="-68.8443693" />
  <node id="-1288" action="create" lat="-16.1956808" lon="-68.8440942" />
  <node id="-1289" action="create" lat="-16.1952927" lon="-68.8437492" />
  <node id="-1290" action="create" lat="-16.1945876" lon="-68.8430981" />
  <node id="-1291" action="create" lat="-16.1940907" lon="-68.8427876" />
  <node id="-1292" action="create" lat="-16.1937737" lon="-68.8424816" />
  <node id="-1293" action="create" lat="-16.1933453" lon="-68.8423219" />
  <node id="-1294" action="create" lat="-16.1929203" lon="-68.8420132" />
  <node id="-1295" action="create" lat="-16.1923805" lon="-68.8419997" />
  <node id="-1296" action="create" lat="-16.1919048" lon="-68.8423233" />
  <node id="-1297" action="create" lat="-16.1912475" lon="-68.8427169" />
  <node id="-1298" action="create" lat="-16.1908781" lon="-68.8431176" />
  <node id="-1299" action="create" lat="-16.1903998" lon="-68.8435529" />
  <node id="-1300" action="create" lat="-16.1897416" lon="-68.8439837" />
  <node id="-1301" action="create" lat="-16.1891949" lon="-68.8442682" />
  <node id="-1302" action="create" lat="-16.1883576" lon="-68.8446573" />
  <node id="-1303" action="create" lat="-16.1876161" lon="-68.8448003" />
  <node id="-1304" action="create" lat="-16.1868927" lon="-68.8449376" />
  <node id="-1305" action="create" lat="-16.1863807" lon="-68.8450180" />
  <node id="-1306" action="create" lat="-16.1857743" lon="-68.8452824" />
  <node id="-1307" action="create" lat="-16.1854643" lon="-68.8457094" />
  <node id="-1308" action="create" lat="-16.1852999" lon="-68.8463264" />
  <node id="-1309" action="create" lat="-16.1847887" lon="-68.8463758" />
  <node id="-1310" action="create" lat="-16.1843359" lon="-68.8464887" />
  <node id="-1311" action="create" lat="-16.1841993" lon="-68.8471996" />
  <node id="-1312" action="create" lat="-16.1840964" lon="-68.8477560" />
  <node id="-1313" action="create" lat="-16.1837271" lon="-68.8481505" />
  <node id="-1314" action="create" lat="-16.1832115" lon="-68.8483861" />
  <node id="-1315" action="create" lat="-16.1824346" lon="-68.8482425" />
  <node id="-1316" action="create" lat="-16.1820068" lon="-68.8485734" />
  <node id="-1317" action="create" lat="-16.1815862" lon="-68.8485940" />
  <node id="-1318" action="create" lat="-16.1813098" lon="-68.8488666" />
  <node id="-1319" action="create" lat="-16.1810926" lon="-68.8491717" />
  <node id="-1320" action="create" lat="-16.1806398" lon="-68.8492847" />
  <node id="-1321" action="create" lat="-16.1801622" lon="-68.8491796" />
  <node id="-1322" action="create" lat="-16.1798023" lon="-68.8491706" />
  <node id="-1323" action="create" lat="-16.1795851" lon="-68.8494758" />
  <node id="-1324" action="create" lat="-16.1792209" lon="-68.8496530" />
  <node id="-1325" action="create" lat="-16.1788238" lon="-68.8499536" />
  <node id="-1326" action="create" lat="-16.1787208" lon="-68.8505100" />
  <node id="-1327" action="create" lat="-16.1784465" lon="-68.8506895" />
  <node id="-1328" action="create" lat="-16.1779297" lon="-68.8508658" />
  <node id="-1329" action="create" lat="-16.1766477" lon="-68.8502846" />
  <node id="-1330" action="create" lat="-16.1763040" lon="-68.8500136" />
  <node id="-1331" action="create" lat="-16.1762497" lon="-68.8499762" />
  <node id="-1332" action="create" lat="-16.1780206" lon="-68.8485716" />
  <node id="-1333" action="create" lat="-16.1790777" lon="-68.8477196" />
  <node id="-1334" action="create" lat="-16.1808035" lon="-68.8468345" />
  <node id="-1335" action="create" lat="-16.1816094" lon="-68.8449775" />
  <node id="-1336" action="create" lat="-16.1816688" lon="-68.8430776" />
  <node id="-1337" action="create" lat="-16.1819064" lon="-68.8422545" />
  <node id="-1338" action="create" lat="-16.1825340" lon="-68.8418518" />
  <node id="-1339" action="create" lat="-16.1837300" lon="-68.8419437" />
  <node id="-1340" action="create" lat="-16.1848592" lon="-68.8419805" />
  <node id="-1341" action="create" lat="-16.1859158" lon="-68.8405109" />
  <node id="-1342" action="create" lat="-16.1865017" lon="-68.8383120" />
  <node id="-1343" action="create" lat="-16.1870926" lon="-68.8366471" />
  <node id="-1344" action="create" lat="-16.1881679" lon="-68.8353776" />
  <node id="-1345" action="create" lat="-16.1889738" lon="-68.8336133" />
  <node id="-1346" action="create" lat="-16.1904682" lon="-68.8329314" />
  <node id="-1347" action="create" lat="-16.1907457" lon="-68.8320873" />
  <node id="-1348" action="create" lat="-16.1915675" lon="-68.8309827" />
  <node id="-1349" action="create" lat="-16.1923968" lon="-68.8293374" />
  <node id="-1350" action="create" lat="-16.1931437" lon="-68.8285942" />
  <node id="-1351" action="create" lat="-16.1957749" lon="-68.8287776" />
  <node id="-1352" action="create" lat="-16.1967306" lon="-68.8274462" />
  <node id="-1353" action="create" lat="-16.1971356" lon="-68.8254346" />
  <node id="-1354" action="create" lat="-16.1974649" lon="-68.8238954" />
  <node id="-1355" action="create" lat="-16.1984778" lon="-68.8215038" />
  <node id="-1356" action="create" lat="-16.2007188" lon="-68.8198618" />
  <node id="-1357" action="create" lat="-16.2030601" lon="-68.8189809" />
  <node id="-1358" action="create" lat="-16.2761215" lon="-68.8234219" />
  <node id="-1359" action="create" lat="-16.2764954" lon="-68.8230335" />
  <node id="-1360" action="create" lat="-16.2770187" lon="-68.8228277" />
  <node id="-1361" action="create" lat="-16.2775401" lon="-68.8227015" />
  <node id="-1362" action="create" lat="-16.2781992" lon="-68.8224394" />
  <node id="-1363" action="create" lat="-16.2787349" lon="-68.8216971" />
  <node id="-1364" action="create" lat="-16.2790731" lon="-68.8211885" />
  <node id="-1365" action="create" lat="-16.2794137" lon="-68.8205806" />
  <node id="-1366" action="create" lat="-16.2796765" lon="-68.8200104" />
  <node id="-1367" action="create" lat="-16.2799997" lon="-68.8193225" />
  <node id="-1368" action="create" lat="-16.2802059" lon="-68.8187112" />
  <node id="-1369" action="create" lat="-16.2804116" lon="-68.8181198" />
  <node id="-1370" action="create" lat="-16.2805917" lon="-68.8178061" />
  <node id="-1371" action="create" lat="-16.2808262" lon="-68.8176329" />
  <node id="-1372" action="create" lat="-16.2811155" lon="-68.8175804" />
  <node id="-1373" action="create" lat="-16.2815316" lon="-68.8176902" />
  <node id="-1374" action="create" lat="-16.2818337" lon="-68.8179164" />
  <node id="-1375" action="create" lat="-16.2821202" lon="-68.8179831" />
  <node id="-1376" action="create" lat="-16.2824269" lon="-68.8180106" />
  <node id="-1377" action="create" lat="-16.2827386" lon="-68.8178195" />
  <node id="-1378" action="create" lat="-16.2828297" lon="-68.8172444" />
  <node id="-1379" action="create" lat="-16.2823513" lon="-68.8164615" />
  <node id="-1380" action="create" lat="-16.2821114" lon="-68.8159336" />
  <node id="-1381" action="create" lat="-16.2821234" lon="-68.8154119" />
  <node id="-1382" action="create" lat="-16.2819538" lon="-68.8149603" />
  <node id="-1383" action="create" lat="-16.2817113" lon="-68.8145442" />
  <node id="-1384" action="create" lat="-16.2817559" lon="-68.8141725" />
  <node id="-1385" action="create" lat="-16.2819085" lon="-68.8138034" />
  <node id="-1386" action="create" lat="-16.2818854" lon="-68.8132436" />
  <node id="-1387" action="create" lat="-16.2816052" lon="-68.8129011" />
  <node id="-1388" action="create" lat="-16.2813619" lon="-68.8125223" />
  <node id="-1389" action="create" lat="-16.2813379" lon="-68.8119997" />
  <node id="-1390" action="create" lat="-16.2816019" lon="-68.8114843" />
  <node id="-1391" action="create" lat="-16.2818607" lon="-68.8111924" />
  <node id="-1392" action="create" lat="-16.2821238" lon="-68.8107142" />
  <node id="-1393" action="create" lat="-16.2821358" lon="-68.8101926" />
  <node id="-1394" action="create" lat="-16.2821513" lon="-68.8095219" />
  <node id="-1395" action="create" lat="-16.2822370" lon="-68.8089275" />
  <node id="-1396" action="create" lat="-16.2826064" lon="-68.8085265" />
  <node id="-1397" action="create" lat="-16.2829003" lon="-68.8082727" />
  <node id="-1398" action="create" lat="-16.2832362" lon="-68.8077591" />
  <node id="-1399" action="create" lat="-16.2833528" lon="-68.8073891" />
  <node id="-1400" action="create" lat="-16.2834736" lon="-68.8068329" />
  <node id="-1401" action="create" lat="-16.2838087" lon="-68.8063565" />
  <node id="-1402" action="create" lat="-16.2841763" lon="-68.8060300" />
  <node id="-1403" action="create" lat="-16.2844308" lon="-68.8059244" />
  <node id="-1404" action="create" lat="-16.2848010" lon="-68.8054862" />
  <node id="-1405" action="create" lat="-16.2849562" lon="-68.8050053" />
  <node id="-1406" action="create" lat="-16.2852544" lon="-68.8045653" />
  <node id="-1407" action="create" lat="-16.2858774" lon="-68.8040960" />
  <node id="-1408" action="create" lat="-16.2863504" lon="-68.8038839" />
  <node id="-1409" action="create" lat="-16.2868208" lon="-68.8037837" />
  <node id="-1410" action="create" lat="-16.2872553" lon="-68.8036826" />
  <node id="-1411" action="create" lat="-16.2877634" lon="-68.8035087" />
  <node id="-1412" action="create" lat="-16.2882107" lon="-68.8028486" />
  <node id="-1413" action="create" lat="-16.2887249" lon="-68.8024139" />
  <node id="-1414" action="create" lat="-16.2891233" lon="-68.8023119" />
  <node id="-1415" action="create" lat="-16.2895612" lon="-68.8020617" />
  <node id="-1416" action="create" lat="-16.2900334" lon="-68.8018870" />
  <node id="-1417" action="create" lat="-16.2905021" lon="-68.8018612" />
  <node id="-1418" action="create" lat="-16.2910069" lon="-68.8017295" />
  <node id="-1419" action="create" lat="-16.2911371" lon="-68.8017029" />
  <node id="-1420" action="create" lat="-16.2913565" lon="-68.8015592" />
  <node id="-1421" action="create" lat="-16.2915584" lon="-68.8015493" />
  <node id="-1422" action="create" lat="-16.2917736" lon="-68.8015844" />
  <node id="-1423" action="create" lat="-16.2919148" lon="-68.8017072" />
  <node id="-1424" action="create" lat="-16.2920406" lon="-68.8018744" />
  <node id="-1425" action="create" lat="-16.2921232" lon="-68.8020404" />
  <node id="-1426" action="create" lat="-16.2922658" lon="-68.8021036" />
  <node id="-1427" action="create" lat="-16.2924505" lon="-68.8022126" />
  <node id="-1428" action="create" lat="-16.2925181" lon="-68.8024081" />
  <node id="-1429" action="create" lat="-16.2925593" lon="-68.8026179" />
  <node id="-1430" action="create" lat="-16.2927876" lon="-68.8027131" />
  <node id="-1431" action="create" lat="-16.2929583" lon="-68.8028068" />
  <node id="-1432" action="create" lat="-16.2931022" lon="-68.8028103" />
  <node id="-1433" action="create" lat="-16.2933614" lon="-68.8028167" />
  <node id="-1434" action="create" lat="-16.2935187" lon="-68.8028653" />
  <node id="-1435" action="create" lat="-16.2937161" lon="-68.8030492" />
  <node id="-1436" action="create" lat="-16.2939578" lon="-68.8031894" />
  <node id="-1437" action="create" lat="-16.2943146" lon="-68.8033324" />
  <node id="-1438" action="create" lat="-16.2947095" lon="-68.8034466" />
  <node id="-1439" action="create" lat="-16.2949501" lon="-68.8036315" />
  <node id="-1440" action="create" lat="-16.2951057" lon="-68.8037546" />
  <node id="-1441" action="create" lat="-16.2952634" lon="-68.8037884" />
  <node id="-1442" action="create" lat="-16.2955640" lon="-68.8038703" />
  <node id="-1443" action="create" lat="-16.2958066" lon="-68.8039658" />
  <node id="-1444" action="create" lat="-16.2960640" lon="-68.8040468" />
  <node id="-1445" action="create" lat="-16.2962800" lon="-68.8040521" />
  <node id="-1446" action="create" lat="-16.2964973" lon="-68.8039978" />
  <node id="-1447" action="create" lat="-16.2967336" lon="-68.8038694" />
  <node id="-1448" action="create" lat="-16.2968635" lon="-68.8038577" />
  <node id="-1449" action="create" lat="-16.2970099" lon="-68.8037569" />
  <node id="-1450" action="create" lat="-16.2972282" lon="-68.8036579" />
  <node id="-1451" action="create" lat="-16.2973170" lon="-68.8035557" />
  <node id="-1452" action="create" lat="-16.2972933" lon="-68.8033314" />
  <node id="-1453" action="create" lat="-16.2973249" lon="-68.8032129" />
  <node id="-1454" action="create" lat="-16.2975566" lon="-68.8031589" />
  <node id="-1455" action="create" lat="-16.2977142" lon="-68.8031926" />
  <node id="-1456" action="create" lat="-16.2979734" lon="-68.8031990" />
  <node id="-1457" action="create" lat="-16.2982928" lon="-68.8030876" />
  <node id="-1458" action="create" lat="-16.2984817" lon="-68.8030177" />
  <node id="-1459" action="create" lat="-16.2988018" lon="-68.8028765" />
  <node id="-1460" action="create" lat="-16.2990493" lon="-68.8027633" />
  <node id="-1461" action="create" lat="-16.2992975" lon="-68.8026202" />
  <node id="-1462" action="create" lat="-16.2995316" lon="-68.8024620" />
  <node id="-1463" action="create" lat="-16.2997921" lon="-68.8024087" />
  <node id="-1464" action="create" lat="-16.3000495" lon="-68.8024897" />
  <node id="-1465" action="create" lat="-16.3003651" lon="-68.8025422" />
  <node id="-1466" action="create" lat="-16.3007056" lon="-68.8025804" />
  <node id="-1467" action="create" lat="-16.3008477" lon="-68.8026660" />
  <node id="-1468" action="create" lat="-16.3010037" lon="-68.8027742" />
  <node id="-1469" action="create" lat="-16.3011593" lon="-68.8028974" />
  <node id="-1470" action="create" lat="-16.3012864" lon="-68.8030049" />
  <node id="-1471" action="create" lat="-16.3014347" lon="-68.8031354" />
  <node id="-1472" action="create" lat="-16.3015330" lon="-68.8032422" />
  <node id="-1473" action="create" lat="-16.3016664" lon="-68.8033946" />
  <node id="-1474" action="create" lat="-16.3018153" lon="-68.8034952" />
  <node id="-1475" action="create" lat="-16.3019486" lon="-68.8036477" />
  <node id="-1476" action="create" lat="-16.3021188" lon="-68.8037637" />
  <node id="-1477" action="create" lat="-16.3022610" lon="-68.8038418" />
  <node id="-1478" action="create" lat="-16.3024231" lon="-68.8039950" />
  <node id="-1479" action="create" lat="-16.3025401" lon="-68.8042350" />
  <node id="-1480" action="create" lat="-16.3026645" lon="-68.8044618" />
  <node id="-1481" action="create" lat="-16.3027231" lon="-68.8047317" />
  <node id="-1482" action="create" lat="-16.3027674" lon="-68.8049938" />
  <node id="-1483" action="create" lat="-16.3027565" lon="-68.8051576" />
  <node id="-1484" action="create" lat="-16.3027301" lon="-68.8053658" />
  <node id="-1485" action="create" lat="-16.3026684" lon="-68.8055432" />
  <node id="-1486" action="create" lat="-16.3025943" lon="-68.8056309" />
  <node id="-1487" action="create" lat="-16.3024687" lon="-68.8057695" />
  <node id="-1488" action="create" lat="-16.3024001" lon="-68.8059318" />
  <node id="-1489" action="create" lat="-16.3023028" lon="-68.8060935" />
  <node id="-1490" action="create" lat="-16.3022001" lon="-68.8061730" />
  <node id="-1491" action="create" lat="-16.3020622" lon="-68.8062218" />
  <node id="-1492" action="create" lat="-16.3018589" lon="-68.8062913" />
  <node id="-1493" action="create" lat="-16.3016560" lon="-68.8063460" />
  <node id="-1494" action="create" lat="-16.3014376" lon="-68.8064450" />
  <node id="-1495" action="create" lat="-16.3012274" lon="-68.8065069" />
  <node id="-1496" action="create" lat="-16.3010174" lon="-68.8065539" />
  <node id="-1497" action="create" lat="-16.3006666" lon="-68.8065065" />
  <node id="-1498" action="create" lat="-16.3004706" lon="-68.8064668" />
  <node id="-1499" action="create" lat="-16.3001715" lon="-68.8063280" />
  <node id="-1500" action="create" lat="-16.2999874" lon="-68.8061864" />
  <node id="-1501" action="create" lat="-16.2998544" lon="-68.8061235" />
  <node id="-1502" action="create" lat="-16.2997159" lon="-68.8060902" />
  <node id="-1503" action="create" lat="-16.2995201" lon="-68.8060456" />
  <node id="-1504" action="create" lat="-16.2993706" lon="-68.8060042" />
  <node id="-1505" action="create" lat="-16.2992331" lon="-68.8059262" />
  <node id="-1506" action="create" lat="-16.2991058" lon="-68.8058286" />
  <node id="-1507" action="create" lat="-16.2989829" lon="-68.8057410" />
  <node id="-1508" action="create" lat="-16.2987926" lon="-68.8056667" />
  <node id="-1509" action="create" lat="-16.2986105" lon="-68.8056523" />
  <node id="-1510" action="create" lat="-16.2983780" lon="-68.8055322" />
  <node id="-1511" action="create" lat="-16.2983251" lon="-68.8054489" />
  <node id="-1512" action="create" lat="-16.2981363" lon="-68.8053075" />
  <node id="-1513" action="create" lat="-16.2977748" lon="-68.8051323" />
  <node id="-1514" action="create" lat="-16.2974834" lon="-68.8049931" />
  <node id="-1515" action="create" lat="-16.2973417" lon="-68.8048901" />
  <node id="-1516" action="create" lat="-16.2972252" lon="-68.8047381" />
  <node id="-1517" action="create" lat="-16.2971695" lon="-68.8045503" />
  <node id="-1518" action="create" lat="-16.2970538" lon="-68.8043610" />
  <node id="-1519" action="create" lat="-16.2968764" lon="-68.8042448" />
  <node id="-1520" action="create" lat="-16.2967307" lon="-68.8043158" />
  <node id="-1521" action="create" lat="-16.2966045" lon="-68.8045861" />
  <node id="-1522" action="create" lat="-16.2965882" lon="-68.8047721" />
  <node id="-1523" action="create" lat="-16.2966202" lon="-68.8049469" />
  <node id="-1524" action="create" lat="-16.2966293" lon="-68.8050714" />
  <node id="-1525" action="create" lat="-16.2966736" lon="-68.8052341" />
  <node id="-1526" action="create" lat="-16.2967527" lon="-68.8054473" />
  <node id="-1527" action="create" lat="-16.2967473" lon="-68.8056833" />
  <node id="-1528" action="create" lat="-16.2967907" lon="-68.8058833" />
  <node id="-1529" action="create" lat="-16.2968575" lon="-68.8061086" />
  <node id="-1530" action="create" lat="-16.2969963" lon="-68.8063358" />
  <node id="-1531" action="create" lat="-16.2971225" lon="-68.8065875" />
  <node id="-1532" action="create" lat="-16.2972011" lon="-68.8068255" />
  <node id="-1533" action="create" lat="-16.2972802" lon="-68.8070388" />
  <node id="-1534" action="create" lat="-16.2973467" lon="-68.8072766" />
  <node id="-1535" action="create" lat="-16.2974015" lon="-68.8075016" />
  <node id="-1536" action="create" lat="-16.2975049" lon="-68.8077031" />
  <node id="-1537" action="create" lat="-16.2975963" lon="-68.8079042" />
  <node id="-1538" action="create" lat="-16.2978177" lon="-68.8081955" />
  <node id="-1539" action="create" lat="-16.2980591" lon="-68.8086474" />
  <node id="-1540" action="create" lat="-16.2981927" lon="-68.8090982" />
  <node id="-1541" action="create" lat="-16.2983272" lon="-68.8095116" />
  <node id="-1542" action="create" lat="-16.2983538" lon="-68.8099224" />
  <node id="-1543" action="create" lat="-16.2985628" lon="-68.8102259" />
  <node id="-1544" action="create" lat="-16.2989887" lon="-68.8104974" />
  <node id="-1545" action="create" lat="-16.2994145" lon="-68.8107690" />
  <node id="-1546" action="create" lat="-16.2997324" lon="-68.8110378" />
  <node id="-1547" action="create" lat="-16.3002654" lon="-68.8113493" />
  <node id="-1548" action="create" lat="-16.3006210" lon="-68.8115445" />
  <node id="-1549" action="create" lat="-16.3009406" lon="-68.8117389" />
  <node id="-1550" action="create" lat="-16.3012928" lon="-68.8120832" />
  <node id="-1551" action="create" lat="-16.3016081" lon="-68.8124638" />
  <node id="-1552" action="create" lat="-16.3018908" lon="-68.8126945" />
  <node id="-1553" action="create" lat="-16.3023818" lon="-68.8132660" />
  <node id="-1554" action="create" lat="-16.3025917" lon="-68.8135322" />
  <node id="-1555" action="create" lat="-16.3027253" lon="-68.8139829" />
  <node id="-1556" action="create" lat="-16.3027124" lon="-68.8145419" />
  <node id="-1557" action="create" lat="-16.3025513" lon="-68.8152837" />
  <node id="-1558" action="create" lat="-16.3023875" lon="-68.8161372" />
  <node id="-1559" action="create" lat="-16.3021570" lon="-68.8167654" />
  <node id="-1560" action="create" lat="-16.3017139" lon="-68.8172392" />
  <node id="-1561" action="create" lat="-16.3012023" lon="-68.8175621" />
  <node id="-1562" action="create" lat="-16.3008724" lon="-68.8178149" />
  <node id="-1563" action="create" lat="-16.3002802" lon="-68.8185087" />
  <node id="-1564" action="create" lat="-16.2999082" lon="-68.8190215" />
  <node id="-1565" action="create" lat="-16.2994266" lon="-68.8196061" />
  <node id="-1566" action="create" lat="-16.2990924" lon="-68.8200453" />
  <node id="-1567" action="create" lat="-16.2988301" lon="-68.8204862" />
  <node id="-1568" action="create" lat="-16.2984265" lon="-68.8208118" />
  <node id="-1569" action="create" lat="-16.2979894" lon="-68.8210247" />
  <node id="-1570" action="create" lat="-16.2975129" lon="-68.8213858" />
  <node id="-1571" action="create" lat="-16.2972121" lon="-68.8219376" />
  <node id="-1572" action="create" lat="-16.2970296" lon="-68.8220449" />
  <node id="-1573" action="create" lat="-16.2966294" lon="-68.8222214" />
  <node id="-1574" action="create" lat="-16.2963662" lon="-68.8226996" />
  <node id="-1575" action="create" lat="-16.2960689" lon="-68.8231024" />
  <node id="-1576" action="create" lat="-16.2956644" lon="-68.8234652" />
  <node id="-1577" action="create" lat="-16.2949342" lon="-68.8238946" />
  <node id="-1578" action="create" lat="-16.2946077" lon="-68.8239983" />
  <node id="-1579" action="create" lat="-16.2938451" lon="-68.8242777" />
  <node id="-1580" action="create" lat="-16.2931604" lon="-68.8242980" />
  <node id="-1581" action="create" lat="-16.2925126" lon="-68.8242819" />
  <node id="-1582" action="create" lat="-16.2919025" lon="-68.8241922" />
  <node id="-1583" action="create" lat="-16.2914398" lon="-68.8239570" />
  <node id="-1584" action="create" lat="-16.2909077" lon="-68.8236083" />
  <node id="-1585" action="create" lat="-16.2904783" lon="-68.8235417" />
  <node id="-1586" action="create" lat="-16.2900884" lon="-68.8235321" />
  <node id="-1587" action="create" lat="-16.2898828" lon="-68.8233405" />
  <node id="-1588" action="create" lat="-16.2897108" lon="-68.8229945" />
  <node id="-1589" action="create" lat="-16.2894487" lon="-68.8226462" />
  <node id="-1590" action="create" lat="-16.2892760" lon="-68.8223312" />
  <node id="-1591" action="create" lat="-16.2889833" lon="-68.8220133" />
  <node id="-1592" action="create" lat="-16.2886320" lon="-68.8216317" />
  <node id="-1593" action="create" lat="-16.2883678" lon="-68.8213766" />
  <node id="-1594" action="create" lat="-16.2881365" lon="-68.8209980" />
  <node id="-1595" action="create" lat="-16.2878723" lon="-68.8207429" />
  <node id="-1596" action="create" lat="-16.2876074" lon="-68.8205189" />
  <node id="-1597" action="create" lat="-16.2872489" lon="-68.8204478" />
  <node id="-1598" action="create" lat="-16.2870061" lon="-68.8205661" />
  <node id="-1599" action="create" lat="-16.2868526" lon="-68.8207177" />
  <node id="-1600" action="create" lat="-16.2868461" lon="-68.8209971" />
  <node id="-1601" action="create" lat="-16.2868404" lon="-68.8212455" />
  <node id="-1602" action="create" lat="-16.2868289" lon="-68.8217424" />
  <node id="-1603" action="create" lat="-16.2866382" lon="-68.8222037" />
  <node id="-1604" action="create" lat="-16.2864732" lon="-68.8228521" />
  <node id="-1605" action="create" lat="-16.2861610" lon="-68.8233725" />
  <node id="-1606" action="create" lat="-16.2858782" lon="-68.8239248" />
  <node id="-1607" action="create" lat="-16.2855368" lon="-68.8244134" />
  <node id="-1608" action="create" lat="-16.2851376" lon="-68.8248074" />
  <node id="-1609" action="create" lat="-16.2846477" lon="-68.8252303" />
  <node id="-1610" action="create" lat="-16.2842499" lon="-68.8255622" />
  <node id="-1611" action="create" lat="-16.2837064" lon="-68.8257040" />
  <node id="-1612" action="create" lat="-16.2830445" lon="-68.8257808" />
  <node id="-1613" action="create" lat="-16.2825346" lon="-68.8257682" />
  <node id="-1614" action="create" lat="-16.2819941" lon="-68.8257858" />
  <node id="-1615" action="create" lat="-16.2814806" lon="-68.8259285" />
  <node id="-1616" action="create" lat="-16.2809993" lon="-68.8259787" />
  <node id="-1617" action="create" lat="-16.2803973" lon="-68.8260569" />
  <node id="-1618" action="create" lat="-16.2801231" lon="-68.8262365" />
  <node id="-1619" action="create" lat="-16.2795754" lon="-68.8265647" />
  <node id="-1620" action="create" lat="-16.2790862" lon="-68.8269565" />
  <node id="-1621" action="create" lat="-16.2789348" lon="-68.8271702" />
  <node id="-1622" action="create" lat="-16.2785038" lon="-68.8275373" />
  <node id="-1623" action="create" lat="-16.2783424" lon="-68.8278713" />
  <node id="-1624" action="create" lat="-16.2780846" lon="-68.8282228" />
  <node id="-1625" action="create" lat="-16.2778309" lon="-68.8283955" />
  <node id="-1626" action="create" lat="-16.2775960" lon="-68.8285885" />
  <node id="-1627" action="create" lat="-16.2774364" lon="-68.8288430" />
  <node id="-1628" action="create" lat="-16.2772577" lon="-68.8290971" />
  <node id="-1629" action="create" lat="-16.2770621" lon="-68.8292513" />
  <node id="-1630" action="create" lat="-16.2769002" lon="-68.8296052" />
  <node id="-1631" action="create" lat="-16.2765885" lon="-68.8297963" />
  <node id="-1632" action="create" lat="-16.2762225" lon="-68.8298469" />
  <node id="-1633" action="create" lat="-16.2759762" lon="-68.8297016" />
  <node id="-1634" action="create" lat="-16.2759652" lon="-68.8293434" />
  <node id="-1635" action="create" lat="-16.2760512" lon="-68.8289478" />
  <node id="-1636" action="create" lat="-16.2760632" lon="-68.8284312" />
  <node id="-1637" action="create" lat="-16.2757690" lon="-68.8278671" />
  <node id="-1638" action="create" lat="-16.2756831" lon="-68.8274275" />
  <node id="-1639" action="create" lat="-16.2756389" lon="-68.8268498" />
  <node id="-1640" action="create" lat="-16.2755745" lon="-68.8263114" />
  <node id="-1641" action="create" lat="-16.2755897" lon="-68.8256556" />
  <node id="-1642" action="create" lat="-16.2756231" lon="-68.8250400" />
  <node id="-1643" action="create" lat="-16.2757375" lon="-68.8242475" />
  <node id="-1644" action="create" lat="-16.2759007" lon="-68.8238340" />
  <node id="-1645" action="create" lat="-16.2761215" lon="-68.8234219" />
  <node id="-1646" action="create" lat="-16.2677636" lon="-68.8684669" />
  <node id="-1647" action="create" lat="-16.2678525" lon="-68.8682578" />
  <node id="-1648" action="create" lat="-16.2678557" lon="-68.8681212" />
  <node id="-1649" action="create" lat="-16.2678844" lon="-68.8679231" />
  <node id="-1650" action="create" lat="-16.2679253" lon="-68.8677129" />
  <node id="-1651" action="create" lat="-16.2680490" lon="-68.8675544" />
  <node id="-1652" action="create" lat="-16.2681821" lon="-68.8675080" />
  <node id="-1653" action="create" lat="-16.2683635" lon="-68.8674505" />
  <node id="-1654" action="create" lat="-16.2684846" lon="-68.8674038" />
  <node id="-1655" action="create" lat="-16.2684524" lon="-68.8672414" />
  <node id="-1656" action="create" lat="-16.2684565" lon="-68.8670675" />
  <node id="-1657" action="create" lat="-16.2685331" lon="-68.8668706" />
  <node id="-1658" action="create" lat="-16.2686445" lon="-68.8667243" />
  <node id="-1659" action="create" lat="-16.2688031" lon="-68.8666164" />
  <node id="-1660" action="create" lat="-16.2689711" lon="-68.8666206" />
  <node id="-1661" action="create" lat="-16.2691179" lon="-68.8665000" />
  <node id="-1662" action="create" lat="-16.2693736" lon="-68.8663449" />
  <node id="-1663" action="create" lat="-16.2695544" lon="-68.8663121" />
  <node id="-1664" action="create" lat="-16.2697598" lon="-68.8662551" />
  <node id="-1665" action="create" lat="-16.2700812" lon="-68.8661637" />
  <node id="-1666" action="create" lat="-16.2702547" lon="-68.8661382" />
  <node id="-1667" action="create" lat="-16.2705412" lon="-68.8662051" />
  <node id="-1668" action="create" lat="-16.2707263" lon="-68.8662992" />
  <node id="-1669" action="create" lat="-16.2709699" lon="-68.8663500" />
  <node id="-1670" action="create" lat="-16.2712747" lon="-68.8662532" />
  <node id="-1671" action="create" lat="-16.2715331" lon="-68.8662895" />
  <node id="-1672" action="create" lat="-16.2717045" lon="-68.8663535" />
  <node id="-1673" action="create" lat="-16.2719313" lon="-68.8665083" />
  <node id="-1674" action="create" lat="-16.2721740" lon="-68.8666038" />
  <node id="-1675" action="create" lat="-16.2724886" lon="-68.8667011" />
  <node id="-1676" action="create" lat="-16.2728302" lon="-68.8668737" />
  <node id="-1677" action="create" lat="-16.2731712" lon="-68.8670761" />
  <node id="-1678" action="create" lat="-16.2734680" lon="-68.8673222" />
  <node id="-1679" action="create" lat="-16.2736352" lon="-68.8675649" />
  <node id="-1680" action="create" lat="-16.2737852" lon="-68.8679266" />
  <node id="-1681" action="create" lat="-16.2739032" lon="-68.8684217" />
  <node id="-1682" action="create" lat="-16.2739490" lon="-68.8689298" />
  <node id="-1683" action="create" lat="-16.2740411" lon="-68.8693050" />
  <node id="-1684" action="create" lat="-16.2741215" lon="-68.8695605" />
  <node id="-1685" action="create" lat="-16.2742164" lon="-68.8698164" />
  <node id="-1686" action="create" lat="-16.2744288" lon="-68.8699708" />
  <node id="-1687" action="create" lat="-16.2745792" lon="-68.8703176" />
  <node id="-1688" action="create" lat="-16.2747196" lon="-68.8704702" />
  <node id="-1689" action="create" lat="-16.2747864" lon="-68.8706956" />
  <node id="-1690" action="create" lat="-16.2747815" lon="-68.8709043" />
  <node id="-1691" action="create" lat="-16.2747057" lon="-68.8710664" />
  <node id="-1692" action="create" lat="-16.2745014" lon="-68.8711806" />
  <node id="-1693" action="create" lat="-16.2743150" lon="-68.8711461" />
  <node id="-1694" action="create" lat="-16.2741422" lon="-68.8711418" />
  <node id="-1695" action="create" lat="-16.2739835" lon="-68.8711527" />
  <node id="-1696" action="create" lat="-16.2737799" lon="-68.8712371" />
  <node id="-1697" action="create" lat="-16.2735910" lon="-68.8713069" />
  <node id="-1698" action="create" lat="-16.2734579" lon="-68.8714527" />
  <node id="-1699" action="create" lat="-16.2732497" lon="-68.8716115" />
  <node id="-1700" action="create" lat="-16.2730461" lon="-68.8716959" />
  <node id="-1701" action="create" lat="-16.2728119" lon="-68.8718541" />
  <node id="-1702" action="create" lat="-16.2725479" lon="-68.8720563" />
  <node id="-1703" action="create" lat="-16.2722990" lon="-68.8722290" />
  <node id="-1704" action="create" lat="-16.2719219" lon="-68.8723388" />
  <node id="-1705" action="create" lat="-16.2716179" lon="-68.8724058" />
  <node id="-1706" action="create" lat="-16.2713296" lon="-68.8724135" />
  <node id="-1707" action="create" lat="-16.2711010" lon="-68.8723332" />
  <node id="-1708" action="create" lat="-16.2709030" lon="-68.8721791" />
  <node id="-1709" action="create" lat="-16.2707186" lon="-68.8720552" />
  <node id="-1710" action="create" lat="-16.2705058" lon="-68.8719156" />
  <node id="-1711" action="create" lat="-16.2702621" lon="-68.8718648" />
  <node id="-1712" action="create" lat="-16.2699767" lon="-68.8717533" />
  <node id="-1713" action="create" lat="-16.2697919" lon="-68.8716443" />
  <node id="-1714" action="create" lat="-16.2695374" lon="-68.8714440" />
  <node id="-1715" action="create" lat="-16.2692800" lon="-68.8713630" />
  <node id="-1716" action="create" lat="-16.2690092" lon="-68.8712369" />
  <node id="-1717" action="create" lat="-16.2688242" lon="-68.8711428" />
  <node id="-1718" action="create" lat="-16.2686563" lon="-68.8709299" />
  <node id="-1719" action="create" lat="-16.2684863" lon="-68.8708063" />
  <node id="-1720" action="create" lat="-16.2682756" lon="-68.8705773" />
  <node id="-1721" action="create" lat="-16.2680074" lon="-68.8702986" />
  <node id="-1722" action="create" lat="-16.2680021" lon="-68.8700759" />
  <node id="-1723" action="create" lat="-16.2678614" lon="-68.8699357" />
  <node id="-1724" action="create" lat="-16.2677806" lon="-68.8697970" />
  <node id="-1725" action="create" lat="-16.2677255" lon="-68.8695843" />
  <node id="-1726" action="create" lat="-16.2676705" lon="-68.8693717" />
  <node id="-1727" action="create" lat="-16.2674929" lon="-68.8692678" />
  <node id="-1728" action="create" lat="-16.2672787" lon="-68.8691879" />
  <node id="-1729" action="create" lat="-16.2671148" lon="-68.8690098" />
  <node id="-1730" action="create" lat="-16.2670969" lon="-68.8687484" />
  <node id="-1731" action="create" lat="-16.2671755" lon="-68.8684646" />
  <node id="-1732" action="create" lat="-16.2672858" lon="-68.8683679" />
  <node id="-1733" action="create" lat="-16.2673932" lon="-68.8683955" />
  <node id="-1734" action="create" lat="-16.2674523" lon="-68.8684342" />
  <node id="-1735" action="create" lat="-16.2676428" lon="-68.8685011" />
  <node id="-1736" action="create" lat="-16.2677636" lon="-68.8684669" />
  <node id="-1737" action="create" lat="-16.2702808" lon="-68.8470674" />
  <node id="-1738" action="create" lat="-16.2703541" lon="-68.8470133" />
  <node id="-1739" action="create" lat="-16.2704382" lon="-68.8470092" />
  <node id="-1740" action="create" lat="-16.2705296" lon="-68.8469493" />
  <node id="-1741" action="create" lat="-16.2706118" lon="-68.8468934" />
  <node id="-1742" action="create" lat="-16.2708400" lon="-68.8468866" />
  <node id="-1743" action="create" lat="-16.2710920" lon="-68.8468929" />
  <node id="-1744" action="create" lat="-16.2713310" lon="-68.8469361" />
  <node id="-1745" action="create" lat="-16.2715087" lon="-68.8470400" />
  <node id="-1746" action="create" lat="-16.2716495" lon="-68.8471802" />
  <node id="-1747" action="create" lat="-16.2717548" lon="-68.8472946" />
  <node id="-1748" action="create" lat="-16.2718819" lon="-68.8475091" />
  <node id="-1749" action="create" lat="-16.2720101" lon="-68.8476738" />
  <node id="-1750" action="create" lat="-16.2721734" lon="-68.8478767" />
  <node id="-1751" action="create" lat="-16.2723262" lon="-68.8480172" />
  <node id="-1752" action="create" lat="-16.2725249" lon="-68.8482459" />
  <node id="-1753" action="create" lat="-16.2726503" lon="-68.8485348" />
  <node id="-1754" action="create" lat="-16.2727644" lon="-68.8487862" />
  <node id="-1755" action="create" lat="-16.2729643" lon="-68.8489652" />
  <node id="-1756" action="create" lat="-16.2731654" lon="-68.8490944" />
  <node id="-1757" action="create" lat="-16.2733307" lon="-68.8492104" />
  <node id="-1758" action="create" lat="-16.2734841" lon="-68.8493261" />
  <node id="-1759" action="create" lat="-16.2736851" lon="-68.8494554" />
  <node id="-1760" action="create" lat="-16.2738988" lon="-68.8495601" />
  <node id="-1761" action="create" lat="-16.2740156" lon="-68.8496997" />
  <node id="-1762" action="create" lat="-16.2741204" lon="-68.8498390" />
  <node id="-1763" action="create" lat="-16.2742728" lon="-68.8499919" />
  <node id="-1764" action="create" lat="-16.2744013" lon="-68.8501443" />
  <node id="-1765" action="create" lat="-16.2745538" lon="-68.8502972" />
  <node id="-1766" action="create" lat="-16.2747186" lon="-68.8504380" />
  <node id="-1767" action="create" lat="-16.2748597" lon="-68.8505658" />
  <node id="-1768" action="create" lat="-16.2750133" lon="-68.8506691" />
  <node id="-1769" action="create" lat="-16.2751213" lon="-68.8506717" />
  <node id="-1770" action="create" lat="-16.2752664" lon="-68.8506257" />
  <node id="-1771" action="create" lat="-16.2754241" lon="-68.8505550" />
  <node id="-1772" action="create" lat="-16.2756169" lon="-68.8505225" />
  <node id="-1773" action="create" lat="-16.2759051" lon="-68.8505173" />
  <node id="-1774" action="create" lat="-16.2760733" lon="-68.8505091" />
  <node id="-1775" action="create" lat="-16.2761827" lon="-68.8504497" />
  <node id="-1776" action="create" lat="-16.2762305" lon="-68.8502520" />
  <node id="-1777" action="create" lat="-16.2763683" lon="-68.8500069" />
  <node id="-1778" action="create" lat="-16.2765303" lon="-68.8497500" />
  <node id="-1779" action="create" lat="-16.2767131" lon="-68.8496302" />
  <node id="-1780" action="create" lat="-16.2769419" lon="-68.8495987" />
  <node id="-1781" action="create" lat="-16.2771099" lon="-68.8496029" />
  <node id="-1782" action="create" lat="-16.2772667" lon="-68.8495695" />
  <node id="-1783" action="create" lat="-16.2774724" lon="-68.8495000" />
  <node id="-1784" action="create" lat="-16.2776918" lon="-68.8493564" />
  <node id="-1785" action="create" lat="-16.2778983" lon="-68.8492497" />
  <node id="-1786" action="create" lat="-16.2781274" lon="-68.8492057" />
  <node id="-1787" action="create" lat="-16.2782951" lon="-68.8492223" />
  <node id="-1788" action="create" lat="-16.2784616" lon="-68.8492886" />
  <node id="-1789" action="create" lat="-16.2786029" lon="-68.8494039" />
  <node id="-1790" action="create" lat="-16.2787817" lon="-68.8494581" />
  <node id="-1791" action="create" lat="-16.2789620" lon="-68.8494502" />
  <node id="-1792" action="create" lat="-16.2791308" lon="-68.8494171" />
  <node id="-1793" action="create" lat="-16.2793701" lon="-68.8494479" />
  <node id="-1794" action="create" lat="-16.2794381" lon="-68.8496236" />
  <node id="-1795" action="create" lat="-16.2794454" lon="-68.8498226" />
  <node id="-1796" action="create" lat="-16.2796439" lon="-68.8500637" />
  <node id="-1797" action="create" lat="-16.2798081" lon="-68.8502294" />
  <node id="-1798" action="create" lat="-16.2797897" lon="-68.8505023" />
  <node id="-1799" action="create" lat="-16.2797383" lon="-68.8506502" />
  <node id="-1800" action="create" lat="-16.2795557" lon="-68.8507575" />
  <node id="-1801" action="create" lat="-16.2793401" lon="-68.8507396" />
  <node id="-1802" action="create" lat="-16.2791359" lon="-68.8507470" />
  <node id="-1803" action="create" lat="-16.2789425" lon="-68.8508043" />
  <node id="-1804" action="create" lat="-16.2787356" lon="-68.8509234" />
  <node id="-1805" action="create" lat="-16.2785071" lon="-68.8509426" />
  <node id="-1806" action="create" lat="-16.2782666" lon="-68.8509614" />
  <node id="-1807" action="create" lat="-16.2780867" lon="-68.8509569" />
  <node id="-1808" action="create" lat="-16.2778713" lon="-68.8509267" />
  <node id="-1809" action="create" lat="-16.2776136" lon="-68.8508582" />
  <node id="-1810" action="create" lat="-16.2774354" lon="-68.8507792" />
  <node id="-1811" action="create" lat="-16.2772332" lon="-68.8506995" />
  <node id="-1812" action="create" lat="-16.2770656" lon="-68.8506829" />
  <node id="-1813" action="create" lat="-16.2768253" lon="-68.8506894" />
  <node id="-1814" action="create" lat="-16.2766080" lon="-68.8507461" />
  <node id="-1815" action="create" lat="-16.2764160" lon="-68.8507413" />
  <node id="-1816" action="create" lat="-16.2762247" lon="-68.8507117" />
  <node id="-1817" action="create" lat="-16.2760087" lon="-68.8507063" />
  <node id="-1818" action="create" lat="-16.2758153" lon="-68.8507636" />
  <node id="-1819" action="create" lat="-16.2756574" lon="-68.8508467" />
  <node id="-1820" action="create" lat="-16.2753716" lon="-68.8509514" />
  <node id="-1821" action="create" lat="-16.2752631" lon="-68.8509735" />
  <node id="-1822" action="create" lat="-16.2750697" lon="-68.8510309" />
  <node id="-1823" action="create" lat="-16.2749229" lon="-68.8511515" />
  <node id="-1824" action="create" lat="-16.2747757" lon="-68.8512845" />
  <node id="-1825" action="create" lat="-16.2746075" lon="-68.8512927" />
  <node id="-1826" action="create" lat="-16.2744533" lon="-68.8512143" />
  <node id="-1827" action="create" lat="-16.2742853" lon="-68.8512101" />
  <node id="-1828" action="create" lat="-16.2740951" lon="-68.8511308" />
  <node id="-1829" action="create" lat="-16.2739072" lon="-68.8509522" />
  <node id="-1830" action="create" lat="-16.2737427" lon="-68.8507989" />
  <node id="-1831" action="create" lat="-16.2734820" lon="-68.8506557" />
  <node id="-1832" action="create" lat="-16.2733512" lon="-68.8506028" />
  <node id="-1833" action="create" lat="-16.2731631" lon="-68.8505359" />
  <node id="-1834" action="create" lat="-16.2728994" lon="-68.8505169" />
  <node id="-1835" action="create" lat="-16.2726250" lon="-68.8504480" />
  <node id="-1836" action="create" lat="-16.2724225" lon="-68.8503808" />
  <node id="-1837" action="create" lat="-16.2721875" lon="-68.8501637" />
  <node id="-1838" action="create" lat="-16.2720601" lon="-68.8499616" />
  <node id="-1839" action="create" lat="-16.2719808" lon="-68.8497608" />
  <node id="-1840" action="create" lat="-16.2718317" lon="-68.8494589" />
  <node id="-1841" action="create" lat="-16.2717038" lon="-68.8492817" />
  <node id="-1842" action="create" lat="-16.2715019" lon="-68.8491897" />
  <node id="-1843" action="create" lat="-16.2712889" lon="-68.8490601" />
  <node id="-1844" action="create" lat="-16.2711607" lon="-68.8488954" />
  <node id="-1845" action="create" lat="-16.2710345" lon="-68.8486437" />
  <node id="-1846" action="create" lat="-16.2708951" lon="-68.8484414" />
  <node id="-1847" action="create" lat="-16.2706947" lon="-68.8482872" />
  <node id="-1848" action="create" lat="-16.2705173" lon="-68.8481710" />
  <node id="-1849" action="create" lat="-16.2704111" lon="-68.8480938" />
  <node id="-1850" action="create" lat="-16.2704031" lon="-68.8479781" />
  <node id="-1851" action="create" lat="-16.2703388" lon="-68.8479263" />
  <node id="-1852" action="create" lat="-16.2703179" lon="-68.8477953" />
  <node id="-1853" action="create" lat="-16.2703326" lon="-68.8476776" />
  <node id="-1854" action="create" lat="-16.2702507" lon="-68.8475886" />
  <node id="-1855" action="create" lat="-16.2702531" lon="-68.8474830" />
  <node id="-1856" action="create" lat="-16.2702731" lon="-68.8473965" />
  <node id="-1857" action="create" lat="-16.2702470" lon="-68.8472281" />
  <node id="-1858" action="create" lat="-16.2702428" lon="-68.8471534" />

  <way id="-1859" action="create">
    <nd ref="-1"/>
    <nd ref="-2"/>
    <nd ref="-3"/>
    <nd ref="-4"/>
    <nd ref="-5"/>
    <nd ref="-6"/>
    <nd ref="-7"/>
    <nd ref="-8"/>
    <nd ref="-9"/>
    <nd ref="-10"/>
    <nd ref="-11"/>
    <nd ref="-12"/>
    <nd ref="-13"/>
    <nd ref="-14"/>
    <nd ref="-15"/>
    <nd ref="-16"/>
    <nd ref="-17"/>
    <nd ref="-18"/>
    <nd ref="-19"/>
    <nd ref="-20"/>
    <nd ref="-21"/>
    <nd ref="-22"/>
    <nd ref="-23"/>
    <nd ref="-24"/>
    <nd ref="-25"/>
    <nd ref="-26"/>
    <nd ref="-27"/>
    <nd ref="-28"/>
    <nd ref="-29"/>
    <nd ref="-30"/>
    <nd ref="-31"/>
    <nd ref="-32"/>
    <nd ref="-33"/>
    <nd ref="-34"/>
    <nd ref="-35"/>
    <nd ref="-36"/>
    <nd ref="-37"/>
    <nd ref="-38"/>
    <nd ref="-39"/>
    <nd ref="-40"/>
    <nd ref="-41"/>
    <nd ref="-42"/>
    <nd ref="-43"/>
    <nd ref="-44"/>
    <nd ref="-45"/>
    <nd ref="-46"/>
    <nd ref="-47"/>
    <nd ref="-48"/>
    <nd ref="-49"/>
    <nd ref="-50"/>
    <nd ref="-51"/>
    <nd ref="-52"/>
    <nd ref="-53"/>
    <nd ref="-54"/>
    <nd ref="-55"/>
    <nd ref="-56"/>
    <nd ref="-57"/>
    <nd ref="-58"/>
    <nd ref="-59"/>
    <nd ref="-60"/>
    <nd ref="-61"/>
    <nd ref="-62"/>
    <nd ref="-63"/>
    <nd ref="-64"/>
    <nd ref="-65"/>
    <nd ref="-66"/>
    <nd ref="-67"/>
    <nd ref="-68"/>
    <nd ref="-69"/>
    <nd ref="-70"/>
    <nd ref="-71"/>
    <nd ref="-72"/>
    <nd ref="-73"/>
    <nd ref="-74"/>
    <nd ref="-75"/>
    <nd ref="-76"/>
    <nd ref="-77"/>
    <nd ref="-78"/>
    <nd ref="-79"/>
    <nd ref="-80"/>
    <nd ref="-81"/>
    <nd ref="-82"/>
    <nd ref="-83"/>
    <nd ref="-84"/>
    <nd ref="-85"/>
    <nd ref="-86"/>
    <nd ref="-87"/>
    <nd ref="-88"/>
    <nd ref="-89"/>
    <nd ref="-90"/>
    <nd ref="-91"/>
    <nd ref="-92"/>
    <nd ref="-93"/>
    <nd ref="-94"/>
    <nd ref="-95"/>
    <nd ref="-96"/>
    <nd ref="-97"/>
    <nd ref="-98"/>
    <nd ref="-99"/>
    <nd ref="-100"/>
    <nd ref="-101"/>
    <nd ref="-102"/>
    <nd ref="-103"/>
    <nd ref="-104"/>
    <nd ref="-105"/>
    <nd ref="-106"/>
    <nd ref="-107"/>
    <nd ref="-108"/>
    <nd ref="-109"/>
    <nd ref="-110"/>
    <nd ref="-111"/>
    <nd ref="-112"/>
    <nd ref="-113"/>
    <nd ref="-114"/>
    <nd ref="-115"/>
    <nd ref="-116"/>
    <nd ref="-117"/>
    <nd ref="-118"/>
    <nd ref="-119"/>
    <nd ref="-120"/>
    <nd ref="-121"/>
    <nd ref="-122"/>
    <nd ref="-123"/>
    <nd ref="-124"/>
    <nd ref="-125"/>
    <nd ref="-126"/>
    <nd ref="-127"/>
    <nd ref="-128"/>
    <nd ref="-129"/>
    <nd ref="-130"/>
    <nd ref="-131"/>
    <nd ref="-132"/>
    <nd ref="-133"/>
    <nd ref="-134"/>
    <nd ref="-135"/>
    <nd ref="-136"/>
    <nd ref="-137"/>
    <nd ref="-138"/>
    <nd ref="-139"/>
    <nd ref="-140"/>
    <nd ref="-141"/>
    <nd ref="-142"/>
    <nd ref="-143"/>
    <nd ref="-144"/>
    <nd ref="-145"/>
    <nd ref="-146"/>
    <nd ref="-147"/>
    <nd ref="-148"/>
    <nd ref="-149"/>
    <nd ref="-150"/>
    <nd ref="-151"/>
    <nd ref="-152"/>
    <nd ref="-153"/>
    <nd ref="-154"/>
    <nd ref="-155"/>
    <nd ref="-156"/>
    <nd ref="-157"/>
    <nd ref="-158"/>
    <nd ref="-159"/>
    <nd ref="-160"/>
    <nd ref="-161"/>
    <nd ref="-162"/>
    <nd ref="-163"/>
    <nd ref="-164"/>
    <nd ref="-165"/>
    <nd ref="-166"/>
    <nd ref="-167"/>
    <nd ref="-168"/>
    <nd ref="-169"/>
    <nd ref="-170"/>
    <nd ref="-171"/>
    <nd ref="-172"/>
    <nd ref="-173"/>
    <nd ref="-174"/>
    <nd ref="-175"/>
    <nd ref="-176"/>
    <nd ref="-177"/>
    <nd ref="-178"/>
    <nd ref="-179"/>
    <nd ref="-180"/>
    <nd ref="-181"/>
    <nd ref="-182"/>
    <nd ref="-183"/>
    <nd ref="-184"/>
    <nd ref="-185"/>
    <nd ref="-186"/>
    <nd ref="-187"/>
    <nd ref="-188"/>
    <nd ref="-189"/>
    <nd ref="-190"/>
    <nd ref="-191"/>
    <nd ref="-192"/>
    <nd ref="-193"/>
    <nd ref="-194"/>
    <nd ref="-195"/>
    <nd ref="-196"/>
    <nd ref="-197"/>
    <nd ref="-198"/>
    <nd ref="-199"/>
    <nd ref="-200"/>
    <nd ref="-201"/>
    <nd ref="-202"/>
    <nd ref="-203"/>
    <nd ref="-204"/>
    <nd ref="-205"/>
    <nd ref="-206"/>
    <nd ref="-207"/>
    <nd ref="-208"/>
    <nd ref="-209"/>
    <nd ref="-210"/>
    <nd ref="-211"/>
    <nd ref="-212"/>
    <nd ref="-213"/>
    <nd ref="-214"/>
    <nd ref="-215"/>
    <nd ref="-216"/>
    <nd ref="-217"/>
    <nd ref="-218"/>
    <nd ref="-219"/>
    <nd ref="-220"/>
    <nd ref="-221"/>
    <nd ref="-222"/>
    <nd ref="-223"/>
    <nd ref="-224"/>
    <nd ref="-225"/>
    <nd ref="-226"/>
    <nd ref="-227"/>
    <nd ref="-228"/>
    <nd ref="-229"/>
    <nd ref="-230"/>
    <nd ref="-231"/>
    <nd ref="-232"/>
    <nd ref="-233"/>
    <nd ref="-234"/>
    <nd ref="-235"/>
    <nd ref="-236"/>
    <nd ref="-237"/>
    <nd ref="-238"/>
    <nd ref="-239"/>
    <nd ref="-240"/>
    <nd ref="-241"/>
    <nd ref="-242"/>
    <nd ref="-243"/>
    <nd ref="-244"/>
    <nd ref="-245"/>
    <nd ref="-246"/>
    <nd ref="-247"/>
    <nd ref="-248"/>
    <nd ref="-249"/>
    <nd ref="-250"/>
    <nd ref="-251"/>
    <nd ref="-252"/>
    <nd ref="-253"/>
    <nd ref="-254"/>
    <nd ref="-255"/>
    <nd ref="-256"/>
    <nd ref="-257"/>
    <nd ref="-258"/>
    <nd ref="-259"/>
    <nd ref="-260"/>
    <nd ref="-261"/>
    <nd ref="-262"/>
    <nd ref="-263"/>
    <nd ref="-264"/>
    <nd ref="-265"/>
    <nd ref="-266"/>
    <nd ref="-267"/>
    <nd ref="-268"/>
    <nd ref="-269"/>
    <nd ref="-270"/>
    <nd ref="-271"/>
    <nd ref="-272"/>
    <nd ref="-273"/>
    <nd ref="-274"/>
    <nd ref="-275"/>
    <nd ref="-276"/>
    <nd ref="-277"/>
    <nd ref="-278"/>
    <nd ref="-279"/>
    <nd ref="-280"/>
    <nd ref="-281"/>
    <nd ref="-282"/>
    <nd ref="-283"/>
    <nd ref="-284"/>
    <nd ref="-285"/>
    <nd ref="-286"/>
    <nd ref="-287"/>
    <nd ref="-288"/>
    <nd ref="-289"/>
    <nd ref="-290"/>
    <nd ref="-291"/>
    <nd ref="-292"/>
    <nd ref="-293"/>
    <nd ref="-294"/>
    <nd ref="-295"/>
    <nd ref="-296"/>
    <nd ref="-297"/>
    <nd ref="-298"/>
    <nd ref="-299"/>
    <nd ref="-300"/>
    <nd ref="-301"/>
    <nd ref="-302"/>
    <nd ref="-303"/>
    <nd ref="-304"/>
    <nd ref="-305"/>
    <nd ref="-306"/>
    <nd ref="-307"/>
    <nd ref="-308"/>
    <nd ref="-309"/>
    <nd ref="-310"/>
    <nd ref="-311"/>
    <nd ref="-312"/>
    <nd ref="-313"/>
    <nd ref="-314"/>
    <nd ref="-315"/>
    <nd ref="-316"/>
    <nd ref="-317"/>
    <nd ref="-318"/>
    <nd ref="-319"/>
    <nd ref="-320"/>
    <nd ref="-321"/>
    <nd ref="-322"/>
    <nd ref="-323"/>
    <nd ref="-324"/>
    <nd ref="-325"/>
    <nd ref="-326"/>
    <nd ref="-327"/>
    <nd ref="-328"/>
    <nd ref="-329"/>
    <nd ref="-330"/>
    <nd ref="-331"/>
    <nd ref="-332"/>
    <nd ref="-333"/>
    <nd ref="-334"/>
    <nd ref="-335"/>
    <nd ref="-336"/>
    <nd ref="-337"/>
    <nd ref="-338"/>
    <nd ref="-339"/>
    <nd ref="-340"/>
    <nd ref="-341"/>
    <nd ref="-342"/>
    <nd ref="-343"/>
    <nd ref="-344"/>
    <nd ref="-345"/>
    <nd ref="-346"/>
    <nd ref="-347"/>
    <nd ref="-348"/>
    <nd ref="-349"/>
    <nd ref="-350"/>
    <nd ref="-351"/>
    <nd ref="-352"/>
    <nd ref="-353"/>
    <nd ref="-354"/>
    <nd ref="-355"/>
    <nd ref="-356"/>
    <nd ref="-357"/>
    <nd ref="-358"/>
    <nd ref="-359"/>
    <nd ref="-360"/>
    <nd ref="-361"/>
    <nd ref="-362"/>
    <nd ref="-363"/>
    <nd ref="-364"/>
    <nd ref="-365"/>
    <nd ref="-366"/>
    <nd ref="-367"/>
    <nd ref="-368"/>
    <nd ref="-369"/>
    <nd ref="-370"/>
    <nd ref="-371"/>
    <nd ref="-372"/>
    <nd ref="-373"/>
    <nd ref="-374"/>
    <nd ref="-375"/>
    <nd ref="-376"/>
    <nd ref="-377"/>
    <nd ref="-378"/>
    <nd ref="-379"/>
    <nd ref="-380"/>
    <nd ref="-381"/>
    <nd ref="-382"/>
    <nd ref="-383"/>
    <nd ref="-384"/>
    <nd ref="-385"/>
    <nd ref="-386"/>
    <nd ref="-387"/>
    <nd ref="-388"/>
    <nd ref="-389"/>
    <nd ref="-390"/>
    <nd ref="-391"/>
    <nd ref="-392"/>
    <nd ref="-393"/>
    <nd ref="-394"/>
    <nd ref="-395"/>
    <nd ref="-396"/>
    <nd ref="-397"/>
    <nd ref="-398"/>
    <nd ref="-399"/>
    <nd ref="-400"/>
    <nd ref="-401"/>
    <nd ref="-402"/>
    <nd ref="-403"/>
    <nd ref="-404"/>
    <nd ref="-405"/>
    <nd ref="-406"/>
    <nd ref="-407"/>
    <nd ref="-408"/>
    <nd ref="-409"/>
    <nd ref="-410"/>
    <nd ref="-411"/>
    <nd ref="-412"/>
    <nd ref="-413"/>
    <nd ref="-414"/>
    <nd ref="-415"/>
    <nd ref="-416"/>
    <nd ref="-417"/>
    <nd ref="-418"/>
    <nd ref="-419"/>
    <nd ref="-420"/>
    <nd ref="-421"/>
    <nd ref="-422"/>
    <nd ref="-423"/>
    <nd ref="-424"/>
    <nd ref="-425"/>
    <nd ref="-426"/>
    <nd ref="-427"/>
    <nd ref="-428"/>
    <nd ref="-429"/>
    <nd ref="-430"/>
    <nd ref="-431"/>
    <nd ref="-432"/>
    <nd ref="-433"/>
    <nd ref="-434"/>
    <nd ref="-435"/>
    <nd ref="-436"/>
    <nd ref="-437"/>
    <nd ref="-438"/>
    <nd ref="-439"/>
    <nd ref="-440"/>
    <nd ref="-441"/>
    <nd ref="-442"/>
    <nd ref="-443"/>
    <nd ref="-444"/>
    <nd ref="-445"/>
    <nd ref="-446"/>
    <nd ref="-447"/>
    <nd ref="-448"/>
    <nd ref="-449"/>
    <nd ref="-450"/>
    <nd ref="-451"/>
    <nd ref="-452"/>
    <nd ref="-453"/>
    <nd ref="-454"/>
    <nd ref="-455"/>
    <nd ref="-456"/>
    <nd ref="-457"/>
    <nd ref="-458"/>
    <nd ref="-459"/>
    <nd ref="-460"/>
    <nd ref="-461"/>
    <nd ref="-462"/>
    <nd ref="-463"/>
    <nd ref="-464"/>
    <nd ref="-465"/>
    <nd ref="-466"/>
    <nd ref="-467"/>
    <nd ref="-468"/>
    <nd ref="-469"/>
    <nd ref="-470"/>
    <nd ref="-471"/>
    <nd ref="-472"/>
    <nd ref="-473"/>
    <nd ref="-474"/>
    <nd ref="-475"/>
    <nd ref="-476"/>
    <nd ref="-477"/>
    <nd ref="-478"/>
    <nd ref="-479"/>
    <nd ref="-480"/>
    <nd ref="-481"/>
    <nd ref="-482"/>
    <nd ref="-483"/>
    <nd ref="-484"/>
    <nd ref="-485"/>
    <nd ref="-486"/>
    <nd ref="-487"/>
    <nd ref="-488"/>
    <nd ref="-489"/>
    <nd ref="-490"/>
    <nd ref="-491"/>
    <nd ref="-492"/>
    <nd ref="-493"/>
    <nd ref="-494"/>
    <nd ref="-495"/>
    <nd ref="-496"/>
    <nd ref="-497"/>
    <nd ref="-498"/>
    <nd ref="-499"/>
    <nd ref="-500"/>
    <nd ref="-501"/>
    <nd ref="-502"/>
    <nd ref="-503"/>
    <nd ref="-504"/>
    <nd ref="-505"/>
    <nd ref="-506"/>
    <nd ref="-507"/>
    <nd ref="-508"/>
    <nd ref="-509"/>
    <nd ref="-510"/>
    <nd ref="-511"/>
    <nd ref="-512"/>
    <nd ref="-513"/>
    <nd ref="-514"/>
    <nd ref="-515"/>
    <nd ref="-516"/>
    <nd ref="-517"/>
    <nd ref="-518"/>
    <nd ref="-519"/>
    <nd ref="-520"/>
    <nd ref="-521"/>
    <nd ref="-522"/>
    <nd ref="-523"/>
    <nd ref="-524"/>
    <nd ref="-525"/>
    <nd ref="-526"/>
    <nd ref="-527"/>
    <nd ref="-528"/>
    <nd ref="-529"/>
    <nd ref="-530"/>
    <nd ref="-531"/>
    <nd ref="-532"/>
    <nd ref="-533"/>
    <nd ref="-534"/>
    <nd ref="-535"/>
    <nd ref="-536"/>
    <nd ref="-537"/>
    <nd ref="-538"/>
    <nd ref="-539"/>
    <nd ref="-540"/>
    <nd ref="-541"/>
    <nd ref="-542"/>
    <nd ref="-543"/>
    <nd ref="-544"/>
    <nd ref="-545"/>
    <nd ref="-546"/>
    <nd ref="-547"/>
    <nd ref="-548"/>
    <nd ref="-549"/>
    <nd ref="-550"/>
    <nd ref="-551"/>
    <nd ref="-552"/>
    <nd ref="-553"/>
    <nd ref="-554"/>
    <nd ref="-555"/>
    <nd ref="-556"/>
    <nd ref="-557"/>
    <nd ref="-558"/>
    <nd ref="-559"/>
    <nd ref="-560"/>
    <nd ref="-561"/>
    <nd ref="-562"/>
    <nd ref="-563"/>
    <nd ref="-564"/>
    <nd ref="-565"/>
    <nd ref="-566"/>
    <nd ref="-567"/>
    <nd ref="-568"/>
    <nd ref="-569"/>
    <nd ref="-570"/>
    <nd ref="-571"/>
    <nd ref="-572"/>
    <nd ref="-573"/>
    <nd ref="-574"/>
    <nd ref="-575"/>
    <nd ref="-576"/>
    <nd ref="-577"/>
    <nd ref="-578"/>
    <nd ref="-579"/>
    <nd ref="-580"/>
    <nd ref="-581"/>
    <nd ref="-582"/>
    <nd ref="-583"/>
    <nd ref="-584"/>
    <nd ref="-585"/>
    <nd ref="-586"/>
    <nd ref="-587"/>
    <nd ref="-588"/>
    <nd ref="-589"/>
    <nd ref="-590"/>
    <nd ref="-591"/>
    <nd ref="-592"/>
    <nd ref="-593"/>
    <nd ref="-594"/>
    <nd ref="-595"/>
    <nd ref="-596"/>
    <nd ref="-597"/>
    <nd ref="-598"/>
    <nd ref="-599"/>
    <nd ref="-600"/>
    <nd ref="-601"/>
    <nd ref="-602"/>
    <nd ref="-603"/>
    <nd ref="-604"/>
    <nd ref="-605"/>
    <nd ref="-606"/>
    <nd ref="-607"/>
    <nd ref="-608"/>
    <nd ref="-609"/>
    <nd ref="-610"/>
    <nd ref="-611"/>
    <nd ref="-612"/>
    <nd ref="-613"/>
    <nd ref="-614"/>
    <nd ref="-615"/>
    <nd ref="-616"/>
    <nd ref="-617"/>
    <nd ref="-618"/>
    <nd ref="-619"/>
    <nd ref="-620"/>
    <nd ref="-621"/>
    <nd ref="-622"/>
    <nd ref="-623"/>
    <nd ref="-624"/>
    <nd ref="-625"/>
    <nd ref="-626"/>
    <nd ref="-627"/>
    <nd ref="-628"/>
    <nd ref="-629"/>
    <nd ref="-630"/>
    <nd ref="-631"/>
    <nd ref="-632"/>
    <nd ref="-633"/>
    <nd ref="-634"/>
    <nd ref="-635"/>
    <nd ref="-636"/>
    <nd ref="-637"/>
    <nd ref="-638"/>
    <nd ref="-639"/>
    <nd ref="-640"/>
    <nd ref="-641"/>
    <nd ref="-642"/>
    <nd ref="-643"/>
    <nd ref="-644"/>
    <nd ref="-645"/>
    <nd ref="-646"/>
    <nd ref="-647"/>
    <nd ref="-648"/>
    <nd ref="-649"/>
    <nd ref="-650"/>
    <nd ref="-651"/>
    <nd ref="-652"/>
    <nd ref="-653"/>
    <nd ref="-654"/>
    <nd ref="-655"/>
    <nd ref="-656"/>
    <nd ref="-657"/>
    <nd ref="-658"/>
    <nd ref="-659"/>
    <nd ref="-660"/>
    <nd ref="-661"/>
    <nd ref="-662"/>
    <nd ref="-663"/>
    <nd ref="-664"/>
    <nd ref="-665"/>
    <nd ref="-666"/>
    <nd ref="-667"/>
    <nd ref="-668"/>
    <nd ref="-669"/>
    <nd ref="-670"/>
    <nd ref="-671"/>
    <nd ref="-672"/>
    <nd ref="-673"/>
    <nd ref="-674"/>
    <nd ref="-675"/>
    <nd ref="-676"/>
    <nd ref="-677"/>
    <nd ref="-678"/>
    <nd ref="-679"/>
    <nd ref="-680"/>
    <nd ref="-681"/>
    <nd ref="-682"/>
    <nd ref="-683"/>
    <nd ref="-684"/>
    <nd ref="-685"/>
    <nd ref="-686"/>
    <nd ref="-687"/>
    <nd ref="-688"/>
    <nd ref="-689"/>
    <nd ref="-690"/>
    <nd ref="-691"/>
    <nd ref="-692"/>
    <nd ref="-693"/>
    <nd ref="-694"/>
    <nd ref="-695"/>
    <nd ref="-696"/>
    <nd ref="-697"/>
    <nd ref="-698"/>
    <nd ref="-699"/>
    <nd ref="-700"/>
    <nd ref="-701"/>
    <nd ref="-702"/>
    <nd ref="-703"/>
    <nd ref="-704"/>
    <nd ref="-705"/>
    <nd ref="-706"/>
    <nd ref="-707"/>
    <nd ref="-708"/>
    <nd ref="-709"/>
    <nd ref="-710"/>
    <nd ref="-711"/>
    <nd ref="-712"/>
    <nd ref="-713"/>
    <nd ref="-714"/>
    <nd ref="-715"/>
    <nd ref="-716"/>
    <nd ref="-717"/>
    <nd ref="-718"/>
    <nd ref="-719"/>
    <nd ref="-720"/>
    <nd ref="-721"/>
    <nd ref="-722"/>
    <nd ref="-723"/>
    <nd ref="-724"/>
    <nd ref="-725"/>
    <nd ref="-726"/>
    <nd ref="-727"/>
    <nd ref="-728"/>
    <nd ref="-729"/>
    <nd ref="-730"/>
    <nd ref="-731"/>
    <nd ref="-732"/>
    <nd ref="-733"/>
    <nd ref="-734"/>
    <nd ref="-735"/>
    <nd ref="-736"/>
    <nd ref="-737"/>
    <nd ref="-738"/>
    <nd ref="-739"/>
    <nd ref="-740"/>
    <nd ref="-741"/>
    <nd ref="-742"/>
    <nd ref="-743"/>
    <nd ref="-744"/>
    <nd ref="-745"/>
    <nd ref="-746"/>
    <nd ref="-747"/>
    <nd ref="-748"/>
    <nd ref="-749"/>
    <nd ref="-750"/>
    <nd ref="-751"/>
    <nd ref="-752"/>
    <nd ref="-753"/>
    <nd ref="-754"/>
    <nd ref="-755"/>
    <nd ref="-756"/>
    <nd ref="-757"/>
    <nd ref="-758"/>
    <nd ref="-759"/>
    <nd ref="-760"/>
    <nd ref="-761"/>
    <nd ref="-762"/>
    <nd ref="-763"/>
    <nd ref="-764"/>
    <nd ref="-765"/>
    <nd ref="-766"/>
    <nd ref="-767"/>
    <nd ref="-768"/>
    <nd ref="-769"/>
    <nd ref="-770"/>
    <nd ref="-771"/>
    <nd ref="-772"/>
    <nd ref="-773"/>
    <nd ref="-774"/>
    <nd ref="-775"/>
    <nd ref="-776"/>
    <nd ref="-777"/>
    <nd ref="-778"/>
    <nd ref="-779"/>
    <nd ref="-780"/>
    <nd ref="-781"/>
    <nd ref="-782"/>
    <nd ref="-783"/>
    <nd ref="-784"/>
    <nd ref="-785"/>
    <nd ref="-786"/>
    <nd ref="-787"/>
    <nd ref="-788"/>
    <nd ref="-789"/>
    <nd ref="-790"/>
    <nd ref="-791"/>
    <nd ref="-792"/>
    <nd ref="-793"/>
    <nd ref="-794"/>
    <nd ref="-795"/>
    <nd ref="-796"/>
    <nd ref="-797"/>
    <nd ref="-798"/>
    <nd ref="-799"/>
    <nd ref="-800"/>
    <nd ref="-801"/>
    <nd ref="-802"/>
    <nd ref="-803"/>
    <nd ref="-804"/>
    <nd ref="-805"/>
    <nd ref="-806"/>
    <nd ref="-807"/>
    <nd ref="-808"/>
    <nd ref="-809"/>
    <nd ref="-810"/>
    <nd ref="-811"/>
    <nd ref="-812"/>
    <nd ref="-813"/>
    <nd ref="-814"/>
    <nd ref="-815"/>
    <nd ref="-816"/>
    <nd ref="-817"/>
    <nd ref="-818"/>
    <nd ref="-819"/>
    <nd ref="-820"/>
    <nd ref="-821"/>
    <nd ref="-822"/>
    <nd ref="-823"/>
    <nd ref="-824"/>
    <nd ref="-825"/>
    <nd ref="-826"/>
    <nd ref="-827"/>
    <nd ref="-828"/>
    <nd ref="-829"/>
    <nd ref="-830"/>
    <nd ref="-831"/>
    <nd ref="-832"/>
    <nd ref="-833"/>
    <nd ref="-834"/>
    <nd ref="-835"/>
    <nd ref="-836"/>
    <nd ref="-837"/>
    <nd ref="-838"/>
    <nd ref="-839"/>
    <nd ref="-840"/>
    <nd ref="-841"/>
    <nd ref="-842"/>
    <nd ref="-843"/>
    <nd ref="-844"/>
    <nd ref="-845"/>
    <nd ref="-846"/>
    <nd ref="-847"/>
    <nd ref="-848"/>
    <nd ref="-849"/>
    <nd ref="-850"/>
    <nd ref="-851"/>
    <nd ref="-852"/>
    <nd ref="-853"/>
    <nd ref="-854"/>
    <nd ref="-855"/>
    <nd ref="-856"/>
    <nd ref="-857"/>
    <nd ref="-858"/>
    <nd ref="-859"/>
    <nd ref="-860"/>
    <nd ref="-861"/>
    <nd ref="-862"/>
    <nd ref="-863"/>
    <nd ref="-864"/>
    <nd ref="-865"/>
    <nd ref="-866"/>
    <nd ref="-867"/>
    <nd ref="-868"/>
    <nd ref="-869"/>
    <nd ref="-870"/>
    <nd ref="-871"/>
    <nd ref="-872"/>
    <nd ref="-873"/>
    <nd ref="-874"/>
    <nd ref="-875"/>
    <nd ref="-876"/>
    <nd ref="-877"/>
    <nd ref="-878"/>
    <nd ref="-879"/>
    <nd ref="-880"/>
    <nd ref="-881"/>
    <nd ref="-882"/>
    <nd ref="-883"/>
    <nd ref="-884"/>
    <nd ref="-885"/>
    <nd ref="-886"/>
    <nd ref="-887"/>
    <nd ref="-888"/>
    <nd ref="-889"/>
    <nd ref="-890"/>
    <nd ref="-891"/>
    <nd ref="-892"/>
    <nd ref="-893"/>
    <nd ref="-894"/>
    <nd ref="-895"/>
    <nd ref="-896"/>
    <nd ref="-897"/>
    <nd ref="-898"/>
    <nd ref="-899"/>
    <nd ref="-900"/>
    <nd ref="-901"/>
    <nd ref="-902"/>
    <nd ref="-903"/>
    <nd ref="-904"/>
    <nd ref="-905"/>
    <nd ref="-906"/>
    <nd ref="-907"/>
    <nd ref="-908"/>
    <nd ref="-909"/>
    <nd ref="-910"/>
    <nd ref="-911"/>
    <nd ref="-912"/>
    <nd ref="-913"/>
    <nd ref="-914"/>
    <nd ref="-915"/>
    <nd ref="-916"/>
    <nd ref="-917"/>
    <nd ref="-918"/>
    <nd ref="-919"/>
    <nd ref="-920"/>
    <nd ref="-921"/>
    <nd ref="-922"/>
    <nd ref="-923"/>
    <nd ref="-924"/>
    <nd ref="-925"/>
    <nd ref="-926"/>
    <nd ref="-927"/>
    <nd ref="-928"/>
    <nd ref="-929"/>
    <nd ref="-930"/>
    <nd ref="-931"/>
    <nd ref="-932"/>
    <nd ref="-933"/>
    <nd ref="-934"/>
    <nd ref="-935"/>
    <nd ref="-936"/>
    <nd ref="-937"/>
    <nd ref="-938"/>
    <nd ref="-939"/>
    <nd ref="-940"/>
    <nd ref="-941"/>
    <nd ref="-942"/>
    <nd ref="-943"/>
    <nd ref="-944"/>
    <nd ref="-945"/>
    <nd ref="-946"/>
    <nd ref="-947"/>
    <nd ref="-948"/>
    <nd ref="-949"/>
    <nd ref="-950"/>
    <nd ref="-951"/>
    <nd ref="-952"/>
    <nd ref="-953"/>
    <nd ref="-954"/>
    <nd ref="-955"/>
    <nd ref="-956"/>
    <nd ref="-957"/>
    <nd ref="-958"/>
    <nd ref="-959"/>
    <nd ref="-960"/>
    <nd ref="-961"/>
    <nd ref="-962"/>
    <nd ref="-963"/>
    <nd ref="-964"/>
    <nd ref="-965"/>
    <nd ref="-966"/>
    <nd ref="-967"/>
    <nd ref="-968"/>
    <nd ref="-969"/>
    <nd ref="-970"/>
    <nd ref="-971"/>
    <nd ref="-972"/>
    <nd ref="-973"/>
    <nd ref="-974"/>
    <nd ref="-975"/>
    <nd ref="-976"/>
    <nd ref="-977"/>
    <nd ref="-978"/>
    <nd ref="-979"/>
    <nd ref="-980"/>
    <nd ref="-981"/>
    <nd ref="-982"/>
    <nd ref="-983"/>
    <nd ref="-984"/>
    <nd ref="-985"/>
    <nd ref="-986"/>
    <nd ref="-987"/>
    <nd ref="-988"/>
    <nd ref="-989"/>
    <nd ref="-990"/>
    <nd ref="-991"/>
    <nd ref="-992"/>
    <nd ref="-993"/>
    <nd ref="-994"/>
    <nd ref="-995"/>
    <nd ref="-996"/>
    <nd ref="-997"/>
    <nd ref="-998"/>
    <nd ref="-999"/>
    <nd ref="-1000"/>
    <nd ref="-1001"/>
    <nd ref="-1002"/>
    <nd ref="-1003"/>
    <nd ref="-1004"/>
    <nd ref="-1005"/>
    <nd ref="-1006"/>
    <nd ref="-1007"/>
    <nd ref="-1008"/>
    <nd ref="-1009"/>
    <nd ref="-1010"/>
    <nd ref="-1011"/>
    <nd ref="-1012"/>
    <nd ref="-1013"/>
    <nd ref="-1014"/>
    <nd ref="-1015"/>
    <nd ref="-1016"/>
    <nd ref="-1017"/>
    <nd ref="-1018"/>
    <nd ref="-1019"/>
    <nd ref="-1020"/>
    <nd ref="-1021"/>
    <nd ref="-1022"/>
    <nd ref="-1023"/>
    <nd ref="-1024"/>
    <nd ref="-1025"/>
    <nd ref="-1026"/>
    <nd ref="-1027"/>
    <nd ref="-1028"/>
    <nd ref="-1029"/>
    <nd ref="-1030"/>
    <nd ref="-1031"/>
    <nd ref="-1032"/>
    <nd ref="-1033"/>
    <nd ref="-1034"/>
    <nd ref="-1035"/>
    <nd ref="-1036"/>
    <nd ref="-1037"/>
    <nd ref="-1038"/>
    <nd ref="-1039"/>
    <nd ref="-1040"/>
    <nd ref="-1041"/>
    <nd ref="-1042"/>
    <nd ref="-1043"/>
    <nd ref="-1044"/>
    <nd ref="-1045"/>
    <nd ref="-1046"/>
    <nd ref="-1047"/>
    <nd ref="-1048"/>
    <nd ref="-1049"/>
    <nd ref="-1050"/>
    <nd ref="-1051"/>
    <nd ref="-1052"/>
    <nd ref="-1053"/>
    <nd ref="-1054"/>
    <nd ref="-1055"/>
    <nd ref="-1056"/>
    <nd ref="-1057"/>
    <nd ref="-1058"/>
    <nd ref="-1059"/>
    <nd ref="-1060"/>
    <nd ref="-1061"/>
    <nd ref="-1062"/>
    <nd ref="-1063"/>
    <nd ref="-1064"/>
    <nd ref="-1065"/>
    <nd ref="-1066"/>
    <nd ref="-1067"/>
    <nd ref="-1068"/>
    <nd ref="-1069"/>
    <nd ref="-1070"/>
    <nd ref="-1071"/>
    <nd ref="-1072"/>
    <nd ref="-1073"/>
    <nd ref="-1074"/>
    <nd ref="-1075"/>
    <nd ref="-1076"/>
    <nd ref="-1077"/>
    <nd ref="-1078"/>
    <nd ref="-1079"/>
    <nd ref="-1080"/>
    <nd ref="-1081"/>
    <nd ref="-1082"/>
    <nd ref="-1083"/>
    <nd ref="-1084"/>
    <nd ref="-1085"/>
    <nd ref="-1086"/>
    <nd ref="-1087"/>
    <nd ref="-1088"/>
    <nd ref="-1089"/>
    <nd ref="-1090"/>
    <nd ref="-1091"/>
    <nd ref="-1092"/>
    <nd ref="-1093"/>
    <nd ref="-1094"/>
    <nd ref="-1095"/>
    <nd ref="-1096"/>
    <nd ref="-1097"/>
    <nd ref="-1098"/>
    <nd ref="-1099"/>
    <nd ref="-1100"/>
    <nd ref="-1101"/>
    <nd ref="-1102"/>
    <nd ref="-1103"/>
    <nd ref="-1104"/>
    <nd ref="-1105"/>
    <nd ref="-1106"/>
    <nd ref="-1107"/>
    <nd ref="-1108"/>
    <nd ref="-1109"/>
    <nd ref="-1110"/>
    <nd ref="-1111"/>
    <nd ref="-1112"/>
    <nd ref="-1113"/>
    <nd ref="-1114"/>
    <nd ref="-1115"/>
    <nd ref="-1116"/>
    <nd ref="-1117"/>
    <nd ref="-1118"/>
    <nd ref="-1119"/>
    <nd ref="-1120"/>
    <nd ref="-1121"/>
    <nd ref="-1122"/>
    <nd ref="-1123"/>
    <nd ref="-1124"/>
    <nd ref="-1125"/>
    <nd ref="-1126"/>
    <nd ref="-1127"/>
    <nd ref="-1128"/>
    <nd ref="-1129"/>
    <nd ref="-1130"/>
    <nd ref="-1131"/>
    <nd ref="-1132"/>
    <nd ref="-1133"/>
    <nd ref="-1134"/>
    <nd ref="-1135"/>
    <nd ref="-1136"/>
    <nd ref="-1137"/>
    <nd ref="-1138"/>
    <nd ref="-1139"/>
    <nd ref="-1140"/>
    <nd ref="-1141"/>
    <nd ref="-1142"/>
    <nd ref="-1143"/>
    <nd ref="-1144"/>
    <nd ref="-1145"/>
    <nd ref="-1146"/>
    <nd ref="-1147"/>
    <nd ref="-1148"/>
    <nd ref="-1149"/>
    <nd ref="-1150"/>
    <nd ref="-1151"/>
    <nd ref="-1152"/>
    <nd ref="-1153"/>
    <nd ref="-1154"/>
    <nd ref="-1155"/>
    <nd ref="-1156"/>
    <nd ref="-1157"/>
    <nd ref="-1158"/>
    <nd ref="-1159"/>
    <nd ref="-1160"/>
    <nd ref="-1161"/>
    <nd ref="-1162"/>
    <nd ref="-1163"/>
    <nd ref="-1164"/>
    <nd ref="-1165"/>
    <nd ref="-1166"/>
    <nd ref="-1167"/>
    <nd ref="-1168"/>
    <nd ref="-1169"/>
    <nd ref="-1170"/>
    <nd ref="-1171"/>
    <nd ref="-1172"/>
    <nd ref="-1173"/>
    <nd ref="-1174"/>
    <nd ref="-1175"/>
    <nd ref="-1176"/>
    <nd ref="-1177"/>
    <nd ref="-1178"/>
    <nd ref="-1179"/>
    <nd ref="-1180"/>
    <nd ref="-1181"/>
    <nd ref="-1182"/>
    <nd ref="-1183"/>
    <nd ref="-1184"/>
    <nd ref="-1185"/>
    <nd ref="-1186"/>
    <nd ref="-1187"/>
    <nd ref="-1188"/>
    <nd ref="-1189"/>
    <nd ref="-1190"/>
    <nd ref="-1191"/>
    <nd ref="-1192"/>
    <nd ref="-1193"/>
    <nd ref="-1194"/>
    <nd ref="-1195"/>
    <nd ref="-1196"/>
    <nd ref="-1197"/>
    <nd ref="-1198"/>
    <nd ref="-1199"/>
    <nd ref="-1200"/>
    <nd ref="-1201"/>
    <nd ref="-1202"/>
    <nd ref="-1203"/>
    <nd ref="-1204"/>
    <nd ref="-1205"/>
    <nd ref="-1206"/>
    <nd ref="-1207"/>
    <nd ref="-1208"/>
    <nd ref="-1209"/>
    <nd ref="-1210"/>
    <nd ref="-1211"/>
    <nd ref="-1212"/>
    <nd ref="-1213"/>
    <nd ref="-1214"/>
    <nd ref="-1215"/>
    <nd ref="-1216"/>
    <nd ref="-1217"/>
    <nd ref="-1218"/>
    <nd ref="-1219"/>
    <nd ref="-1220"/>
    <nd ref="-1221"/>
    <nd ref="-1222"/>
    <nd ref="-1223"/>
    <nd ref="-1224"/>
    <nd ref="-1225"/>
    <nd ref="-1226"/>
    <nd ref="-1227"/>
    <nd ref="-1228"/>
    <nd ref="-1229"/>
    <nd ref="-1230"/>
    <nd ref="-1231"/>
    <nd ref="-1232"/>
    <nd ref="-1233"/>
    <nd ref="-1234"/>
    <nd ref="-1235"/>
    <nd ref="-1236"/>
    <nd ref="-1237"/>
    <nd ref="-1238"/>
    <nd ref="-1239"/>
    <nd ref="-1240"/>
    <nd ref="-1241"/>
    <nd ref="-1242"/>
    <nd ref="-1243"/>
    <nd ref="-1244"/>
    <nd ref="-1245"/>
    <nd ref="-1246"/>
    <nd ref="-1247"/>
    <nd ref="-1248"/>
    <nd ref="-1249"/>
    <nd ref="-1250"/>
    <nd ref="-1251"/>
    <nd ref="-1252"/>
    <nd ref="-1253"/>
    <nd ref="-1254"/>
    <nd ref="-1255"/>
    <nd ref="-1256"/>
    <nd ref="-1257"/>
    <nd ref="-1258"/>
    <nd ref="-1259"/>
    <nd ref="-1260"/>
    <nd ref="-1261"/>
    <nd ref="-1262"/>
    <nd ref="-1263"/>
    <nd ref="-1264"/>
    <nd ref="-1265"/>
    <nd ref="-1266"/>
    <nd ref="-1267"/>
    <nd ref="-1268"/>
    <nd ref="-1269"/>
    <nd ref="-1270"/>
    <nd ref="-1271"/>
    <nd ref="-1272"/>
    <nd ref="-1273"/>
    <nd ref="-1274"/>
    <nd ref="-1275"/>
    <nd ref="-1276"/>
    <nd ref="-1277"/>
    <nd ref="-1278"/>
    <nd ref="-1279"/>
    <nd ref="-1280"/>
    <nd ref="-1281"/>
    <nd ref="-1282"/>
    <nd ref="-1283"/>
    <nd ref="-1284"/>
    <nd ref="-1285"/>
    <nd ref="-1286"/>
    <nd ref="-1287"/>
    <nd ref="-1288"/>
    <nd ref="-1289"/>
    <nd ref="-1290"/>
    <nd ref="-1291"/>
    <nd ref="-1292"/>
    <nd ref="-1293"/>
    <nd ref="-1294"/>
    <nd ref="-1295"/>
    <nd ref="-1296"/>
    <nd ref="-1297"/>
    <nd ref="-1298"/>
    <nd ref="-1299"/>
    <nd ref="-1300"/>
    <nd ref="-1301"/>
    <nd ref="-1302"/>
    <nd ref="-1303"/>
    <nd ref="-1304"/>
    <nd ref="-1305"/>
    <nd ref="-1306"/>
    <nd ref="-1307"/>
    <nd ref="-1308"/>
    <nd ref="-1309"/>
    <nd ref="-1310"/>
    <nd ref="-1311"/>
    <nd ref="-1312"/>
    <nd ref="-1313"/>
    <nd ref="-1314"/>
    <nd ref="-1315"/>
    <nd ref="-1316"/>
    <nd ref="-1317"/>
    <nd ref="-1318"/>
    <nd ref="-1319"/>
    <nd ref="-1320"/>
    <nd ref="-1321"/>
    <nd ref="-1322"/>
    <nd ref="-1323"/>
    <nd ref="-1324"/>
    <nd ref="-1325"/>
    <nd ref="-1326"/>
    <nd ref="-1327"/>
    <nd ref="-1328"/>
    <nd ref="-1329"/>
    <nd ref="-1330"/>
    <nd ref="-1331"/>
    <nd ref="-1332"/>
    <nd ref="-1333"/>
    <nd ref="-1334"/>
    <nd ref="-1335"/>
    <nd ref="-1336"/>
    <nd ref="-1337"/>
    <nd ref="-1338"/>
    <nd ref="-1339"/>
    <nd ref="-1340"/>
    <nd ref="-1341"/>
    <nd ref="-1342"/>
    <nd ref="-1343"/>
    <nd ref="-1344"/>
    <nd ref="-1345"/>
    <nd ref="-1346"/>
    <nd ref="-1347"/>
    <nd ref="-1348"/>
    <nd ref="-1349"/>
    <nd ref="-1350"/>
    <nd ref="-1351"/>
    <nd ref="-1352"/>
    <nd ref="-1353"/>
    <nd ref="-1354"/>
    <nd ref="-1355"/>
    <nd ref="-1356"/>
    <nd ref="-1357"/>
    <nd ref="-1358"/>
    <nd ref="-1359"/>
    <nd ref="-1360"/>
    <nd ref="-1361"/>
    <nd ref="-1362"/>
    <nd ref="-1363"/>
    <nd ref="-1364"/>
    <nd ref="-1365"/>
    <nd ref="-1366"/>
    <nd ref="-1367"/>
    <nd ref="-1368"/>
    <nd ref="-1369"/>
    <nd ref="-1370"/>
    <nd ref="-1371"/>
    <nd ref="-1372"/>
    <nd ref="-1373"/>
    <nd ref="-1374"/>
    <nd ref="-1375"/>
    <nd ref="-1376"/>
    <nd ref="-1377"/>
    <nd ref="-1378"/>
    <nd ref="-1379"/>
    <nd ref="-1380"/>
    <nd ref="-1381"/>
    <nd ref="-1382"/>
    <nd ref="-1383"/>
    <nd ref="-1384"/>
    <nd ref="-1385"/>
    <nd ref="-1386"/>
    <nd ref="-1387"/>
    <nd ref="-1388"/>
    <nd ref="-1389"/>
    <nd ref="-1390"/>
    <nd ref="-1391"/>
    <nd ref="-1392"/>
    <nd ref="-1393"/>
    <nd ref="-1394"/>
    <nd ref="-1395"/>
    <nd ref="-1396"/>
    <nd ref="-1397"/>
    <nd ref="-1398"/>
    <nd ref="-1399"/>
    <nd ref="-1400"/>
    <nd ref="-1401"/>
    <nd ref="-1402"/>
    <nd ref="-1403"/>
    <nd ref="-1404"/>
    <nd ref="-1405"/>
    <nd ref="-1406"/>
    <nd ref="-1407"/>
    <nd ref="-1408"/>
    <nd ref="-1409"/>
    <nd ref="-1410"/>
    <nd ref="-1411"/>
    <nd ref="-1412"/>
    <nd ref="-1413"/>
    <nd ref="-1414"/>
    <nd ref="-1415"/>
    <nd ref="-1416"/>
    <nd ref="-1417"/>
    <nd ref="-1418"/>
    <nd ref="-1419"/>
    <nd ref="-1420"/>
    <nd ref="-1421"/>
    <nd ref="-1422"/>
    <nd ref="-1423"/>
    <nd ref="-1424"/>
    <nd ref="-1425"/>
    <nd ref="-1426"/>
    <nd ref="-1427"/>
    <nd ref="-1428"/>
    <nd ref="-1429"/>
    <nd ref="-1430"/>
    <nd ref="-1431"/>
    <nd ref="-1432"/>
    <nd ref="-1433"/>
    <nd ref="-1434"/>
    <nd ref="-1435"/>
    <nd ref="-1436"/>
    <nd ref="-1437"/>
    <nd ref="-1438"/>
    <nd ref="-1439"/>
    <nd ref="-1440"/>
    <nd ref="-1441"/>
    <nd ref="-1442"/>
    <nd ref="-1443"/>
    <nd ref="-1444"/>
    <nd ref="-1445"/>
    <nd ref="-1446"/>
    <nd ref="-1447"/>
    <nd ref="-1448"/>
    <nd ref="-1449"/>
    <nd ref="-1450"/>
    <nd ref="-1451"/>
    <nd ref="-1452"/>
    <nd ref="-1453"/>
    <nd ref="-1454"/>
    <nd ref="-1455"/>
    <nd ref="-1456"/>
    <nd ref="-1457"/>
    <nd ref="-1458"/>
    <nd ref="-1459"/>
    <nd ref="-1460"/>
    <nd ref="-1461"/>
    <nd ref="-1462"/>
    <nd ref="-1463"/>
    <nd ref="-1464"/>
    <nd ref="-1465"/>
    <nd ref="-1466"/>
    <nd ref="-1467"/>
    <nd ref="-1468"/>
    <nd ref="-1469"/>
    <nd ref="-1470"/>
    <nd ref="-1471"/>
    <nd ref="-1472"/>
    <nd ref="-1473"/>
    <nd ref="-1474"/>
    <nd ref="-1475"/>
    <nd ref="-1476"/>
    <nd ref="-1477"/>
    <nd ref="-1478"/>
    <nd ref="-1479"/>
    <nd ref="-1480"/>
    <nd ref="-1481"/>
    <nd ref="-1482"/>
    <nd ref="-1483"/>
    <nd ref="-1484"/>
    <nd ref="-1485"/>
    <nd ref="-1486"/>
    <nd ref="-1487"/>
    <nd ref="-1488"/>
    <nd ref="-1489"/>
    <nd ref="-1490"/>
    <nd ref="-1491"/>
    <nd ref="-1492"/>
    <nd ref="-1493"/>
    <nd ref="-1494"/>
    <nd ref="-1495"/>
    <nd ref="-1496"/>
    <nd ref="-1497"/>
    <nd ref="-1498"/>
    <nd ref="-1499"/>
    <nd ref="-1500"/>
    <nd ref="-1501"/>
    <nd ref="-1502"/>
    <nd ref="-1503"/>
    <nd ref="-1504"/>
    <nd ref="-1505"/>
    <nd ref="-1506"/>
    <nd ref="-1507"/>
    <nd ref="-1508"/>
    <nd ref="-1509"/>
    <nd ref="-1510"/>
    <nd ref="-1511"/>
    <nd ref="-1512"/>
    <nd ref="-1513"/>
    <nd ref="-1514"/>
    <nd ref="-1515"/>
    <nd ref="-1516"/>
    <nd ref="-1517"/>
    <nd ref="-1518"/>
    <nd ref="-1519"/>
    <nd ref="-1520"/>
    <nd ref="-1521"/>
    <nd ref="-1522"/>
    <nd ref="-1523"/>
    <nd ref="-1524"/>
    <nd ref="-1525"/>
    <nd ref="-1526"/>
    <nd ref="-1527"/>
    <nd ref="-1528"/>
    <nd ref="-1529"/>
    <nd ref="-1530"/>
    <nd ref="-1531"/>
    <nd ref="-1532"/>
    <nd ref="-1533"/>
    <nd ref="-1534"/>
    <nd ref="-1535"/>
    <nd ref="-1536"/>
    <nd ref="-1537"/>
    <nd ref="-1538"/>
    <nd ref="-1539"/>
    <nd ref="-1540"/>
    <nd ref="-1541"/>
    <nd ref="-1542"/>
    <nd ref="-1543"/>
    <nd ref="-1544"/>
    <nd ref="-1545"/>
    <nd ref="-1546"/>
    <nd ref="-1547"/>
    <nd ref="-1548"/>
    <nd ref="-1549"/>
    <nd ref="-1550"/>
    <nd ref="-1551"/>
    <nd ref="-1552"/>
    <nd ref="-1553"/>
    <nd ref="-1554"/>
    <nd ref="-1555"/>
    <nd ref="-1556"/>
    <nd ref="-1557"/>
    <nd ref="-1558"/>
    <nd ref="-1559"/>
    <nd ref="-1560"/>
    <nd ref="-1561"/>
    <nd ref="-1562"/>
    <nd ref="-1563"/>
    <nd ref="-1564"/>
    <nd ref="-1565"/>
    <nd ref="-1566"/>
    <nd ref="-1567"/>
    <nd ref="-1568"/>
    <nd ref="-1569"/>
    <nd ref="-1570"/>
    <nd ref="-1571"/>
    <nd ref="-1572"/>
    <nd ref="-1573"/>
    <nd ref="-1574"/>
    <nd ref="-1575"/>
    <nd ref="-1576"/>
    <nd ref="-1577"/>
    <nd ref="-1578"/>
    <nd ref="-1579"/>
    <nd ref="-1580"/>
    <nd ref="-1581"/>
    <nd ref="-1582"/>
    <nd ref="-1583"/>
    <nd ref="-1584"/>
    <nd ref="-1585"/>
    <nd ref="-1586"/>
    <nd ref="-1587"/>
    <nd ref="-1588"/>
    <nd ref="-1589"/>
    <nd ref="-1590"/>
    <nd ref="-1591"/>
    <nd ref="-1592"/>
    <nd ref="-1593"/>
    <nd ref="-1594"/>
    <nd ref="-1595"/>
    <nd ref="-1596"/>
    <nd ref="-1597"/>
    <nd ref="-1598"/>
    <nd ref="-1599"/>
    <nd ref="-1600"/>
    <nd ref="-1601"/>
    <nd ref="-1602"/>
    <nd ref="-1603"/>
    <nd ref="-1604"/>
    <nd ref="-1605"/>
    <nd ref="-1606"/>
    <nd ref="-1607"/>
    <nd ref="-1608"/>
    <nd ref="-1609"/>
    <nd ref="-1610"/>
    <nd ref="-1611"/>
    <nd ref="-1612"/>
    <nd ref="-1613"/>
    <nd ref="-1614"/>
    <nd ref="-1615"/>
    <nd ref="-1616"/>
    <nd ref="-1617"/>
    <nd ref="-1618"/>
    <nd ref="-1619"/>
    <nd ref="-1620"/>
    <nd ref="-1621"/>
    <nd ref="-1622"/>
    <nd ref="-1623"/>
    <nd ref="-1624"/>
    <nd ref="-1625"/>
    <nd ref="-1626"/>
    <nd ref="-1627"/>
    <nd ref="-1628"/>
    <nd ref="-1629"/>
    <nd ref="-1630"/>
    <nd ref="-1631"/>
    <nd ref="-1632"/>
    <nd ref="-1633"/>
    <nd ref="-1634"/>
    <nd ref="-1635"/>
    <nd ref="-1636"/>
    <nd ref="-1637"/>
    <nd ref="-1638"/>
    <nd ref="-1639"/>
    <nd ref="-1640"/>
    <nd ref="-1641"/>
    <nd ref="-1642"/>
    <nd ref="-1643"/>
    <nd ref="-1644"/>
    <nd ref="-1645"/>
    <nd ref="-1646"/>
    <nd ref="-1647"/>
    <nd ref="-1648"/>
    <nd ref="-1649"/>
    <nd ref="-1650"/>
    <nd ref="-1651"/>
    <nd ref="-1652"/>
    <nd ref="-1653"/>
    <nd ref="-1654"/>
    <nd ref="-1655"/>
    <nd ref="-1656"/>
    <nd ref="-1657"/>
    <nd ref="-1658"/>
    <nd ref="-1659"/>
    <nd ref="-1660"/>
    <nd ref="-1661"/>
    <nd ref="-1662"/>
    <nd ref="-1663"/>
    <nd ref="-1664"/>
    <nd ref="-1665"/>
    <nd ref="-1666"/>
    <nd ref="-1667"/>
    <nd ref="-1668"/>
    <nd ref="-1669"/>
    <nd ref="-1670"/>
    <nd ref="-1671"/>
    <nd ref="-1672"/>
    <nd ref="-1673"/>
    <nd ref="-1674"/>
    <nd ref="-1675"/>
    <nd ref="-1676"/>
    <nd ref="-1677"/>
    <nd ref="-1678"/>
    <nd ref="-1679"/>
    <nd ref="-1680"/>
    <nd ref="-1681"/>
    <nd ref="-1682"/>
    <nd ref="-1683"/>
    <nd ref="-1684"/>
    <nd ref="-1685"/>
    <nd ref="-1686"/>
    <nd ref="-1687"/>
    <nd ref="-1688"/>
    <nd ref="-1689"/>
    <nd ref="-1690"/>
    <nd ref="-1691"/>
    <nd ref="-1692"/>
    <nd ref="-1693"/>
    <nd ref="-1694"/>
    <nd ref="-1695"/>
    <nd ref="-1696"/>
    <nd ref="-1697"/>
    <nd ref="-1698"/>
    <nd ref="-1699"/>
    <nd ref="-1700"/>
    <nd ref="-1701"/>
    <nd ref="-1702"/>
    <nd ref="-1703"/>
    <nd ref="-1704"/>
    <nd ref="-1705"/>
    <nd ref="-1706"/>
    <nd ref="-1707"/>
    <nd ref="-1708"/>
    <nd ref="-1709"/>
    <nd ref="-1710"/>
    <nd ref="-1711"/>
    <nd ref="-1712"/>
    <nd ref="-1713"/>
    <nd ref="-1714"/>
    <nd ref="-1715"/>
    <nd ref="-1716"/>
    <nd ref="-1717"/>
    <nd ref="-1718"/>
    <nd ref="-1719"/>
    <nd ref="-1720"/>
    <nd ref="-1721"/>
    <nd ref="-1722"/>
    <nd ref="-1723"/>
    <nd ref="-1724"/>
    <nd ref="-1725"/>
    <nd ref="-1726"/>
    <nd ref="-1727"/>
    <nd ref="-1728"/>
    <nd ref="-1729"/>
    <nd ref="-1730"/>
    <nd ref="-1731"/>
    <nd ref="-1732"/>
    <nd ref="-1733"/>
    <nd ref="-1734"/>
    <nd ref="-1735"/>
    <nd ref="-1736"/>
    <nd ref="-1737"/>
    <nd ref="-1738"/>
    <nd ref="-1739"/>
    <nd ref="-1740"/>
    <nd ref="-1741"/>
    <nd ref="-1742"/>
    <nd ref="-1743"/>
    <nd ref="-1744"/>
    <nd ref="-1745"/>
    <nd ref="-1746"/>
    <nd ref="-1747"/>
    <nd ref="-1748"/>
    <nd ref="-1749"/>
    <nd ref="-1750"/>
    <nd ref="-1751"/>
    <nd ref="-1752"/>
    <nd ref="-1753"/>
    <nd ref="-1754"/>
    <nd ref="-1755"/>
    <nd ref="-1756"/>
    <nd ref="-1757"/>
    <nd ref="-1758"/>
    <nd ref="-1759"/>
    <nd ref="-1760"/>
    <nd ref="-1761"/>
    <nd ref="-1762"/>
    <nd ref="-1763"/>
    <nd ref="-1764"/>
    <nd ref="-1765"/>
    <nd ref="-1766"/>
    <nd ref="-1767"/>
    <nd ref="-1768"/>
    <nd ref="-1769"/>
    <nd ref="-1770"/>
    <nd ref="-1771"/>
    <nd ref="-1772"/>
    <nd ref="-1773"/>
    <nd ref="-1774"/>
    <nd ref="-1775"/>
    <nd ref="-1776"/>
    <nd ref="-1777"/>
    <nd ref="-1778"/>
    <nd ref="-1779"/>
    <nd ref="-1780"/>
    <nd ref="-1781"/>
    <nd ref="-1782"/>
    <nd ref="-1783"/>
    <nd ref="-1784"/>
    <nd ref="-1785"/>
    <nd ref="-1786"/>
    <nd ref="-1787"/>
    <nd ref="-1788"/>
    <nd ref="-1789"/>
    <nd ref="-1790"/>
    <nd ref="-1791"/>
    <nd ref="-1792"/>
    <nd ref="-1793"/>
    <nd ref="-1794"/>
    <nd ref="-1795"/>
    <nd ref="-1796"/>
    <nd ref="-1797"/>
    <nd ref="-1798"/>
    <nd ref="-1799"/>
    <nd ref="-1800"/>
    <nd ref="-1801"/>
    <nd ref="-1802"/>
    <nd ref="-1803"/>
    <nd ref="-1804"/>
    <nd ref="-1805"/>
    <nd ref="-1806"/>
    <nd ref="-1807"/>
    <nd ref="-1808"/>
    <nd ref="-1809"/>
    <nd ref="-1810"/>
    <nd ref="-1811"/>
    <nd ref="-1812"/>
    <nd ref="-1813"/>
    <nd ref="-1814"/>
    <nd ref="-1815"/>
    <nd ref="-1816"/>
    <nd ref="-1817"/>
    <nd ref="-1818"/>
    <nd ref="-1819"/>
    <nd ref="-1820"/>
    <nd ref="-1821"/>
    <nd ref="-1822"/>
    <nd ref="-1823"/>
    <nd ref="-1824"/>
    <nd ref="-1825"/>
    <nd ref="-1826"/>
    <nd ref="-1827"/>
    <nd ref="-1828"/>
    <nd ref="-1829"/>
    <nd ref="-1830"/>
    <nd ref="-1831"/>
    <nd ref="-1832"/>
    <nd ref="-1833"/>
    <nd ref="-1834"/>
    <nd ref="-1835"/>
    <nd ref="-1836"/>
    <nd ref="-1837"/>
    <nd ref="-1838"/>
    <nd ref="-1839"/>
    <nd ref="-1840"/>
    <nd ref="-1841"/>
    <nd ref="-1842"/>
    <nd ref="-1843"/>
    <nd ref="-1844"/>
    <nd ref="-1845"/>
    <nd ref="-1846"/>
    <nd ref="-1847"/>
    <nd ref="-1848"/>
    <nd ref="-1849"/>
    <nd ref="-1850"/>
    <nd ref="-1851"/>
    <nd ref="-1852"/>
    <nd ref="-1853"/>
    <nd ref="-1854"/>
    <nd ref="-1855"/>
    <nd ref="-1856"/>
    <nd ref="-1857"/>
    <nd ref="-1858"/>
    <nd ref="-1"/>
  </way>

  <relation id="-1860" action="create">
    <member type="way" ref="-1859" role="outer"/>
    <tag k="type" v="boundary"/>
    <tag k="boundary" v="administrative"/>
    <tag k="admin_level" v="8"/>
    <tag k="name" v="Municipio San Pedro de Tiquina"/>
    <tag k="is_in:country" v="Bolivia"/>
    <tag k="is_in:state" v="La Paz"/>
    <tag k="is_in:province" v="Manco Kapac"/>
    <tag k="wikidata" v="Q1819398"/>
    <tag k="source" v="Instituto Nacional de Estadistica - Bolivia (humdata.org)"/>
  </relation>

</osm>
